    Finished `dev` profile [unoptimized + debuginfo] target(s) in 0.02s
     Running `target/debug/xtask test`
=== Running Verification Tests ===
Local target checking validation...
    Finished `dev` profile [unoptimized + debuginfo] target(s) in 0.03s
Running host-testable kernel, ABI, and core unit tests...
    Finished `test` profile [unoptimized + debuginfo] target(s) in 0.01s
     Running unittests src/lib.rs (target/debug/deps/kernel-94afe3477c5be71e)

running 22 tests
test arch::x86_64::acpi::tests::discovers_local_apic_from_madt_header ... ok
test arch::x86_64::acpi::tests::local_apic_override_supersedes_madt_header ... ok
test arch::x86_64::apic::tests::extracts_pat_entry_three ... ok
test arch::x86_64::diagnostics::tests::stack_bounds_require_an_aligned_complete_frame ... ok
test arch::x86_64::pci::tests::test_parse_mcfg_segments ... ok
test arch::x86_64::acpi::tests::rejects_malformed_madt_subtable ... ok
test arch::x86_64::acpi::tests::rejects_misaligned_xsdt_entry_array ... ok
test arch::x86_64::acpi::tests::rejects_invalid_rsdp_checksum ... ok
test arch::x86_64::smp::tests::cpu_local_cache_line_alignment ... ok
test arch::x86_64::syscall::tests::sysret_validation_rejects_hostile_return_addresses_and_flags ... ok
test arch::x86_64::user_copy::tests::user_range_accepts_the_last_user_byte ... ok
test arch::x86_64::smp::tests::test_max_cpus_capacity_and_madt ... ok
test arch::x86_64::user_copy::tests::copy_length_cannot_exceed_kernel_slice ... ok
test arch::x86_64::user::tests::validator_rejects_hostile_return_state ... ok
test memory::physical::tests::bitmap_deallocation_makes_frame_available_again ... ok
test arch::x86_64::user::tests::fixed_probe_frame_is_valid ... ok
test global::tests::test_parallel_level_4_nesting_panics - should panic ... ok
test global::tests::test_valid_lock_ordering_sequence ... ok
test global::tests::test_invalid_lock_ordering_inversion_panics - should panic ... ok
test memory::boot::tests::sorts_regions_by_start_then_type_then_length ... ok
test memory::boot::tests::only_usable_memory_is_allocator_eligible ... ok
test memory::physical::tests::bitmap_skips_reserved_bootstrap_frames ... ok

test result: ok. 22 passed; 0 failed; 0 ignored; 0 measured; 0 filtered out; finished in 0.00s

    Finished `test` profile [unoptimized + debuginfo] target(s) in 0.01s
     Running unittests src/lib.rs (target/debug/deps/gax_storage_engine-f20283393cfefd01)

running 10 tests
test extent_allocator::tests::test_extent_allocation_and_deallocation ... ok
test integrity::tests::test_checksum_computation_and_verification ... ok
test journal::tests::test_journal_record_serialization ... ok
test object_header::tests::test_object_header_serialization_with_relationships ... ok
test superblock::tests::test_dual_superblock_crash_recovery ... ok
test superblock::tests::test_superblock_serialization_round_trip ... ok
test tests::test_bitrot_payload_checksum_scrubbing ... ok
test tests::test_gaxfs_simulated_crash_recovery_and_superblock_rollback ... ok
test tests::test_storage_engine_format_write_read_cycle ... ok
test tests::test_hundred_generations_commit_rollover ... ok

test result: ok. 10 passed; 0 failed; 0 ignored; 0 measured; 0 filtered out; finished in 0.00s

     Running unittests src/lib.rs (target/debug/deps/gaxera_abi-49d6290a90f31c3b)

running 7 tests
test ipc::tests::inline_message_full_length ... ok
test ipc::tests::transfer_descriptor_representation ... ok
test ipc::tests::inline_message_oversized_rejection ... ok
test ipc::tests::reply_token_encoding ... ok
test service::tests::test_service_wire_roundtrip_and_malformed_rejection ... ok
test ipc::tests::inline_message_zero_length ... ok
test tests::test_object_type_set_completeness ... ok

test result: ok. 7 passed; 0 failed; 0 ignored; 0 measured; 0 filtered out; finished in 0.00s

     Running unittests src/lib.rs (target/debug/deps/gaxfs_event_log-9c7574cbd1bb51d3)

running 5 tests
test checkpoint::tests::test_checkpoint_tracking_and_lowest_sequence ... ok
test log::tests::test_ring_buffer_multi_wrap_around_and_pruning ... ok
test log::tests::test_subscriber_registration_and_event_publishing ... ok
test ring_buffer::tests::test_ring_buffer_push_and_read ... ok
test log::tests::test_subscriber_self_healing_rehydration ... ok

test result: ok. 5 passed; 0 failed; 0 ignored; 0 measured; 0 filtered out; finished in 0.00s

     Running unittests src/lib.rs (target/debug/deps/gaxfs_types-c7163ee9a255c14e)

running 4 tests
test capabilities::tests::test_revocation_behavior ... ok
test object_id::tests::test_nil_id ... ok
test capabilities::tests::test_rights_attenuation_and_amplification_prevention ... ok
test object_id::tests::test_uuidv7_construction_and_ordering ... ok

test result: ok. 4 passed; 0 failed; 0 ignored; 0 measured; 0 filtered out; finished in 0.00s

     Running unittests src/lib.rs (target/debug/deps/gaxfs_vector_index-c0428180acf62ac2)

running 3 tests
test vector_index::tests::test_vector_search_with_capability_isolation ... ok
test quantization::tests::test_turboquant_lloyd_max_renormalized_compression ... ok
test vector_index::tests::test_512_dim_high_dimensional_vector_recall_benchmark ... ok

test result: ok. 3 passed; 0 failed; 0 ignored; 0 measured; 0 filtered out; finished in 0.00s

     Running unittests src/lib.rs (target/debug/deps/kernel_core-d8a3e48bb5dcd5f7)

running 93 tests
test affinity::tests::test_cpu_affinity_mask_operations ... ok
test contiguous_frame::tests::contiguous_frame_properties_and_mapping_counts ... ok
test address_space::tests::address_space_move_only_and_non_owning_token ... ok
test elf::tests::test_elf_rejects_vaddr_overflow_into_kernel ... ok
test elf::tests::test_elf_accepts_max_user_vaddr_segment ... ok
test elf::tests::test_invalid_alignment ... ok
test elf::tests::test_elf_rejects_kernel_vaddr_segment ... ok
test elf::tests::test_invalid_ehsize ... ok
test elf::tests::test_invalid_phentsize ... ok
test elf::tests::test_malformed_pt_load_arithmetic_overflow ... ok
test elf::tests::test_malformed_pt_load_filesz_greater_than_memsz ... ok
test elf::tests::test_truncated_buffer_smaller_than_header ... ok
test elf::tests::test_truncated_program_headers ... ok
test elf::tests::test_malformed_pt_load_out_of_bounds_file_offset ... ok
test elf::tests::test_valid_elf ... ok
test ipc::tests::endpoint_caller_cancelled_while_queued ... ok
test elf::tests::test_wx_simultaneous_permission_rejection ... ok
test ipc::tests::endpoint_caller_first_rendezvous ... ok
test ipc::tests::endpoint_close_effects ... ok
test interrupt::tests::interrupt_object_binding_and_masking ... ok
test ipc::tests::endpoint_fifo_order_preserved_across_multiple_cycles ... ok
test ipc::tests::endpoint_closes_while_callers_waiting_and_server_crash ... ok
test ipc::tests::endpoint_multiclient_caller_queueing ... ok
test ipc::tests::endpoint_queue_capacity_exact_32_and_33rd_rejected ... ok
test ipc::tests::endpoint_second_receiver_rejected ... ok
test ipc::tests::test_endpoint_notify_thread_terminated_dead_caller ... ok
test ipc::tests::endpoint_receiver_first_rendezvous ... ok
test ipc::tests::test_ipc_reply_token_sequence_uniqueness ... ok
test mapping::tests::double_unmap_rejection ... ok
test mapping::tests::mapping_bridge_creation_and_validation ... ok
test ipc::tests::capability_transfer_transaction_all_or_nothing ... ok
test memory::tests::case_a_ordinary_process_exit_reclamation ... ok
test notification::tests::notification_wait_with_pending_signals_returns_immediately ... ok
test notification::tests::notification_wait_without_signals_records_waiter ... ok
test memory::tests::case_c_supervisor_revocation_lineage_cascade ... ok
test registry::tests::test_registry_insert_get ... ok
test registry::tests::test_registry_remove ... ok
test resource::tests::resource_domain_memory_quota_charge_and_rollback ... ok
test scheduler::tests::committed_yield_rotates_fifo_without_allocation ... ok
test scheduler::tests::contains_reports_presence ... ok
test ipc::tests::endpoint_reply_stale_or_forged ... ok
test scheduler::tests::current_thread_cannot_be_enqueued ... ok
test scheduler::tests::dequeue_returns_fifo_order ... ok
test scheduler::tests::enqueue_rejects_full_queue ... ok
test memory::tests::case_b_delegated_memory_survival_after_creator_exit ... ok
test scheduler::tests::scheduler_apply_wake ... ok
test ipc::tests::test_exhaustive_ipc_rights_matrix_validation ... ok
test scheduler::tests::scheduler_priority_ordering ... ok
test scheduler::tests::scheduler_block_current ... ok
test scheduler::tests::scheduler_quantum_tracking ... ok
test scheduler::tests::scheduler_queue_logic ... ok
test notification::tests::notification_signal_coalescing_and_take ... ok
test scheduler_domain::tests::test_64_core_thread_ownership_exclusivity_invariant ... ok
test scheduler_domain::tests::test_64_core_work_stealing_and_affinity_enforcement ... ok
test scheduler::tests::enqueue_rejects_duplicate ... ok
test scheduler_domain::tests::test_64_core_topology_full_mesh_migration ... ok
test slab::tests::slab_cache_hardening_validation ... ok
test scheduler_domain::tests::test_scheduler_domain_migration_protocol ... ok
test tests::deleting_a_parent_handle_does_not_revoke_a_child ... ok
test tests::derivation_can_only_narrow_rights ... ok
test tests::destroyed_objects_invalidate_existing_capabilities ... ok
test slab::tests::slab_cache_allocation_and_deallocation ... ok
test tests::generational_handle_invalidation_prevents_stale_access ... ok
test tests::object_creation_is_fallible_and_reuse_invalidates_stale_identity ... ok
test tests::factory_and_resourcedomain_correctness_tests ... ok
test tests::resource_limits_are_recoverable_errors ... ok
test notification::tests::notification_signal_wakes_waiting_thread ... ok
test scheduler_domain::tests::test_64_core_multi_queue_work_stealing_stress ... ok
test tests::revocation_invalidates_descendants_across_spaces ... ok
test tests::three_tier_cascade_revocation_across_spaces ... ok
test tests::two_independent_delegations_selective_revocation_test ... ok
test notification::tests::notification_close_effects ... ok
test registry::tests::test_registry_get_mut ... ok
test tests::prepared_transfer_rolls_back_when_target_cannot_accept_it ... ok
test timer::tests::timer_object_arm_fire_cancel ... ok
test timer::tests::timer_object_rearm ... ok
test time::tests::deadline_ordering_and_expiry ... ok
test timer::tests::timer_queue_advance_and_remove ... ok
test timer::tests::timer_object_close ... ok
test tests::scheduler_queue_logic ... ok
test time::tests::monotonic_clock_advance ... ok
test waitset::tests::waitset_add_remove_subscription ... ok
test waitset::tests::waitset_post_event_and_atomic_wait ... ok
test waitset::tests::waitset_capacity_limits_and_closed_rejection ... ok
test timer::tests::timer_queue_ordering_and_capacity ... ok
test waitset::tests::waitset_fifo_ordering_and_wake_before_wait_race_prevention ... ok
test waitset::tests::waitset_remove_subscription_purges_pending_events ... ok
test waitset::tests::waitset_signal_coalescing ... ok
test time::tests::display_format ... ok
test thread::tests::thread_priority_inheritance_boost_and_restore ... ok
test tests::rights_subset_matrix_is_exhaustive_for_all_initial_bits ... ok
test time::tests::ticks_arithmetic ... ok
test tests::thread_state_transitions ... ok

test result: ok. 93 passed; 0 failed; 0 ignored; 0 measured; 0 filtered out; finished in 0.00s

     Running unittests src/lib.rs (target/debug/deps/query_planner-757d6e3ec57b180c)

running 3 tests
test planner::tests::test_planner_selective_index_pruning ... ok
test planner::tests::test_multi_predicate_intersection_and_short_circuit ... ok
test builder::tests::test_query_builder_fluent_api ... ok

test result: ok. 3 passed; 0 failed; 0 ignored; 0 measured; 0 filtered out; finished in 0.00s

     Running tests/end_to_end_integration.rs (target/debug/deps/end_to_end_integration-c6223a52b12d8787)

running 1 test
test test_milestone_093_full_system_integration ... ok

test result: ok. 1 passed; 0 failed; 0 ignored; 0 measured; 0 filtered out; finished in 0.00s

   Doc-tests gax_storage_engine

running 0 tests

test result: ok. 0 passed; 0 failed; 0 ignored; 0 measured; 0 filtered out; finished in 0.00s

   Doc-tests gaxera_abi

running 0 tests

test result: ok. 0 passed; 0 failed; 0 ignored; 0 measured; 0 filtered out; finished in 0.00s

   Doc-tests gaxfs_event_log

running 0 tests

test result: ok. 0 passed; 0 failed; 0 ignored; 0 measured; 0 filtered out; finished in 0.00s

   Doc-tests gaxfs_types

running 0 tests

test result: ok. 0 passed; 0 failed; 0 ignored; 0 measured; 0 filtered out; finished in 0.00s

   Doc-tests gaxfs_vector_index

running 0 tests

test result: ok. 0 passed; 0 failed; 0 ignored; 0 measured; 0 filtered out; finished in 0.00s

   Doc-tests kernel_core

running 0 tests

test result: ok. 0 passed; 0 failed; 0 ignored; 0 measured; 0 filtered out; finished in 0.00s

   Doc-tests query_planner

running 0 tests

test result: ok. 0 passed; 0 failed; 0 ignored; 0 measured; 0 filtered out; finished in 0.00s

Strictly linting host ABI, core, and GaxFS crates...
    Finished `dev` profile [unoptimized + debuginfo] target(s) in 0.03s
Strictly linting every guest test profile...
Linting kernel profile: normal
    Finished `dev` profile [unoptimized + debuginfo] target(s) in 0.04s
Linting kernel profile: boot
    Finished `dev` profile [unoptimized + debuginfo] target(s) in 0.03s
Linting kernel profile: panic
    Finished `dev` profile [unoptimized + debuginfo] target(s) in 0.04s
Linting kernel profile: memory
    Finished `dev` profile [unoptimized + debuginfo] target(s) in 0.04s
Linting kernel profile: heap-guard
    Finished `dev` profile [unoptimized + debuginfo] target(s) in 0.04s
Linting kernel profile: apic-timer
    Finished `dev` profile [unoptimized + debuginfo] target(s) in 0.03s
Linting kernel profile: user-transition
    Finished `dev` profile [unoptimized + debuginfo] target(s) in 0.04s
Linting kernel profile: user-privilege
    Finished `dev` profile [unoptimized + debuginfo] target(s) in 0.03s
Linting kernel profile: user-invalid-frame
    Finished `dev` profile [unoptimized + debuginfo] target(s) in 0.03s
Linting kernel profile: syscall-round-trip
    Finished `dev` profile [unoptimized + debuginfo] target(s) in 0.03s
Linting kernel profile: user-copy-fault
    Finished `dev` profile [unoptimized + debuginfo] target(s) in 0.04s
Linting kernel profile: cooperative-yield
    Finished `dev` profile [unoptimized + debuginfo] target(s) in 0.03s
Linting kernel profile: context-preservation
    Finished `dev` profile [unoptimized + debuginfo] target(s) in 0.03s
Linting kernel profile: ipc-test
    Finished `dev` profile [unoptimized + debuginfo] target(s) in 0.03s
Linting kernel profile: preemption
    Finished `dev` profile [unoptimized + debuginfo] target(s) in 0.03s
Linting kernel profile: frame-recycling
    Finished `dev` profile [unoptimized + debuginfo] target(s) in 0.03s
Linting kernel profile: slab-allocation
    Finished `dev` profile [unoptimized + debuginfo] target(s) in 0.03s
Linting kernel profile: unmap-memory
    Finished `dev` profile [unoptimized + debuginfo] target(s) in 0.03s
Linting kernel profile: shared-memory
    Finished `dev` profile [unoptimized + debuginfo] target(s) in 0.03s
Linting kernel profile: ipc-multiclient
    Finished `dev` profile [unoptimized + debuginfo] target(s) in 0.03s
Linting kernel profile: ipc-waitset
    Finished `dev` profile [unoptimized + debuginfo] target(s) in 0.03s
Linting kernel profile: ipc-priority-inheritance
    Finished `dev` profile [unoptimized + debuginfo] target(s) in 0.04s
Linting kernel profile: interrupt-notification
    Finished `dev` profile [unoptimized + debuginfo] target(s) in 0.03s
Linting kernel profile: mmio-driver
    Finished `dev` profile [unoptimized + debuginfo] target(s) in 0.03s
Linting kernel profile: userspace-runtime
    Finished `dev` profile [unoptimized + debuginfo] target(s) in 0.03s
Linting kernel profile: ring3-heap
    Finished `dev` profile [unoptimized + debuginfo] target(s) in 0.04s
Linting kernel profile: service-registry
    Finished `dev` profile [unoptimized + debuginfo] target(s) in 0.04s
Linting kernel profile: ipc-benchmark
    Finished `dev` profile [unoptimized + debuginfo] target(s) in 0.04s
Linting kernel profile: exception-breakpoint
    Finished `dev` profile [unoptimized + debuginfo] target(s) in 0.04s
Linting kernel profile: divide-error
    Finished `dev` profile [unoptimized + debuginfo] target(s) in 0.04s
Linting kernel profile: invalid-opcode
    Finished `dev` profile [unoptimized + debuginfo] target(s) in 0.04s
Linting kernel profile: general-protection
    Finished `dev` profile [unoptimized + debuginfo] target(s) in 0.04s
Linting kernel profile: page-fault
    Finished `dev` profile [unoptimized + debuginfo] target(s) in 0.03s
Linting kernel profile: double-fault
    Finished `dev` profile [unoptimized + debuginfo] target(s) in 0.03s
Executing UEFI guest-confirmed integration checks...
=== Building Gaxera Kernel ISO ===
Compiling kernel binary...
    Finished `dev` profile [unoptimized + debuginfo] target(s) in 0.06s
Compiling guest binary (init)...
    Finished `dev` profile [unoptimized + debuginfo] target(s) in 0.03s
Assembling ISO directory structure...
Compiling ramfs binary...
    Finished `dev` profile [unoptimized + debuginfo] target(s) in 0.03s
Compiling script_session binary...
    Finished `dev` profile [unoptimized + debuginfo] target(s) in 0.03s
Packaging GaxFS ramfs.img...
Packaging bootable ISO image via xorriso...
xorriso 1.5.6 : RockRidge filesystem manipulator, libburnia project.

Drive current: -outdev 'stdio:target/gaxera.iso'
Media current: stdio file, overwriteable
Media status : is blank
Media summary: 0 sessions, 0 data blocks, 0 data,  943g free
Added to ISO image: directory '/'='/home/nyx/gaxera/target/iso_root'
xorriso : UPDATE :      16 files added in 1 seconds
xorriso : UPDATE :      16 files added in 1 seconds
ISO image produced: 12669 sectors
Written to medium : 12669 sectors at LBA 0
Writing to 'stdio:target/gaxera.iso' completed successfully.

Installing bootloader record sector...
Physical block size of 512 bytes.
Installing to GPT. Logical block size of 512 bytes.
Secondary header at LBA 0xc5f3.
Secondary header valid.
Detected ISOHYBRID with a GUID partition table (GPT).
Converting to MBR for improved compatibility...
Conversion successful.
No active partition found, some systems may not boot.
Setting partition 1 as active to work around the issue...
Installing to MBR.
Stage 2 to be located at byte offset 0x200.
Reminder: Remember to copy the limine-bios.sys file in either
          the root, /boot, /limine, or /boot/limine directories of
          one of the partitions on the device, or boot will fail!
Limine BIOS stages installed successfully.
Gaxera packaging successfully compiled to target/gaxera.iso!
=== Launching QEMU Virtual Machine ===
OVMF UEFI firmware detected. Booting in UEFI mode.
Headless mode selected.
[2J[001;001H[=3h[2J[001;001H[2J[001;001H[8;056;240t[2J[001;001H[2J[001;001H[=3h[2J[001;001H[2J[001;001H[8;042;160t[2J[001;001HBdsDxe: loading Boot0002 "UEFI QEMU DVD-ROM QM00003 " from PciRoot(0x0)/Pci(0x1,0x1)/Ata(Secondary,Master,0x0)
BdsDxe: starting Boot0002 "UEFI QEMU DVD-ROM QM00003 " from PciRoot(0x0)/Pci(0x1,0x1)/Ata(Secondary,Master,0x0)
[001;001H[001;001H[001;001Hl[001;002Hi[001;003Hm[001;004Hi[001;005Hn[001;006He[001;007H:[001;008H [001;009HL[001;010Ho[001;011Ha[001;012Hd[001;013Hi[001;014Hn[001;015Hg[001;016H [001;017He[001;018Hx[001;019He[001;020Hc[001;021Hu[001;022Ht[001;023Ha[001;024Hb[001;025Hl[001;026He[001;027H [001;028H`[001;029Hb[001;030Ho[001;031Ho[001;032Ht[001;033H([001;034H)[001;035H:[001;036H/[001;037Hb[001;038Ho[001;039Ho[001;040Ht[001;041H/[001;042Hg[001;043Ha[001;044Hx[001;045He[001;046Hr[001;047Ha[001;048H.[001;049He[001;050Hl[001;051Hf[001;052H`[001;053H.[001;054H.[001;055H.[001;056H[001;001H[002;001Hl[002;002Hi[002;003Hm[002;004Hi[002;005Hn[002;006He[002;007H:[002;008H [002;009HL[002;010Ho[002;011Ha[002;012Hd[002;013Hi[002;014Hn[002;015Hg[002;016H [002;017Hm[002;018Ho[002;019Hd[002;020Hu[002;021Hl[002;022He[002;023H [002;024H`[002;025Hb[002;026Ho[002;027Ho[002;028Ht[002;029H([002;030H)[002;031H:[002;032H/[002;033Hb[002;034Ho[002;035Ho[002;036Ht[002;037H/[002;038Hi[002;039Hn[002;040Hi[002;041Ht[002;042H.[002;043He[002;044Hl[002;045Hf[002;046H`[002;047H.[002;048H.[002;049H.[002;050H[002;001H[003;001Hl[003;002Hi[003;003Hm[003;004Hi[003;005Hn[003;006He[003;007H:[003;008H [003;009HL[003;010Ho[003;011Ha[003;012Hd[003;013Hi[003;014Hn[003;015Hg[003;016H [003;017Hm[003;018Ho[003;019Hd[003;020Hu[003;021Hl[003;022He[003;023H [003;024H`[003;025Hb[003;026Ho[003;027Ho[003;028Ht[003;029H([003;030H)[003;031H:[003;032H/[003;033Hb[003;034Ho[003;035Ho[003;036Ht[003;037H/[003;038Hr[003;039Ha[003;040Hm[003;041Hf[003;042Hs[003;043H.[003;044He[003;045Hl[003;046Hf[003;047H`[003;048H.[003;049H.[003;050H.[003;051H[003;001H[004;001Hl[004;002Hi[004;003Hm[004;004Hi[004;005Hn[004;006He[004;007H:[004;008H [004;009HL[004;010Ho[004;011Ha[004;012Hd[004;013Hi[004;014Hn[004;015Hg[004;016H [004;017Hm[004;018Ho[004;019Hd[004;020Hu[004;021Hl[004;022He[004;023H [004;024H`[004;025Hb[004;026Ho[004;027Ho[004;028Ht[004;029H([004;030H)[004;031H:[004;032H/[004;033Hb[004;034Ho[004;035Ho[004;036Ht[004;037H/[004;038Hs[004;039Hc[004;040Hr[004;041Hi[004;042Hp[004;043Ht[004;044H_[004;045Hs[004;046He[004;047Hs[004;048Hs[004;049Hi[004;050Ho[004;051Hn[004;052H.[004;053He[004;054Hl[004;055Hf[004;056H`[004;057H.[004;058H.[004;059H.[004;060H[004;001H[005;001Hl[005;002Hi[005;003Hm[005;004Hi[005;005Hn[005;006He[005;007H:[005;008H [005;009HL[005;010Ho[005;011Ha[005;012Hd[005;013Hi[005;014Hn[005;015Hg[005;016H [005;017Hm[005;018Ho[005;019Hd[005;020Hu[005;021Hl[005;022He[005;023H [005;024H`[005;025Hb[005;026Ho[005;027Ho[005;028Ht[005;029H([005;030H)[005;031H:[005;032H/[005;033Hb[005;034Ho[005;035Ho[005;036Ht[005;037H/[005;038Hr[005;039Ha[005;040Hm[005;041Hf[005;042Hs[005;043H.[005;044Hi[005;045Hm[005;046Hg[005;047H`[005;048H.[005;049H.[005;050H.[005;051H[005;001H[006;001HGAXERA: BOOT_STACK_READY
GAXERA: DESCRIPTORS_AND_IDT_READY
GAXERA: BOOT_CONTEXT_READY kernel_phys=0x0000000019a64000 kernel_virt=0xffffffff80000000 rsdp_phys=0x000000001fb7e014
GAXERA: MEMMAP_BEGIN count=34
GAXERA: MEMMAP_REGION index=0 start=0x0000000000000000 end=0x0000000000087000 len=0x0000000000087000 source_type=0 class=usable allocator=eligible reservation=none
GAXERA: MEMMAP_REGION index=1 start=0x0000000000087000 end=0x0000000000088000 len=0x0000000000001000 source_type=5 class=bootloader-reclaimable allocator=ineligible reservation=none
GAXERA: MEMMAP_REGION index=2 start=0x0000000000088000 end=0x00000000000a0000 len=0x0000000000018000 source_type=0 class=usable allocator=eligible reservation=none
GAXERA: MEMMAP_REGION index=3 start=0x0000000000100000 end=0x0000000000800000 len=0x0000000000700000 source_type=0 class=usable allocator=eligible reservation=none
GAXERA: MEMMAP_REGION index=4 start=0x0000000000800000 end=0x0000000000808000 len=0x0000000000008000 source_type=3 class=acpi-nvs allocator=ineligible reservation=none
GAXERA: MEMMAP_REGION index=5 start=0x0000000000808000 end=0x000000000080b000 len=0x0000000000003000 source_type=0 class=usable allocator=eligible reservation=none
GAXERA: MEMMAP_REGION index=6 start=0x000000000080b000 end=0x000000000080c000 len=0x0000000000001000 source_type=3 class=acpi-nvs allocator=ineligible reservation=none
GAXERA: MEMMAP_REGION index=7 start=0x000000000080c000 end=0x0000000000814000 len=0x0000000000008000 source_type=0 class=usable allocator=eligible reservation=none
GAXERA: MEMMAP_REGION index=8 start=0x0000000000814000 end=0x0000000000900000 len=0x00000000000ec000 source_type=3 class=acpi-nvs allocator=ineligible reservation=none
GAXERA: MEMMAP_REGION index=9 start=0x0000000000900000 end=0x0000000001780000 len=0x0000000000e80000 source_type=5 class=bootloader-reclaimable allocator=ineligible reservation=none
GAXERA: MEMMAP_REGION index=10 start=0x0000000001780000 end=0x00000000190fa000 len=0x000000001797a000 source_type=0 class=usable allocator=eligible reservation=none
GAXERA: MEMMAP_REGION index=11 start=0x00000000190fa000 end=0x0000000019107000 len=0x000000000000d000 source_type=5 class=bootloader-reclaimable allocator=ineligible reservation=none
GAXERA: MEMMAP_REGION index=12 start=0x0000000019107000 end=0x00000000193b5000 len=0x00000000002ae000 source_type=6 class=executable-and-modules allocator=ineligible reservation=none
GAXERA: MEMMAP_REGION index=13 start=0x00000000193b5000 end=0x0000000019663000 len=0x00000000002ae000 source_type=6 class=executable-and-modules allocator=ineligible reservation=none
GAXERA: MEMMAP_REGION index=14 start=0x0000000019663000 end=0x0000000019a64000 len=0x0000000000401000 source_type=6 class=executable-and-modules allocator=ineligible reservation=none
GAXERA: MEMMAP_REGION index=15 start=0x0000000019a64000 end=0x0000000019b60000 len=0x00000000000fc000 source_type=6 class=executable-and-modules allocator=ineligible reservation=none
GAXERA: MEMMAP_REGION index=16 start=0x0000000019b60000 end=0x000000001a66c000 len=0x0000000000b0c000 source_type=5 class=bootloader-reclaimable allocator=ineligible reservation=none
GAXERA: MEMMAP_REGION index=17 start=0x000000001a66c000 end=0x000000001bf6c000 len=0x0000000001900000 source_type=0 class=usable allocator=eligible reservation=none
GAXERA: MEMMAP_REGION index=18 start=0x000000001bf6c000 end=0x000000001bfaa000 len=0x000000000003e000 source_type=5 class=bootloader-reclaimable allocator=ineligible reservation=none
GAXERA: MEMMAP_REGION index=19 start=0x000000001bfaa000 end=0x000000001bfab000 len=0x0000000000001000 source_type=6 class=executable-and-modules allocator=ineligible reservation=none
GAXERA: MEMMAP_REGION index=20 start=0x000000001bfab000 end=0x000000001bfaf000 len=0x0000000000004000 source_type=5 class=bootloader-reclaimable allocator=ineligible reservation=none
GAXERA: MEMMAP_REGION index=21 start=0x000000001bfaf000 end=0x000000001e6a0000 len=0x00000000026f1000 source_type=0 class=usable allocator=eligible reservation=none
GAXERA: MEMMAP_REGION index=22 start=0x000000001e6a0000 end=0x000000001ed3f000 len=0x000000000069f000 source_type=5 class=bootloader-reclaimable allocator=ineligible reservation=none
GAXERA: MEMMAP_REGION index=23 start=0x000000001ed3f000 end=0x000000001ee00000 len=0x00000000000c1000 source_type=8 class=mapped-reserved allocator=ineligible reservation=none
GAXERA: MEMMAP_REGION index=24 start=0x000000001ee00000 end=0x000000001f8ed000 len=0x0000000000aed000 source_type=5 class=bootloader-reclaimable allocator=ineligible reservation=none
GAXERA: MEMMAP_REGION index=25 start=0x000000001f8ed000 end=0x000000001faed000 len=0x0000000000200000 source_type=8 class=mapped-reserved allocator=ineligible reservation=none
GAXERA: MEMMAP_REGION index=26 start=0x000000001faed000 end=0x000000001fb6d000 len=0x0000000000080000 source_type=1 class=reserved allocator=ineligible reservation=none
GAXERA: MEMMAP_REGION index=27 start=0x000000001fb6d000 end=0x000000001fb7f000 len=0x0000000000012000 source_type=2 class=acpi-reclaimable allocator=ineligible reservation=none
GAXERA: MEMMAP_REGION index=28 start=0x000000001fb7f000 end=0x000000001fbff000 len=0x0000000000080000 source_type=3 class=acpi-nvs allocator=ineligible reservation=none
GAXERA: MEMMAP_REGION index=29 start=0x000000001fbff000 end=0x000000001fef4000 len=0x00000000002f5000 source_type=5 class=bootloader-reclaimable allocator=ineligible reservation=none
GAXERA: MEMMAP_REGION index=30 start=0x000000001fef4000 end=0x000000001ff78000 len=0x0000000000084000 source_type=8 class=mapped-reserved allocator=ineligible reservation=none
GAXERA: MEMMAP_REGION index=31 start=0x000000001ff78000 end=0x0000000020000000 len=0x0000000000088000 source_type=3 class=acpi-nvs allocator=ineligible reservation=none
GAXERA: MEMMAP_REGION index=32 start=0x0000000080000000 end=0x00000000803e8000 len=0x00000000003e8000 source_type=7 class=framebuffer allocator=ineligible reservation=none
GAXERA: MEMMAP_REGION index=33 start=0x000000fd00000000 end=0x0000010000000000 len=0x0000000300000000 source_type=1 class=reserved allocator=ineligible reservation=none
GAXERA: MEMMAP_END
GAXERA: BOOTSTRAP_FRAME_ALLOCATOR_READY ranges=8
GAXERA: PAGING_HHDM_MAPPED
GAXERA: PAGING_TEXT_MAPPED
GAXERA: PAGING_FRAMEBUFFER_MAPPED
GAXERA: PAGE_TABLES_READY root=0x0000000000000000 reservations=3
GAXERA: CR3_GAXERA_OWNED
GAXERA: PHYSICAL_FRAME_ALLOCATOR_READY frames=114965 bitmap_words=1797
GAXERA: MEMORY_FOUNDATION_OK heap=0xfffffe8000001000 size=2097152 lower_guard=0xfffffe8000000000
GAXERA: KERNEL_ENTRY_OK
GAXERA: FRAMEBUFFER_OK (1280x800, pitch: 5120)
GAXERA: TEST_PATTERN_DRAWN
GAXERA: ACPI_MADT_READY local_apic_phys=0x00000000fee00000 override=false
GAXERA: ACPI_TEMPORARY_WINDOW_RELEASED
GAXERA: LOCAL_APIC_READY phys=0x00000000fee00000 vector=0xe0
GAXERA: PREEMPTION_TIMER_READY ticks_per_ms=63315
GAXERA: EXCEPTION_BREAKPOINT_CAUGHT ip=0x0000000000400001 (user transition)
GAXERA: USER_TRANSITION_OK ip=0x0000000000400003
Guest-confirmed QEMU test passed.
=== Building Gaxera Kernel ISO ===
Compiling kernel binary...
    Finished `dev` profile [unoptimized + debuginfo] target(s) in 0.04s
Compiling guest binary (init)...
    Finished `dev` profile [unoptimized + debuginfo] target(s) in 0.03s
Assembling ISO directory structure...
Compiling ramfs binary...
    Finished `dev` profile [unoptimized + debuginfo] target(s) in 0.03s
Compiling script_session binary...
    Finished `dev` profile [unoptimized + debuginfo] target(s) in 0.03s
Packaging GaxFS ramfs.img...
Packaging bootable ISO image via xorriso...
xorriso 1.5.6 : RockRidge filesystem manipulator, libburnia project.

Drive current: -outdev 'stdio:target/gaxera.iso'
Media current: stdio file, overwriteable
Media status : is blank
Media summary: 0 sessions, 0 data blocks, 0 data,  943g free
Added to ISO image: directory '/'='/home/nyx/gaxera/target/iso_root'
xorriso : UPDATE :      16 files added in 1 seconds
xorriso : UPDATE :      16 files added in 1 seconds
ISO image produced: 12668 sectors
Written to medium : 12668 sectors at LBA 0
Writing to 'stdio:target/gaxera.iso' completed successfully.

Installing bootloader record sector...
Physical block size of 512 bytes.
Installing to GPT. Logical block size of 512 bytes.
Secondary header at LBA 0xc5ef.
Secondary header valid.
Detected ISOHYBRID with a GUID partition table (GPT).
Converting to MBR for improved compatibility...
Conversion successful.
No active partition found, some systems may not boot.
Setting partition 1 as active to work around the issue...
Installing to MBR.
Stage 2 to be located at byte offset 0x200.
Reminder: Remember to copy the limine-bios.sys file in either
          the root, /boot, /limine, or /boot/limine directories of
          one of the partitions on the device, or boot will fail!
Limine BIOS stages installed successfully.
Gaxera packaging successfully compiled to target/gaxera.iso!
=== Launching QEMU Virtual Machine ===
OVMF UEFI firmware detected. Booting in UEFI mode.
Headless mode selected.
[2J[001;001H[=3h[2J[001;001H[2J[001;001H[8;056;240t[2J[001;001H[2J[001;001H[=3h[2J[001;001H[2J[001;001H[8;042;160t[2J[001;001HBdsDxe: loading Boot0002 "UEFI QEMU DVD-ROM QM00003 " from PciRoot(0x0)/Pci(0x1,0x1)/Ata(Secondary,Master,0x0)
BdsDxe: starting Boot0002 "UEFI QEMU DVD-ROM QM00003 " from PciRoot(0x0)/Pci(0x1,0x1)/Ata(Secondary,Master,0x0)
[001;001H[001;001H[001;001Hl[001;002Hi[001;003Hm[001;004Hi[001;005Hn[001;006He[001;007H:[001;008H [001;009HL[001;010Ho[001;011Ha[001;012Hd[001;013Hi[001;014Hn[001;015Hg[001;016H [001;017He[001;018Hx[001;019He[001;020Hc[001;021Hu[001;022Ht[001;023Ha[001;024Hb[001;025Hl[001;026He[001;027H [001;028H`[001;029Hb[001;030Ho[001;031Ho[001;032Ht[001;033H([001;034H)[001;035H:[001;036H/[001;037Hb[001;038Ho[001;039Ho[001;040Ht[001;041H/[001;042Hg[001;043Ha[001;044Hx[001;045He[001;046Hr[001;047Ha[001;048H.[001;049He[001;050Hl[001;051Hf[001;052H`[001;053H.[001;054H.[001;055H.[001;056H[001;001H[002;001Hl[002;002Hi[002;003Hm[002;004Hi[002;005Hn[002;006He[002;007H:[002;008H [002;009HL[002;010Ho[002;011Ha[002;012Hd[002;013Hi[002;014Hn[002;015Hg[002;016H [002;017Hm[002;018Ho[002;019Hd[002;020Hu[002;021Hl[002;022He[002;023H [002;024H`[002;025Hb[002;026Ho[002;027Ho[002;028Ht[002;029H([002;030H)[002;031H:[002;032H/[002;033Hb[002;034Ho[002;035Ho[002;036Ht[002;037H/[002;038Hi[002;039Hn[002;040Hi[002;041Ht[002;042H.[002;043He[002;044Hl[002;045Hf[002;046H`[002;047H.[002;048H.[002;049H.[002;050H[002;001H[003;001Hl[003;002Hi[003;003Hm[003;004Hi[003;005Hn[003;006He[003;007H:[003;008H [003;009HL[003;010Ho[003;011Ha[003;012Hd[003;013Hi[003;014Hn[003;015Hg[003;016H [003;017Hm[003;018Ho[003;019Hd[003;020Hu[003;021Hl[003;022He[003;023H [003;024H`[003;025Hb[003;026Ho[003;027Ho[003;028Ht[003;029H([003;030H)[003;031H:[003;032H/[003;033Hb[003;034Ho[003;035Ho[003;036Ht[003;037H/[003;038Hr[003;039Ha[003;040Hm[003;041Hf[003;042Hs[003;043H.[003;044He[003;045Hl[003;046Hf[003;047H`[003;048H.[003;049H.[003;050H.[003;051H[003;001H[004;001Hl[004;002Hi[004;003Hm[004;004Hi[004;005Hn[004;006He[004;007H:[004;008H [004;009HL[004;010Ho[004;011Ha[004;012Hd[004;013Hi[004;014Hn[004;015Hg[004;016H [004;017Hm[004;018Ho[004;019Hd[004;020Hu[004;021Hl[004;022He[004;023H [004;024H`[004;025Hb[004;026Ho[004;027Ho[004;028Ht[004;029H([004;030H)[004;031H:[004;032H/[004;033Hb[004;034Ho[004;035Ho[004;036Ht[004;037H/[004;038Hs[004;039Hc[004;040Hr[004;041Hi[004;042Hp[004;043Ht[004;044H_[004;045Hs[004;046He[004;047Hs[004;048Hs[004;049Hi[004;050Ho[004;051Hn[004;052H.[004;053He[004;054Hl[004;055Hf[004;056H`[004;057H.[004;058H.[004;059H.[004;060H[004;001H[005;001Hl[005;002Hi[005;003Hm[005;004Hi[005;005Hn[005;006He[005;007H:[005;008H [005;009HL[005;010Ho[005;011Ha[005;012Hd[005;013Hi[005;014Hn[005;015Hg[005;016H [005;017Hm[005;018Ho[005;019Hd[005;020Hu[005;021Hl[005;022He[005;023H [005;024H`[005;025Hb[005;026Ho[005;027Ho[005;028Ht[005;029H([005;030H)[005;031H:[005;032H/[005;033Hb[005;034Ho[005;035Ho[005;036Ht[005;037H/[005;038Hr[005;039Ha[005;040Hm[005;041Hf[005;042Hs[005;043H.[005;044Hi[005;045Hm[005;046Hg[005;047H`[005;048H.[005;049H.[005;050H.[005;051H[005;001H[006;001HGAXERA: BOOT_STACK_READY
GAXERA: DESCRIPTORS_AND_IDT_READY
GAXERA: BOOT_CONTEXT_READY kernel_phys=0x0000000019a64000 kernel_virt=0xffffffff80000000 rsdp_phys=0x000000001fb7e014
GAXERA: MEMMAP_BEGIN count=34
GAXERA: MEMMAP_REGION index=0 start=0x0000000000000000 end=0x0000000000087000 len=0x0000000000087000 source_type=0 class=usable allocator=eligible reservation=none
GAXERA: MEMMAP_REGION index=1 start=0x0000000000087000 end=0x0000000000088000 len=0x0000000000001000 source_type=5 class=bootloader-reclaimable allocator=ineligible reservation=none
GAXERA: MEMMAP_REGION index=2 start=0x0000000000088000 end=0x00000000000a0000 len=0x0000000000018000 source_type=0 class=usable allocator=eligible reservation=none
GAXERA: MEMMAP_REGION index=3 start=0x0000000000100000 end=0x0000000000800000 len=0x0000000000700000 source_type=0 class=usable allocator=eligible reservation=none
GAXERA: MEMMAP_REGION index=4 start=0x0000000000800000 end=0x0000000000808000 len=0x0000000000008000 source_type=3 class=acpi-nvs allocator=ineligible reservation=none
GAXERA: MEMMAP_REGION index=5 start=0x0000000000808000 end=0x000000000080b000 len=0x0000000000003000 source_type=0 class=usable allocator=eligible reservation=none
GAXERA: MEMMAP_REGION index=6 start=0x000000000080b000 end=0x000000000080c000 len=0x0000000000001000 source_type=3 class=acpi-nvs allocator=ineligible reservation=none
GAXERA: MEMMAP_REGION index=7 start=0x000000000080c000 end=0x0000000000814000 len=0x0000000000008000 source_type=0 class=usable allocator=eligible reservation=none
GAXERA: MEMMAP_REGION index=8 start=0x0000000000814000 end=0x0000000000900000 len=0x00000000000ec000 source_type=3 class=acpi-nvs allocator=ineligible reservation=none
GAXERA: MEMMAP_REGION index=9 start=0x0000000000900000 end=0x0000000001780000 len=0x0000000000e80000 source_type=5 class=bootloader-reclaimable allocator=ineligible reservation=none
GAXERA: MEMMAP_REGION index=10 start=0x0000000001780000 end=0x00000000190fa000 len=0x000000001797a000 source_type=0 class=usable allocator=eligible reservation=none
GAXERA: MEMMAP_REGION index=11 start=0x00000000190fa000 end=0x0000000019107000 len=0x000000000000d000 source_type=5 class=bootloader-reclaimable allocator=ineligible reservation=none
GAXERA: MEMMAP_REGION index=12 start=0x0000000019107000 end=0x00000000193b5000 len=0x00000000002ae000 source_type=6 class=executable-and-modules allocator=ineligible reservation=none
GAXERA: MEMMAP_REGION index=13 start=0x00000000193b5000 end=0x0000000019663000 len=0x00000000002ae000 source_type=6 class=executable-and-modules allocator=ineligible reservation=none
GAXERA: MEMMAP_REGION index=14 start=0x0000000019663000 end=0x0000000019a64000 len=0x0000000000401000 source_type=6 class=executable-and-modules allocator=ineligible reservation=none
GAXERA: MEMMAP_REGION index=15 start=0x0000000019a64000 end=0x0000000019b60000 len=0x00000000000fc000 source_type=6 class=executable-and-modules allocator=ineligible reservation=none
GAXERA: MEMMAP_REGION index=16 start=0x0000000019b60000 end=0x000000001a66c000 len=0x0000000000b0c000 source_type=5 class=bootloader-reclaimable allocator=ineligible reservation=none
GAXERA: MEMMAP_REGION index=17 start=0x000000001a66c000 end=0x000000001bf6c000 len=0x0000000001900000 source_type=0 class=usable allocator=eligible reservation=none
GAXERA: MEMMAP_REGION index=18 start=0x000000001bf6c000 end=0x000000001bfaa000 len=0x000000000003e000 source_type=5 class=bootloader-reclaimable allocator=ineligible reservation=none
GAXERA: MEMMAP_REGION index=19 start=0x000000001bfaa000 end=0x000000001bfab000 len=0x0000000000001000 source_type=6 class=executable-and-modules allocator=ineligible reservation=none
GAXERA: MEMMAP_REGION index=20 start=0x000000001bfab000 end=0x000000001bfaf000 len=0x0000000000004000 source_type=5 class=bootloader-reclaimable allocator=ineligible reservation=none
GAXERA: MEMMAP_REGION index=21 start=0x000000001bfaf000 end=0x000000001e6a0000 len=0x00000000026f1000 source_type=0 class=usable allocator=eligible reservation=none
GAXERA: MEMMAP_REGION index=22 start=0x000000001e6a0000 end=0x000000001ed3f000 len=0x000000000069f000 source_type=5 class=bootloader-reclaimable allocator=ineligible reservation=none
GAXERA: MEMMAP_REGION index=23 start=0x000000001ed3f000 end=0x000000001ee00000 len=0x00000000000c1000 source_type=8 class=mapped-reserved allocator=ineligible reservation=none
GAXERA: MEMMAP_REGION index=24 start=0x000000001ee00000 end=0x000000001f8ed000 len=0x0000000000aed000 source_type=5 class=bootloader-reclaimable allocator=ineligible reservation=none
GAXERA: MEMMAP_REGION index=25 start=0x000000001f8ed000 end=0x000000001faed000 len=0x0000000000200000 source_type=8 class=mapped-reserved allocator=ineligible reservation=none
GAXERA: MEMMAP_REGION index=26 start=0x000000001faed000 end=0x000000001fb6d000 len=0x0000000000080000 source_type=1 class=reserved allocator=ineligible reservation=none
GAXERA: MEMMAP_REGION index=27 start=0x000000001fb6d000 end=0x000000001fb7f000 len=0x0000000000012000 source_type=2 class=acpi-reclaimable allocator=ineligible reservation=none
GAXERA: MEMMAP_REGION index=28 start=0x000000001fb7f000 end=0x000000001fbff000 len=0x0000000000080000 source_type=3 class=acpi-nvs allocator=ineligible reservation=none
GAXERA: MEMMAP_REGION index=29 start=0x000000001fbff000 end=0x000000001fef4000 len=0x00000000002f5000 source_type=5 class=bootloader-reclaimable allocator=ineligible reservation=none
GAXERA: MEMMAP_REGION index=30 start=0x000000001fef4000 end=0x000000001ff78000 len=0x0000000000084000 source_type=8 class=mapped-reserved allocator=ineligible reservation=none
GAXERA: MEMMAP_REGION index=31 start=0x000000001ff78000 end=0x0000000020000000 len=0x0000000000088000 source_type=3 class=acpi-nvs allocator=ineligible reservation=none
GAXERA: MEMMAP_REGION index=32 start=0x0000000080000000 end=0x00000000803e8000 len=0x00000000003e8000 source_type=7 class=framebuffer allocator=ineligible reservation=none
GAXERA: MEMMAP_REGION index=33 start=0x000000fd00000000 end=0x0000010000000000 len=0x0000000300000000 source_type=1 class=reserved allocator=ineligible reservation=none
GAXERA: MEMMAP_END
GAXERA: BOOTSTRAP_FRAME_ALLOCATOR_READY ranges=8
GAXERA: PAGING_HHDM_MAPPED
GAXERA: PAGING_TEXT_MAPPED
GAXERA: PAGING_FRAMEBUFFER_MAPPED
GAXERA: PAGE_TABLES_READY root=0x0000000000000000 reservations=3
GAXERA: CR3_GAXERA_OWNED
GAXERA: PHYSICAL_FRAME_ALLOCATOR_READY frames=114965 bitmap_words=1797
GAXERA: MEMORY_FOUNDATION_OK heap=0xfffffe8000001000 size=2097152 lower_guard=0xfffffe8000000000
GAXERA: KERNEL_ENTRY_OK
GAXERA: FRAMEBUFFER_OK (1280x800, pitch: 5120)
GAXERA: TEST_PATTERN_DRAWN
GAXERA: ACPI_MADT_READY local_apic_phys=0x00000000fee00000 override=false
GAXERA: ACPI_TEMPORARY_WINDOW_RELEASED
GAXERA: LOCAL_APIC_READY phys=0x00000000fee00000 vector=0xe0
GAXERA: PREEMPTION_TIMER_READY ticks_per_ms=63307
GAXERA: USER_PRIVILEGE_DENIED_OK ip=0x0000000000400000
Guest-confirmed QEMU test passed.
=== Building Gaxera Kernel ISO ===
Compiling kernel binary...
    Finished `dev` profile [unoptimized + debuginfo] target(s) in 0.04s
Compiling guest binary (init)...
    Finished `dev` profile [unoptimized + debuginfo] target(s) in 0.04s
Assembling ISO directory structure...
Compiling ramfs binary...
    Finished `dev` profile [unoptimized + debuginfo] target(s) in 0.03s
Compiling script_session binary...
    Finished `dev` profile [unoptimized + debuginfo] target(s) in 0.04s
Packaging GaxFS ramfs.img...
Packaging bootable ISO image via xorriso...
xorriso 1.5.6 : RockRidge filesystem manipulator, libburnia project.

Drive current: -outdev 'stdio:target/gaxera.iso'
Media current: stdio file, overwriteable
Media status : is blank
Media summary: 0 sessions, 0 data blocks, 0 data,  943g free
Added to ISO image: directory '/'='/home/nyx/gaxera/target/iso_root'
xorriso : UPDATE :      16 files added in 1 seconds
xorriso : UPDATE :      16 files added in 1 seconds
ISO image produced: 12663 sectors
Written to medium : 12663 sectors at LBA 0
Writing to 'stdio:target/gaxera.iso' completed successfully.

Installing bootloader record sector...
Physical block size of 512 bytes.
Installing to GPT. Logical block size of 512 bytes.
Secondary header at LBA 0xc5db.
Secondary header valid.
Detected ISOHYBRID with a GUID partition table (GPT).
Converting to MBR for improved compatibility...
Conversion successful.
No active partition found, some systems may not boot.
Setting partition 1 as active to work around the issue...
Installing to MBR.
Stage 2 to be located at byte offset 0x200.
Reminder: Remember to copy the limine-bios.sys file in either
          the root, /boot, /limine, or /boot/limine directories of
          one of the partitions on the device, or boot will fail!
Limine BIOS stages installed successfully.
Gaxera packaging successfully compiled to target/gaxera.iso!
=== Launching QEMU Virtual Machine ===
OVMF UEFI firmware detected. Booting in UEFI mode.
Headless mode selected.
[2J[001;001H[=3h[2J[001;001H[2J[001;001H[8;056;240t[2J[001;001H[2J[001;001H[=3h[2J[001;001H[2J[001;001H[8;042;160t[2J[001;001HBdsDxe: loading Boot0002 "UEFI QEMU DVD-ROM QM00003 " from PciRoot(0x0)/Pci(0x1,0x1)/Ata(Secondary,Master,0x0)
BdsDxe: starting Boot0002 "UEFI QEMU DVD-ROM QM00003 " from PciRoot(0x0)/Pci(0x1,0x1)/Ata(Secondary,Master,0x0)
[001;001H[001;001H[001;001Hl[001;002Hi[001;003Hm[001;004Hi[001;005Hn[001;006He[001;007H:[001;008H [001;009HL[001;010Ho[001;011Ha[001;012Hd[001;013Hi[001;014Hn[001;015Hg[001;016H [001;017He[001;018Hx[001;019He[001;020Hc[001;021Hu[001;022Ht[001;023Ha[001;024Hb[001;025Hl[001;026He[001;027H [001;028H`[001;029Hb[001;030Ho[001;031Ho[001;032Ht[001;033H([001;034H)[001;035H:[001;036H/[001;037Hb[001;038Ho[001;039Ho[001;040Ht[001;041H/[001;042Hg[001;043Ha[001;044Hx[001;045He[001;046Hr[001;047Ha[001;048H.[001;049He[001;050Hl[001;051Hf[001;052H`[001;053H.[001;054H.[001;055H.[001;056H[001;001H[002;001Hl[002;002Hi[002;003Hm[002;004Hi[002;005Hn[002;006He[002;007H:[002;008H [002;009HL[002;010Ho[002;011Ha[002;012Hd[002;013Hi[002;014Hn[002;015Hg[002;016H [002;017Hm[002;018Ho[002;019Hd[002;020Hu[002;021Hl[002;022He[002;023H [002;024H`[002;025Hb[002;026Ho[002;027Ho[002;028Ht[002;029H([002;030H)[002;031H:[002;032H/[002;033Hb[002;034Ho[002;035Ho[002;036Ht[002;037H/[002;038Hi[002;039Hn[002;040Hi[002;041Ht[002;042H.[002;043He[002;044Hl[002;045Hf[002;046H`[002;047H.[002;048H.[002;049H.[002;050H[002;001H[003;001Hl[003;002Hi[003;003Hm[003;004Hi[003;005Hn[003;006He[003;007H:[003;008H [003;009HL[003;010Ho[003;011Ha[003;012Hd[003;013Hi[003;014Hn[003;015Hg[003;016H [003;017Hm[003;018Ho[003;019Hd[003;020Hu[003;021Hl[003;022He[003;023H [003;024H`[003;025Hb[003;026Ho[003;027Ho[003;028Ht[003;029H([003;030H)[003;031H:[003;032H/[003;033Hb[003;034Ho[003;035Ho[003;036Ht[003;037H/[003;038Hr[003;039Ha[003;040Hm[003;041Hf[003;042Hs[003;043H.[003;044He[003;045Hl[003;046Hf[003;047H`[003;048H.[003;049H.[003;050H.[003;051H[003;001H[004;001Hl[004;002Hi[004;003Hm[004;004Hi[004;005Hn[004;006He[004;007H:[004;008H [004;009HL[004;010Ho[004;011Ha[004;012Hd[004;013Hi[004;014Hn[004;015Hg[004;016H [004;017Hm[004;018Ho[004;019Hd[004;020Hu[004;021Hl[004;022He[004;023H [004;024H`[004;025Hb[004;026Ho[004;027Ho[004;028Ht[004;029H([004;030H)[004;031H:[004;032H/[004;033Hb[004;034Ho[004;035Ho[004;036Ht[004;037H/[004;038Hs[004;039Hc[004;040Hr[004;041Hi[004;042Hp[004;043Ht[004;044H_[004;045Hs[004;046He[004;047Hs[004;048Hs[004;049Hi[004;050Ho[004;051Hn[004;052H.[004;053He[004;054Hl[004;055Hf[004;056H`[004;057H.[004;058H.[004;059H.[004;060H[004;001H[005;001Hl[005;002Hi[005;003Hm[005;004Hi[005;005Hn[005;006He[005;007H:[005;008H [005;009HL[005;010Ho[005;011Ha[005;012Hd[005;013Hi[005;014Hn[005;015Hg[005;016H [005;017Hm[005;018Ho[005;019Hd[005;020Hu[005;021Hl[005;022He[005;023H [005;024H`[005;025Hb[005;026Ho[005;027Ho[005;028Ht[005;029H([005;030H)[005;031H:[005;032H/[005;033Hb[005;034Ho[005;035Ho[005;036Ht[005;037H/[005;038Hr[005;039Ha[005;040Hm[005;041Hf[005;042Hs[005;043H.[005;044Hi[005;045Hm[005;046Hg[005;047H`[005;048H.[005;049H.[005;050H.[005;051H[005;001H[006;001HGAXERA: BOOT_STACK_READY
GAXERA: DESCRIPTORS_AND_IDT_READY
GAXERA: BOOT_CONTEXT_READY kernel_phys=0x0000000019a68000 kernel_virt=0xffffffff80000000 rsdp_phys=0x000000001fb7e014
GAXERA: MEMMAP_BEGIN count=34
GAXERA: MEMMAP_REGION index=0 start=0x0000000000000000 end=0x0000000000087000 len=0x0000000000087000 source_type=0 class=usable allocator=eligible reservation=none
GAXERA: MEMMAP_REGION index=1 start=0x0000000000087000 end=0x0000000000088000 len=0x0000000000001000 source_type=5 class=bootloader-reclaimable allocator=ineligible reservation=none
GAXERA: MEMMAP_REGION index=2 start=0x0000000000088000 end=0x00000000000a0000 len=0x0000000000018000 source_type=0 class=usable allocator=eligible reservation=none
GAXERA: MEMMAP_REGION index=3 start=0x0000000000100000 end=0x0000000000800000 len=0x0000000000700000 source_type=0 class=usable allocator=eligible reservation=none
GAXERA: MEMMAP_REGION index=4 start=0x0000000000800000 end=0x0000000000808000 len=0x0000000000008000 source_type=3 class=acpi-nvs allocator=ineligible reservation=none
GAXERA: MEMMAP_REGION index=5 start=0x0000000000808000 end=0x000000000080b000 len=0x0000000000003000 source_type=0 class=usable allocator=eligible reservation=none
GAXERA: MEMMAP_REGION index=6 start=0x000000000080b000 end=0x000000000080c000 len=0x0000000000001000 source_type=3 class=acpi-nvs allocator=ineligible reservation=none
GAXERA: MEMMAP_REGION index=7 start=0x000000000080c000 end=0x0000000000814000 len=0x0000000000008000 source_type=0 class=usable allocator=eligible reservation=none
GAXERA: MEMMAP_REGION index=8 start=0x0000000000814000 end=0x0000000000900000 len=0x00000000000ec000 source_type=3 class=acpi-nvs allocator=ineligible reservation=none
GAXERA: MEMMAP_REGION index=9 start=0x0000000000900000 end=0x0000000001780000 len=0x0000000000e80000 source_type=5 class=bootloader-reclaimable allocator=ineligible reservation=none
GAXERA: MEMMAP_REGION index=10 start=0x0000000001780000 end=0x00000000190fe000 len=0x000000001797e000 source_type=0 class=usable allocator=eligible reservation=none
GAXERA: MEMMAP_REGION index=11 start=0x00000000190fe000 end=0x000000001910b000 len=0x000000000000d000 source_type=5 class=bootloader-reclaimable allocator=ineligible reservation=none
GAXERA: MEMMAP_REGION index=12 start=0x000000001910b000 end=0x00000000193b9000 len=0x00000000002ae000 source_type=6 class=executable-and-modules allocator=ineligible reservation=none
GAXERA: MEMMAP_REGION index=13 start=0x00000000193b9000 end=0x0000000019667000 len=0x00000000002ae000 source_type=6 class=executable-and-modules allocator=ineligible reservation=none
GAXERA: MEMMAP_REGION index=14 start=0x0000000019667000 end=0x0000000019a68000 len=0x0000000000401000 source_type=6 class=executable-and-modules allocator=ineligible reservation=none
GAXERA: MEMMAP_REGION index=15 start=0x0000000019a68000 end=0x0000000019b63000 len=0x00000000000fb000 source_type=6 class=executable-and-modules allocator=ineligible reservation=none
GAXERA: MEMMAP_REGION index=16 start=0x0000000019b63000 end=0x000000001a66c000 len=0x0000000000b09000 source_type=5 class=bootloader-reclaimable allocator=ineligible reservation=none
GAXERA: MEMMAP_REGION index=17 start=0x000000001a66c000 end=0x000000001bf6c000 len=0x0000000001900000 source_type=0 class=usable allocator=eligible reservation=none
GAXERA: MEMMAP_REGION index=18 start=0x000000001bf6c000 end=0x000000001bfaa000 len=0x000000000003e000 source_type=5 class=bootloader-reclaimable allocator=ineligible reservation=none
GAXERA: MEMMAP_REGION index=19 start=0x000000001bfaa000 end=0x000000001bfab000 len=0x0000000000001000 source_type=6 class=executable-and-modules allocator=ineligible reservation=none
GAXERA: MEMMAP_REGION index=20 start=0x000000001bfab000 end=0x000000001bfaf000 len=0x0000000000004000 source_type=5 class=bootloader-reclaimable allocator=ineligible reservation=none
GAXERA: MEMMAP_REGION index=21 start=0x000000001bfaf000 end=0x000000001e6a0000 len=0x00000000026f1000 source_type=0 class=usable allocator=eligible reservation=none
GAXERA: MEMMAP_REGION index=22 start=0x000000001e6a0000 end=0x000000001ed3f000 len=0x000000000069f000 source_type=5 class=bootloader-reclaimable allocator=ineligible reservation=none
GAXERA: MEMMAP_REGION index=23 start=0x000000001ed3f000 end=0x000000001ee00000 len=0x00000000000c1000 source_type=8 class=mapped-reserved allocator=ineligible reservation=none
GAXERA: MEMMAP_REGION index=24 start=0x000000001ee00000 end=0x000000001f8ed000 len=0x0000000000aed000 source_type=5 class=bootloader-reclaimable allocator=ineligible reservation=none
GAXERA: MEMMAP_REGION index=25 start=0x000000001f8ed000 end=0x000000001faed000 len=0x0000000000200000 source_type=8 class=mapped-reserved allocator=ineligible reservation=none
GAXERA: MEMMAP_REGION index=26 start=0x000000001faed000 end=0x000000001fb6d000 len=0x0000000000080000 source_type=1 class=reserved allocator=ineligible reservation=none
GAXERA: MEMMAP_REGION index=27 start=0x000000001fb6d000 end=0x000000001fb7f000 len=0x0000000000012000 source_type=2 class=acpi-reclaimable allocator=ineligible reservation=none
GAXERA: MEMMAP_REGION index=28 start=0x000000001fb7f000 end=0x000000001fbff000 len=0x0000000000080000 source_type=3 class=acpi-nvs allocator=ineligible reservation=none
GAXERA: MEMMAP_REGION index=29 start=0x000000001fbff000 end=0x000000001fef4000 len=0x00000000002f5000 source_type=5 class=bootloader-reclaimable allocator=ineligible reservation=none
GAXERA: MEMMAP_REGION index=30 start=0x000000001fef4000 end=0x000000001ff78000 len=0x0000000000084000 source_type=8 class=mapped-reserved allocator=ineligible reservation=none
GAXERA: MEMMAP_REGION index=31 start=0x000000001ff78000 end=0x0000000020000000 len=0x0000000000088000 source_type=3 class=acpi-nvs allocator=ineligible reservation=none
GAXERA: MEMMAP_REGION index=32 start=0x0000000080000000 end=0x00000000803e8000 len=0x00000000003e8000 source_type=7 class=framebuffer allocator=ineligible reservation=none
GAXERA: MEMMAP_REGION index=33 start=0x000000fd00000000 end=0x0000010000000000 len=0x0000000300000000 source_type=1 class=reserved allocator=ineligible reservation=none
GAXERA: MEMMAP_END
GAXERA: BOOTSTRAP_FRAME_ALLOCATOR_READY ranges=8
GAXERA: PAGING_HHDM_MAPPED
GAXERA: PAGING_TEXT_MAPPED
GAXERA: PAGING_FRAMEBUFFER_MAPPED
GAXERA: PAGE_TABLES_READY root=0x0000000000000000 reservations=3
GAXERA: CR3_GAXERA_OWNED
GAXERA: PHYSICAL_FRAME_ALLOCATOR_READY frames=114969 bitmap_words=1797
GAXERA: MEMORY_FOUNDATION_OK heap=0xfffffe8000001000 size=2097152 lower_guard=0xfffffe8000000000
GAXERA: KERNEL_ENTRY_OK
GAXERA: FRAMEBUFFER_OK (1280x800, pitch: 5120)
GAXERA: TEST_PATTERN_DRAWN
GAXERA: ACPI_MADT_READY local_apic_phys=0x00000000fee00000 override=false
GAXERA: ACPI_TEMPORARY_WINDOW_RELEASED
GAXERA: LOCAL_APIC_READY phys=0x00000000fee00000 vector=0xe0
GAXERA: PREEMPTION_TIMER_READY ticks_per_ms=63348
GAXERA: USER_INVALID_FRAME_REJECTED
Guest-confirmed QEMU test passed.
=== Building Gaxera Kernel ISO ===
Compiling kernel binary...
    Finished `dev` profile [unoptimized + debuginfo] target(s) in 0.04s
Compiling guest binary (init)...
    Finished `dev` profile [unoptimized + debuginfo] target(s) in 0.03s
Assembling ISO directory structure...
Compiling ramfs binary...
    Finished `dev` profile [unoptimized + debuginfo] target(s) in 0.03s
Compiling script_session binary...
    Finished `dev` profile [unoptimized + debuginfo] target(s) in 0.03s
Packaging GaxFS ramfs.img...
Packaging bootable ISO image via xorriso...
xorriso 1.5.6 : RockRidge filesystem manipulator, libburnia project.

Drive current: -outdev 'stdio:target/gaxera.iso'
Media current: stdio file, overwriteable
Media status : is blank
Media summary: 0 sessions, 0 data blocks, 0 data,  943g free
Added to ISO image: directory '/'='/home/nyx/gaxera/target/iso_root'
xorriso : UPDATE :      16 files added in 1 seconds
xorriso : UPDATE :      16 files added in 1 seconds
ISO image produced: 12668 sectors
Written to medium : 12668 sectors at LBA 0
Writing to 'stdio:target/gaxera.iso' completed successfully.

Installing bootloader record sector...
Physical block size of 512 bytes.
Installing to GPT. Logical block size of 512 bytes.
Secondary header at LBA 0xc5ef.
Secondary header valid.
Detected ISOHYBRID with a GUID partition table (GPT).
Converting to MBR for improved compatibility...
Conversion successful.
No active partition found, some systems may not boot.
Setting partition 1 as active to work around the issue...
Installing to MBR.
Stage 2 to be located at byte offset 0x200.
Reminder: Remember to copy the limine-bios.sys file in either
          the root, /boot, /limine, or /boot/limine directories of
          one of the partitions on the device, or boot will fail!
Limine BIOS stages installed successfully.
Gaxera packaging successfully compiled to target/gaxera.iso!
=== Launching QEMU Virtual Machine ===
OVMF UEFI firmware detected. Booting in UEFI mode.
Headless mode selected.
[2J[001;001H[=3h[2J[001;001H[2J[001;001H[8;056;240t[2J[001;001H[2J[001;001H[=3h[2J[001;001H[2J[001;001H[8;042;160t[2J[001;001HBdsDxe: loading Boot0002 "UEFI QEMU DVD-ROM QM00003 " from PciRoot(0x0)/Pci(0x1,0x1)/Ata(Secondary,Master,0x0)
BdsDxe: starting Boot0002 "UEFI QEMU DVD-ROM QM00003 " from PciRoot(0x0)/Pci(0x1,0x1)/Ata(Secondary,Master,0x0)
[001;001H[001;001H[001;001Hl[001;002Hi[001;003Hm[001;004Hi[001;005Hn[001;006He[001;007H:[001;008H [001;009HL[001;010Ho[001;011Ha[001;012Hd[001;013Hi[001;014Hn[001;015Hg[001;016H [001;017He[001;018Hx[001;019He[001;020Hc[001;021Hu[001;022Ht[001;023Ha[001;024Hb[001;025Hl[001;026He[001;027H [001;028H`[001;029Hb[001;030Ho[001;031Ho[001;032Ht[001;033H([001;034H)[001;035H:[001;036H/[001;037Hb[001;038Ho[001;039Ho[001;040Ht[001;041H/[001;042Hg[001;043Ha[001;044Hx[001;045He[001;046Hr[001;047Ha[001;048H.[001;049He[001;050Hl[001;051Hf[001;052H`[001;053H.[001;054H.[001;055H.[001;056H[001;001H[002;001Hl[002;002Hi[002;003Hm[002;004Hi[002;005Hn[002;006He[002;007H:[002;008H [002;009HL[002;010Ho[002;011Ha[002;012Hd[002;013Hi[002;014Hn[002;015Hg[002;016H [002;017Hm[002;018Ho[002;019Hd[002;020Hu[002;021Hl[002;022He[002;023H [002;024H`[002;025Hb[002;026Ho[002;027Ho[002;028Ht[002;029H([002;030H)[002;031H:[002;032H/[002;033Hb[002;034Ho[002;035Ho[002;036Ht[002;037H/[002;038Hi[002;039Hn[002;040Hi[002;041Ht[002;042H.[002;043He[002;044Hl[002;045Hf[002;046H`[002;047H.[002;048H.[002;049H.[002;050H[002;001H[003;001Hl[003;002Hi[003;003Hm[003;004Hi[003;005Hn[003;006He[003;007H:[003;008H [003;009HL[003;010Ho[003;011Ha[003;012Hd[003;013Hi[003;014Hn[003;015Hg[003;016H [003;017Hm[003;018Ho[003;019Hd[003;020Hu[003;021Hl[003;022He[003;023H [003;024H`[003;025Hb[003;026Ho[003;027Ho[003;028Ht[003;029H([003;030H)[003;031H:[003;032H/[003;033Hb[003;034Ho[003;035Ho[003;036Ht[003;037H/[003;038Hr[003;039Ha[003;040Hm[003;041Hf[003;042Hs[003;043H.[003;044He[003;045Hl[003;046Hf[003;047H`[003;048H.[003;049H.[003;050H.[003;051H[003;001H[004;001Hl[004;002Hi[004;003Hm[004;004Hi[004;005Hn[004;006He[004;007H:[004;008H [004;009HL[004;010Ho[004;011Ha[004;012Hd[004;013Hi[004;014Hn[004;015Hg[004;016H [004;017Hm[004;018Ho[004;019Hd[004;020Hu[004;021Hl[004;022He[004;023H [004;024H`[004;025Hb[004;026Ho[004;027Ho[004;028Ht[004;029H([004;030H)[004;031H:[004;032H/[004;033Hb[004;034Ho[004;035Ho[004;036Ht[004;037H/[004;038Hs[004;039Hc[004;040Hr[004;041Hi[004;042Hp[004;043Ht[004;044H_[004;045Hs[004;046He[004;047Hs[004;048Hs[004;049Hi[004;050Ho[004;051Hn[004;052H.[004;053He[004;054Hl[004;055Hf[004;056H`[004;057H.[004;058H.[004;059H.[004;060H[004;001H[005;001Hl[005;002Hi[005;003Hm[005;004Hi[005;005Hn[005;006He[005;007H:[005;008H [005;009HL[005;010Ho[005;011Ha[005;012Hd[005;013Hi[005;014Hn[005;015Hg[005;016H [005;017Hm[005;018Ho[005;019Hd[005;020Hu[005;021Hl[005;022He[005;023H [005;024H`[005;025Hb[005;026Ho[005;027Ho[005;028Ht[005;029H([005;030H)[005;031H:[005;032H/[005;033Hb[005;034Ho[005;035Ho[005;036Ht[005;037H/[005;038Hr[005;039Ha[005;040Hm[005;041Hf[005;042Hs[005;043H.[005;044Hi[005;045Hm[005;046Hg[005;047H`[005;048H.[005;049H.[005;050H.[005;051H[005;001H[006;001HGAXERA: BOOT_STACK_READY
GAXERA: DESCRIPTORS_AND_IDT_READY
GAXERA: BOOT_CONTEXT_READY kernel_phys=0x0000000019a64000 kernel_virt=0xffffffff80000000 rsdp_phys=0x000000001fb7e014
GAXERA: MEMMAP_BEGIN count=34
GAXERA: MEMMAP_REGION index=0 start=0x0000000000000000 end=0x0000000000087000 len=0x0000000000087000 source_type=0 class=usable allocator=eligible reservation=none
GAXERA: MEMMAP_REGION index=1 start=0x0000000000087000 end=0x0000000000088000 len=0x0000000000001000 source_type=5 class=bootloader-reclaimable allocator=ineligible reservation=none
GAXERA: MEMMAP_REGION index=2 start=0x0000000000088000 end=0x00000000000a0000 len=0x0000000000018000 source_type=0 class=usable allocator=eligible reservation=none
GAXERA: MEMMAP_REGION index=3 start=0x0000000000100000 end=0x0000000000800000 len=0x0000000000700000 source_type=0 class=usable allocator=eligible reservation=none
GAXERA: MEMMAP_REGION index=4 start=0x0000000000800000 end=0x0000000000808000 len=0x0000000000008000 source_type=3 class=acpi-nvs allocator=ineligible reservation=none
GAXERA: MEMMAP_REGION index=5 start=0x0000000000808000 end=0x000000000080b000 len=0x0000000000003000 source_type=0 class=usable allocator=eligible reservation=none
GAXERA: MEMMAP_REGION index=6 start=0x000000000080b000 end=0x000000000080c000 len=0x0000000000001000 source_type=3 class=acpi-nvs allocator=ineligible reservation=none
GAXERA: MEMMAP_REGION index=7 start=0x000000000080c000 end=0x0000000000814000 len=0x0000000000008000 source_type=0 class=usable allocator=eligible reservation=none
GAXERA: MEMMAP_REGION index=8 start=0x0000000000814000 end=0x0000000000900000 len=0x00000000000ec000 source_type=3 class=acpi-nvs allocator=ineligible reservation=none
GAXERA: MEMMAP_REGION index=9 start=0x0000000000900000 end=0x0000000001780000 len=0x0000000000e80000 source_type=5 class=bootloader-reclaimable allocator=ineligible reservation=none
GAXERA: MEMMAP_REGION index=10 start=0x0000000001780000 end=0x00000000190fa000 len=0x000000001797a000 source_type=0 class=usable allocator=eligible reservation=none
GAXERA: MEMMAP_REGION index=11 start=0x00000000190fa000 end=0x0000000019107000 len=0x000000000000d000 source_type=5 class=bootloader-reclaimable allocator=ineligible reservation=none
GAXERA: MEMMAP_REGION index=12 start=0x0000000019107000 end=0x00000000193b5000 len=0x00000000002ae000 source_type=6 class=executable-and-modules allocator=ineligible reservation=none
GAXERA: MEMMAP_REGION index=13 start=0x00000000193b5000 end=0x0000000019663000 len=0x00000000002ae000 source_type=6 class=executable-and-modules allocator=ineligible reservation=none
GAXERA: MEMMAP_REGION index=14 start=0x0000000019663000 end=0x0000000019a64000 len=0x0000000000401000 source_type=6 class=executable-and-modules allocator=ineligible reservation=none
GAXERA: MEMMAP_REGION index=15 start=0x0000000019a64000 end=0x0000000019b60000 len=0x00000000000fc000 source_type=6 class=executable-and-modules allocator=ineligible reservation=none
GAXERA: MEMMAP_REGION index=16 start=0x0000000019b60000 end=0x000000001a66c000 len=0x0000000000b0c000 source_type=5 class=bootloader-reclaimable allocator=ineligible reservation=none
GAXERA: MEMMAP_REGION index=17 start=0x000000001a66c000 end=0x000000001bf6c000 len=0x0000000001900000 source_type=0 class=usable allocator=eligible reservation=none
GAXERA: MEMMAP_REGION index=18 start=0x000000001bf6c000 end=0x000000001bfaa000 len=0x000000000003e000 source_type=5 class=bootloader-reclaimable allocator=ineligible reservation=none
GAXERA: MEMMAP_REGION index=19 start=0x000000001bfaa000 end=0x000000001bfab000 len=0x0000000000001000 source_type=6 class=executable-and-modules allocator=ineligible reservation=none
GAXERA: MEMMAP_REGION index=20 start=0x000000001bfab000 end=0x000000001bfaf000 len=0x0000000000004000 source_type=5 class=bootloader-reclaimable allocator=ineligible reservation=none
GAXERA: MEMMAP_REGION index=21 start=0x000000001bfaf000 end=0x000000001e6a0000 len=0x00000000026f1000 source_type=0 class=usable allocator=eligible reservation=none
GAXERA: MEMMAP_REGION index=22 start=0x000000001e6a0000 end=0x000000001ed3f000 len=0x000000000069f000 source_type=5 class=bootloader-reclaimable allocator=ineligible reservation=none
GAXERA: MEMMAP_REGION index=23 start=0x000000001ed3f000 end=0x000000001ee00000 len=0x00000000000c1000 source_type=8 class=mapped-reserved allocator=ineligible reservation=none
GAXERA: MEMMAP_REGION index=24 start=0x000000001ee00000 end=0x000000001f8ed000 len=0x0000000000aed000 source_type=5 class=bootloader-reclaimable allocator=ineligible reservation=none
GAXERA: MEMMAP_REGION index=25 start=0x000000001f8ed000 end=0x000000001faed000 len=0x0000000000200000 source_type=8 class=mapped-reserved allocator=ineligible reservation=none
GAXERA: MEMMAP_REGION index=26 start=0x000000001faed000 end=0x000000001fb6d000 len=0x0000000000080000 source_type=1 class=reserved allocator=ineligible reservation=none
GAXERA: MEMMAP_REGION index=27 start=0x000000001fb6d000 end=0x000000001fb7f000 len=0x0000000000012000 source_type=2 class=acpi-reclaimable allocator=ineligible reservation=none
GAXERA: MEMMAP_REGION index=28 start=0x000000001fb7f000 end=0x000000001fbff000 len=0x0000000000080000 source_type=3 class=acpi-nvs allocator=ineligible reservation=none
GAXERA: MEMMAP_REGION index=29 start=0x000000001fbff000 end=0x000000001fef4000 len=0x00000000002f5000 source_type=5 class=bootloader-reclaimable allocator=ineligible reservation=none
GAXERA: MEMMAP_REGION index=30 start=0x000000001fef4000 end=0x000000001ff78000 len=0x0000000000084000 source_type=8 class=mapped-reserved allocator=ineligible reservation=none
GAXERA: MEMMAP_REGION index=31 start=0x000000001ff78000 end=0x0000000020000000 len=0x0000000000088000 source_type=3 class=acpi-nvs allocator=ineligible reservation=none
GAXERA: MEMMAP_REGION index=32 start=0x0000000080000000 end=0x00000000803e8000 len=0x00000000003e8000 source_type=7 class=framebuffer allocator=ineligible reservation=none
GAXERA: MEMMAP_REGION index=33 start=0x000000fd00000000 end=0x0000010000000000 len=0x0000000300000000 source_type=1 class=reserved allocator=ineligible reservation=none
GAXERA: MEMMAP_END
GAXERA: BOOTSTRAP_FRAME_ALLOCATOR_READY ranges=8
GAXERA: PAGING_HHDM_MAPPED
GAXERA: PAGING_TEXT_MAPPED
GAXERA: PAGING_FRAMEBUFFER_MAPPED
GAXERA: PAGE_TABLES_READY root=0x0000000000000000 reservations=3
GAXERA: CR3_GAXERA_OWNED
GAXERA: PHYSICAL_FRAME_ALLOCATOR_READY frames=114965 bitmap_words=1797
GAXERA: MEMORY_FOUNDATION_OK heap=0xfffffe8000001000 size=2097152 lower_guard=0xfffffe8000000000
GAXERA: KERNEL_ENTRY_OK
GAXERA: FRAMEBUFFER_OK (1280x800, pitch: 5120)
GAXERA: TEST_PATTERN_DRAWN
GAXERA: ACPI_MADT_READY local_apic_phys=0x00000000fee00000 override=false
GAXERA: ACPI_TEMPORARY_WINDOW_RELEASED
GAXERA: LOCAL_APIC_READY phys=0x00000000fee00000 vector=0xe0
GAXERA: PREEMPTION_TIMER_READY ticks_per_ms=63128
GAXERA: SYSCALL_ROUND_TRIP_OK
Guest-confirmed QEMU test passed.
=== Building Gaxera Kernel ISO ===
Compiling kernel binary...
    Finished `dev` profile [unoptimized + debuginfo] target(s) in 0.04s
Compiling guest binary (init)...
    Finished `dev` profile [unoptimized + debuginfo] target(s) in 0.03s
Assembling ISO directory structure...
Compiling ramfs binary...
    Finished `dev` profile [unoptimized + debuginfo] target(s) in 0.03s
Compiling script_session binary...
    Finished `dev` profile [unoptimized + debuginfo] target(s) in 0.03s
Packaging GaxFS ramfs.img...
Packaging bootable ISO image via xorriso...
xorriso 1.5.6 : RockRidge filesystem manipulator, libburnia project.

Drive current: -outdev 'stdio:target/gaxera.iso'
Media current: stdio file, overwriteable
Media status : is blank
Media summary: 0 sessions, 0 data blocks, 0 data,  943g free
Added to ISO image: directory '/'='/home/nyx/gaxera/target/iso_root'
xorriso : UPDATE :      16 files added in 1 seconds
xorriso : UPDATE :      16 files added in 1 seconds
ISO image produced: 12659 sectors
Written to medium : 12659 sectors at LBA 0
Writing to 'stdio:target/gaxera.iso' completed successfully.

Installing bootloader record sector...
Physical block size of 512 bytes.
Installing to GPT. Logical block size of 512 bytes.
Secondary header at LBA 0xc5cb.
Secondary header valid.
Detected ISOHYBRID with a GUID partition table (GPT).
Converting to MBR for improved compatibility...
Conversion successful.
No active partition found, some systems may not boot.
Setting partition 1 as active to work around the issue...
Installing to MBR.
Stage 2 to be located at byte offset 0x200.
Reminder: Remember to copy the limine-bios.sys file in either
          the root, /boot, /limine, or /boot/limine directories of
          one of the partitions on the device, or boot will fail!
Limine BIOS stages installed successfully.
Gaxera packaging successfully compiled to target/gaxera.iso!
=== Launching QEMU Virtual Machine ===
OVMF UEFI firmware detected. Booting in UEFI mode.
Headless mode selected.
[2J[001;001H[=3h[2J[001;001H[2J[001;001H[8;056;240t[2J[001;001H[2J[001;001H[=3h[2J[001;001H[2J[001;001H[8;042;160t[2J[001;001HBdsDxe: loading Boot0002 "UEFI QEMU DVD-ROM QM00003 " from PciRoot(0x0)/Pci(0x1,0x1)/Ata(Secondary,Master,0x0)
BdsDxe: starting Boot0002 "UEFI QEMU DVD-ROM QM00003 " from PciRoot(0x0)/Pci(0x1,0x1)/Ata(Secondary,Master,0x0)
[001;001H[001;001H[001;001Hl[001;002Hi[001;003Hm[001;004Hi[001;005Hn[001;006He[001;007H:[001;008H [001;009HL[001;010Ho[001;011Ha[001;012Hd[001;013Hi[001;014Hn[001;015Hg[001;016H [001;017He[001;018Hx[001;019He[001;020Hc[001;021Hu[001;022Ht[001;023Ha[001;024Hb[001;025Hl[001;026He[001;027H [001;028H`[001;029Hb[001;030Ho[001;031Ho[001;032Ht[001;033H([001;034H)[001;035H:[001;036H/[001;037Hb[001;038Ho[001;039Ho[001;040Ht[001;041H/[001;042Hg[001;043Ha[001;044Hx[001;045He[001;046Hr[001;047Ha[001;048H.[001;049He[001;050Hl[001;051Hf[001;052H`[001;053H.[001;054H.[001;055H.[001;056H[001;001H[002;001Hl[002;002Hi[002;003Hm[002;004Hi[002;005Hn[002;006He[002;007H:[002;008H [002;009HL[002;010Ho[002;011Ha[002;012Hd[002;013Hi[002;014Hn[002;015Hg[002;016H [002;017Hm[002;018Ho[002;019Hd[002;020Hu[002;021Hl[002;022He[002;023H [002;024H`[002;025Hb[002;026Ho[002;027Ho[002;028Ht[002;029H([002;030H)[002;031H:[002;032H/[002;033Hb[002;034Ho[002;035Ho[002;036Ht[002;037H/[002;038Hi[002;039Hn[002;040Hi[002;041Ht[002;042H.[002;043He[002;044Hl[002;045Hf[002;046H`[002;047H.[002;048H.[002;049H.[002;050H[002;001H[003;001Hl[003;002Hi[003;003Hm[003;004Hi[003;005Hn[003;006He[003;007H:[003;008H [003;009HL[003;010Ho[003;011Ha[003;012Hd[003;013Hi[003;014Hn[003;015Hg[003;016H [003;017Hm[003;018Ho[003;019Hd[003;020Hu[003;021Hl[003;022He[003;023H [003;024H`[003;025Hb[003;026Ho[003;027Ho[003;028Ht[003;029H([003;030H)[003;031H:[003;032H/[003;033Hb[003;034Ho[003;035Ho[003;036Ht[003;037H/[003;038Hr[003;039Ha[003;040Hm[003;041Hf[003;042Hs[003;043H.[003;044He[003;045Hl[003;046Hf[003;047H`[003;048H.[003;049H.[003;050H.[003;051H[003;001H[004;001Hl[004;002Hi[004;003Hm[004;004Hi[004;005Hn[004;006He[004;007H:[004;008H [004;009HL[004;010Ho[004;011Ha[004;012Hd[004;013Hi[004;014Hn[004;015Hg[004;016H [004;017Hm[004;018Ho[004;019Hd[004;020Hu[004;021Hl[004;022He[004;023H [004;024H`[004;025Hb[004;026Ho[004;027Ho[004;028Ht[004;029H([004;030H)[004;031H:[004;032H/[004;033Hb[004;034Ho[004;035Ho[004;036Ht[004;037H/[004;038Hs[004;039Hc[004;040Hr[004;041Hi[004;042Hp[004;043Ht[004;044H_[004;045Hs[004;046He[004;047Hs[004;048Hs[004;049Hi[004;050Ho[004;051Hn[004;052H.[004;053He[004;054Hl[004;055Hf[004;056H`[004;057H.[004;058H.[004;059H.[004;060H[004;001H[005;001Hl[005;002Hi[005;003Hm[005;004Hi[005;005Hn[005;006He[005;007H:[005;008H [005;009HL[005;010Ho[005;011Ha[005;012Hd[005;013Hi[005;014Hn[005;015Hg[005;016H [005;017Hm[005;018Ho[005;019Hd[005;020Hu[005;021Hl[005;022He[005;023H [005;024H`[005;025Hb[005;026Ho[005;027Ho[005;028Ht[005;029H([005;030H)[005;031H:[005;032H/[005;033Hb[005;034Ho[005;035Ho[005;036Ht[005;037H/[005;038Hr[005;039Ha[005;040Hm[005;041Hf[005;042Hs[005;043H.[005;044Hi[005;045Hm[005;046Hg[005;047H`[005;048H.[005;049H.[005;050H.[005;051H[005;001H[006;001HGAXERA: BOOT_STACK_READY
GAXERA: DESCRIPTORS_AND_IDT_READY
GAXERA: BOOT_CONTEXT_READY kernel_phys=0x0000000019a6c000 kernel_virt=0xffffffff80000000 rsdp_phys=0x000000001fb7e014
GAXERA: MEMMAP_BEGIN count=34
GAXERA: MEMMAP_REGION index=0 start=0x0000000000000000 end=0x0000000000087000 len=0x0000000000087000 source_type=0 class=usable allocator=eligible reservation=none
GAXERA: MEMMAP_REGION index=1 start=0x0000000000087000 end=0x0000000000088000 len=0x0000000000001000 source_type=5 class=bootloader-reclaimable allocator=ineligible reservation=none
GAXERA: MEMMAP_REGION index=2 start=0x0000000000088000 end=0x00000000000a0000 len=0x0000000000018000 source_type=0 class=usable allocator=eligible reservation=none
GAXERA: MEMMAP_REGION index=3 start=0x0000000000100000 end=0x0000000000800000 len=0x0000000000700000 source_type=0 class=usable allocator=eligible reservation=none
GAXERA: MEMMAP_REGION index=4 start=0x0000000000800000 end=0x0000000000808000 len=0x0000000000008000 source_type=3 class=acpi-nvs allocator=ineligible reservation=none
GAXERA: MEMMAP_REGION index=5 start=0x0000000000808000 end=0x000000000080b000 len=0x0000000000003000 source_type=0 class=usable allocator=eligible reservation=none
GAXERA: MEMMAP_REGION index=6 start=0x000000000080b000 end=0x000000000080c000 len=0x0000000000001000 source_type=3 class=acpi-nvs allocator=ineligible reservation=none
GAXERA: MEMMAP_REGION index=7 start=0x000000000080c000 end=0x0000000000814000 len=0x0000000000008000 source_type=0 class=usable allocator=eligible reservation=none
GAXERA: MEMMAP_REGION index=8 start=0x0000000000814000 end=0x0000000000900000 len=0x00000000000ec000 source_type=3 class=acpi-nvs allocator=ineligible reservation=none
GAXERA: MEMMAP_REGION index=9 start=0x0000000000900000 end=0x0000000001780000 len=0x0000000000e80000 source_type=5 class=bootloader-reclaimable allocator=ineligible reservation=none
GAXERA: MEMMAP_REGION index=10 start=0x0000000001780000 end=0x0000000019102000 len=0x0000000017982000 source_type=0 class=usable allocator=eligible reservation=none
GAXERA: MEMMAP_REGION index=11 start=0x0000000019102000 end=0x000000001910f000 len=0x000000000000d000 source_type=5 class=bootloader-reclaimable allocator=ineligible reservation=none
GAXERA: MEMMAP_REGION index=12 start=0x000000001910f000 end=0x00000000193bd000 len=0x00000000002ae000 source_type=6 class=executable-and-modules allocator=ineligible reservation=none
GAXERA: MEMMAP_REGION index=13 start=0x00000000193bd000 end=0x000000001966b000 len=0x00000000002ae000 source_type=6 class=executable-and-modules allocator=ineligible reservation=none
GAXERA: MEMMAP_REGION index=14 start=0x000000001966b000 end=0x0000000019a6c000 len=0x0000000000401000 source_type=6 class=executable-and-modules allocator=ineligible reservation=none
GAXERA: MEMMAP_REGION index=15 start=0x0000000019a6c000 end=0x0000000019b65000 len=0x00000000000f9000 source_type=6 class=executable-and-modules allocator=ineligible reservation=none
GAXERA: MEMMAP_REGION index=16 start=0x0000000019b65000 end=0x000000001a66c000 len=0x0000000000b07000 source_type=5 class=bootloader-reclaimable allocator=ineligible reservation=none
GAXERA: MEMMAP_REGION index=17 start=0x000000001a66c000 end=0x000000001bf6c000 len=0x0000000001900000 source_type=0 class=usable allocator=eligible reservation=none
GAXERA: MEMMAP_REGION index=18 start=0x000000001bf6c000 end=0x000000001bfaa000 len=0x000000000003e000 source_type=5 class=bootloader-reclaimable allocator=ineligible reservation=none
GAXERA: MEMMAP_REGION index=19 start=0x000000001bfaa000 end=0x000000001bfab000 len=0x0000000000001000 source_type=6 class=executable-and-modules allocator=ineligible reservation=none
GAXERA: MEMMAP_REGION index=20 start=0x000000001bfab000 end=0x000000001bfaf000 len=0x0000000000004000 source_type=5 class=bootloader-reclaimable allocator=ineligible reservation=none
GAXERA: MEMMAP_REGION index=21 start=0x000000001bfaf000 end=0x000000001e6a0000 len=0x00000000026f1000 source_type=0 class=usable allocator=eligible reservation=none
GAXERA: MEMMAP_REGION index=22 start=0x000000001e6a0000 end=0x000000001ed3f000 len=0x000000000069f000 source_type=5 class=bootloader-reclaimable allocator=ineligible reservation=none
GAXERA: MEMMAP_REGION index=23 start=0x000000001ed3f000 end=0x000000001ee00000 len=0x00000000000c1000 source_type=8 class=mapped-reserved allocator=ineligible reservation=none
GAXERA: MEMMAP_REGION index=24 start=0x000000001ee00000 end=0x000000001f8ed000 len=0x0000000000aed000 source_type=5 class=bootloader-reclaimable allocator=ineligible reservation=none
GAXERA: MEMMAP_REGION index=25 start=0x000000001f8ed000 end=0x000000001faed000 len=0x0000000000200000 source_type=8 class=mapped-reserved allocator=ineligible reservation=none
GAXERA: MEMMAP_REGION index=26 start=0x000000001faed000 end=0x000000001fb6d000 len=0x0000000000080000 source_type=1 class=reserved allocator=ineligible reservation=none
GAXERA: MEMMAP_REGION index=27 start=0x000000001fb6d000 end=0x000000001fb7f000 len=0x0000000000012000 source_type=2 class=acpi-reclaimable allocator=ineligible reservation=none
GAXERA: MEMMAP_REGION index=28 start=0x000000001fb7f000 end=0x000000001fbff000 len=0x0000000000080000 source_type=3 class=acpi-nvs allocator=ineligible reservation=none
GAXERA: MEMMAP_REGION index=29 start=0x000000001fbff000 end=0x000000001fef4000 len=0x00000000002f5000 source_type=5 class=bootloader-reclaimable allocator=ineligible reservation=none
GAXERA: MEMMAP_REGION index=30 start=0x000000001fef4000 end=0x000000001ff78000 len=0x0000000000084000 source_type=8 class=mapped-reserved allocator=ineligible reservation=none
GAXERA: MEMMAP_REGION index=31 start=0x000000001ff78000 end=0x0000000020000000 len=0x0000000000088000 source_type=3 class=acpi-nvs allocator=ineligible reservation=none
GAXERA: MEMMAP_REGION index=32 start=0x0000000080000000 end=0x00000000803e8000 len=0x00000000003e8000 source_type=7 class=framebuffer allocator=ineligible reservation=none
GAXERA: MEMMAP_REGION index=33 start=0x000000fd00000000 end=0x0000010000000000 len=0x0000000300000000 source_type=1 class=reserved allocator=ineligible reservation=none
GAXERA: MEMMAP_END
GAXERA: BOOTSTRAP_FRAME_ALLOCATOR_READY ranges=8
GAXERA: PAGING_HHDM_MAPPED
GAXERA: PAGING_TEXT_MAPPED
GAXERA: PAGING_FRAMEBUFFER_MAPPED
GAXERA: PAGE_TABLES_READY root=0x0000000000000000 reservations=3
GAXERA: CR3_GAXERA_OWNED
GAXERA: PHYSICAL_FRAME_ALLOCATOR_READY frames=114973 bitmap_words=1797
GAXERA: MEMORY_FOUNDATION_OK heap=0xfffffe8000001000 size=2097152 lower_guard=0xfffffe8000000000
GAXERA: KERNEL_ENTRY_OK
GAXERA: FRAMEBUFFER_OK (1280x800, pitch: 5120)
GAXERA: TEST_PATTERN_DRAWN
GAXERA: ACPI_MADT_READY local_apic_phys=0x00000000fee00000 override=false
GAXERA: ACPI_TEMPORARY_WINDOW_RELEASED
GAXERA: LOCAL_APIC_READY phys=0x00000000fee00000 vector=0xe0
GAXERA: PREEMPTION_TIMER_READY ticks_per_ms=63259
GAXERA: USER_COPY_FAULT_RECOVERED_OK
Guest-confirmed QEMU test passed.

--- Cooperative Yield Test ---
=== Building Gaxera Kernel ISO ===
Compiling kernel binary...
    Finished `dev` profile [unoptimized + debuginfo] target(s) in 0.03s
Compiling guest binary (init)...
    Finished `dev` profile [unoptimized + debuginfo] target(s) in 0.03s
Assembling ISO directory structure...
Compiling ramfs binary...
    Finished `dev` profile [unoptimized + debuginfo] target(s) in 0.03s
Compiling script_session binary...
    Finished `dev` profile [unoptimized + debuginfo] target(s) in 0.03s
Packaging GaxFS ramfs.img...
Packaging bootable ISO image via xorriso...
xorriso 1.5.6 : RockRidge filesystem manipulator, libburnia project.

Drive current: -outdev 'stdio:target/gaxera.iso'
Media current: stdio file, overwriteable
Media status : is blank
Media summary: 0 sessions, 0 data blocks, 0 data,  943g free
Added to ISO image: directory '/'='/home/nyx/gaxera/target/iso_root'
xorriso : UPDATE :      16 files added in 1 seconds
xorriso : UPDATE :      16 files added in 1 seconds
ISO image produced: 12674 sectors
Written to medium : 12674 sectors at LBA 0
Writing to 'stdio:target/gaxera.iso' completed successfully.

Installing bootloader record sector...
Physical block size of 512 bytes.
Installing to GPT. Logical block size of 512 bytes.
Secondary header at LBA 0xc607.
Secondary header valid.
Detected ISOHYBRID with a GUID partition table (GPT).
Converting to MBR for improved compatibility...
Conversion successful.
No active partition found, some systems may not boot.
Setting partition 1 as active to work around the issue...
Installing to MBR.
Stage 2 to be located at byte offset 0x200.
Reminder: Remember to copy the limine-bios.sys file in either
          the root, /boot, /limine, or /boot/limine directories of
          one of the partitions on the device, or boot will fail!
Limine BIOS stages installed successfully.
Gaxera packaging successfully compiled to target/gaxera.iso!
=== Launching QEMU Virtual Machine ===
OVMF UEFI firmware detected. Booting in UEFI mode.
Headless mode selected.
[2J[001;001H[=3h[2J[001;001H[2J[001;001H[8;056;240t[2J[001;001H[2J[001;001H[=3h[2J[001;001H[2J[001;001H[8;042;160t[2J[001;001HBdsDxe: loading Boot0002 "UEFI QEMU DVD-ROM QM00003 " from PciRoot(0x0)/Pci(0x1,0x1)/Ata(Secondary,Master,0x0)
BdsDxe: starting Boot0002 "UEFI QEMU DVD-ROM QM00003 " from PciRoot(0x0)/Pci(0x1,0x1)/Ata(Secondary,Master,0x0)
[001;001H[001;001H[001;001Hl[001;002Hi[001;003Hm[001;004Hi[001;005Hn[001;006He[001;007H:[001;008H [001;009HL[001;010Ho[001;011Ha[001;012Hd[001;013Hi[001;014Hn[001;015Hg[001;016H [001;017He[001;018Hx[001;019He[001;020Hc[001;021Hu[001;022Ht[001;023Ha[001;024Hb[001;025Hl[001;026He[001;027H [001;028H`[001;029Hb[001;030Ho[001;031Ho[001;032Ht[001;033H([001;034H)[001;035H:[001;036H/[001;037Hb[001;038Ho[001;039Ho[001;040Ht[001;041H/[001;042Hg[001;043Ha[001;044Hx[001;045He[001;046Hr[001;047Ha[001;048H.[001;049He[001;050Hl[001;051Hf[001;052H`[001;053H.[001;054H.[001;055H.[001;056H[001;001H[002;001Hl[002;002Hi[002;003Hm[002;004Hi[002;005Hn[002;006He[002;007H:[002;008H [002;009HL[002;010Ho[002;011Ha[002;012Hd[002;013Hi[002;014Hn[002;015Hg[002;016H [002;017Hm[002;018Ho[002;019Hd[002;020Hu[002;021Hl[002;022He[002;023H [002;024H`[002;025Hb[002;026Ho[002;027Ho[002;028Ht[002;029H([002;030H)[002;031H:[002;032H/[002;033Hb[002;034Ho[002;035Ho[002;036Ht[002;037H/[002;038Hi[002;039Hn[002;040Hi[002;041Ht[002;042H.[002;043He[002;044Hl[002;045Hf[002;046H`[002;047H.[002;048H.[002;049H.[002;050H[002;001H[003;001Hl[003;002Hi[003;003Hm[003;004Hi[003;005Hn[003;006He[003;007H:[003;008H [003;009HL[003;010Ho[003;011Ha[003;012Hd[003;013Hi[003;014Hn[003;015Hg[003;016H [003;017Hm[003;018Ho[003;019Hd[003;020Hu[003;021Hl[003;022He[003;023H [003;024H`[003;025Hb[003;026Ho[003;027Ho[003;028Ht[003;029H([003;030H)[003;031H:[003;032H/[003;033Hb[003;034Ho[003;035Ho[003;036Ht[003;037H/[003;038Hr[003;039Ha[003;040Hm[003;041Hf[003;042Hs[003;043H.[003;044He[003;045Hl[003;046Hf[003;047H`[003;048H.[003;049H.[003;050H.[003;051H[003;001H[004;001Hl[004;002Hi[004;003Hm[004;004Hi[004;005Hn[004;006He[004;007H:[004;008H [004;009HL[004;010Ho[004;011Ha[004;012Hd[004;013Hi[004;014Hn[004;015Hg[004;016H [004;017Hm[004;018Ho[004;019Hd[004;020Hu[004;021Hl[004;022He[004;023H [004;024H`[004;025Hb[004;026Ho[004;027Ho[004;028Ht[004;029H([004;030H)[004;031H:[004;032H/[004;033Hb[004;034Ho[004;035Ho[004;036Ht[004;037H/[004;038Hs[004;039Hc[004;040Hr[004;041Hi[004;042Hp[004;043Ht[004;044H_[004;045Hs[004;046He[004;047Hs[004;048Hs[004;049Hi[004;050Ho[004;051Hn[004;052H.[004;053He[004;054Hl[004;055Hf[004;056H`[004;057H.[004;058H.[004;059H.[004;060H[004;001H[005;001Hl[005;002Hi[005;003Hm[005;004Hi[005;005Hn[005;006He[005;007H:[005;008H [005;009HL[005;010Ho[005;011Ha[005;012Hd[005;013Hi[005;014Hn[005;015Hg[005;016H [005;017Hm[005;018Ho[005;019Hd[005;020Hu[005;021Hl[005;022He[005;023H [005;024H`[005;025Hb[005;026Ho[005;027Ho[005;028Ht[005;029H([005;030H)[005;031H:[005;032H/[005;033Hb[005;034Ho[005;035Ho[005;036Ht[005;037H/[005;038Hr[005;039Ha[005;040Hm[005;041Hf[005;042Hs[005;043H.[005;044Hi[005;045Hm[005;046Hg[005;047H`[005;048H.[005;049H.[005;050H.[005;051H[005;001H[006;001HGAXERA: BOOT_STACK_READY
GAXERA: DESCRIPTORS_AND_IDT_READY
GAXERA: BOOT_CONTEXT_READY kernel_phys=0x0000000019a60000 kernel_virt=0xffffffff80000000 rsdp_phys=0x000000001fb7e014
GAXERA: MEMMAP_BEGIN count=34
GAXERA: MEMMAP_REGION index=0 start=0x0000000000000000 end=0x0000000000087000 len=0x0000000000087000 source_type=0 class=usable allocator=eligible reservation=none
GAXERA: MEMMAP_REGION index=1 start=0x0000000000087000 end=0x0000000000088000 len=0x0000000000001000 source_type=5 class=bootloader-reclaimable allocator=ineligible reservation=none
GAXERA: MEMMAP_REGION index=2 start=0x0000000000088000 end=0x00000000000a0000 len=0x0000000000018000 source_type=0 class=usable allocator=eligible reservation=none
GAXERA: MEMMAP_REGION index=3 start=0x0000000000100000 end=0x0000000000800000 len=0x0000000000700000 source_type=0 class=usable allocator=eligible reservation=none
GAXERA: MEMMAP_REGION index=4 start=0x0000000000800000 end=0x0000000000808000 len=0x0000000000008000 source_type=3 class=acpi-nvs allocator=ineligible reservation=none
GAXERA: MEMMAP_REGION index=5 start=0x0000000000808000 end=0x000000000080b000 len=0x0000000000003000 source_type=0 class=usable allocator=eligible reservation=none
GAXERA: MEMMAP_REGION index=6 start=0x000000000080b000 end=0x000000000080c000 len=0x0000000000001000 source_type=3 class=acpi-nvs allocator=ineligible reservation=none
GAXERA: MEMMAP_REGION index=7 start=0x000000000080c000 end=0x0000000000814000 len=0x0000000000008000 source_type=0 class=usable allocator=eligible reservation=none
GAXERA: MEMMAP_REGION index=8 start=0x0000000000814000 end=0x0000000000900000 len=0x00000000000ec000 source_type=3 class=acpi-nvs allocator=ineligible reservation=none
GAXERA: MEMMAP_REGION index=9 start=0x0000000000900000 end=0x0000000001780000 len=0x0000000000e80000 source_type=5 class=bootloader-reclaimable allocator=ineligible reservation=none
GAXERA: MEMMAP_REGION index=10 start=0x0000000001780000 end=0x00000000190f6000 len=0x0000000017976000 source_type=0 class=usable allocator=eligible reservation=none
GAXERA: MEMMAP_REGION index=11 start=0x00000000190f6000 end=0x0000000019103000 len=0x000000000000d000 source_type=5 class=bootloader-reclaimable allocator=ineligible reservation=none
GAXERA: MEMMAP_REGION index=12 start=0x0000000019103000 end=0x00000000193b1000 len=0x00000000002ae000 source_type=6 class=executable-and-modules allocator=ineligible reservation=none
GAXERA: MEMMAP_REGION index=13 start=0x00000000193b1000 end=0x000000001965f000 len=0x00000000002ae000 source_type=6 class=executable-and-modules allocator=ineligible reservation=none
GAXERA: MEMMAP_REGION index=14 start=0x000000001965f000 end=0x0000000019a60000 len=0x0000000000401000 source_type=6 class=executable-and-modules allocator=ineligible reservation=none
GAXERA: MEMMAP_REGION index=15 start=0x0000000019a60000 end=0x0000000019b5d000 len=0x00000000000fd000 source_type=6 class=executable-and-modules allocator=ineligible reservation=none
GAXERA: MEMMAP_REGION index=16 start=0x0000000019b5d000 end=0x000000001a66c000 len=0x0000000000b0f000 source_type=5 class=bootloader-reclaimable allocator=ineligible reservation=none
GAXERA: MEMMAP_REGION index=17 start=0x000000001a66c000 end=0x000000001bf6c000 len=0x0000000001900000 source_type=0 class=usable allocator=eligible reservation=none
GAXERA: MEMMAP_REGION index=18 start=0x000000001bf6c000 end=0x000000001bfaa000 len=0x000000000003e000 source_type=5 class=bootloader-reclaimable allocator=ineligible reservation=none
GAXERA: MEMMAP_REGION index=19 start=0x000000001bfaa000 end=0x000000001bfab000 len=0x0000000000001000 source_type=6 class=executable-and-modules allocator=ineligible reservation=none
GAXERA: MEMMAP_REGION index=20 start=0x000000001bfab000 end=0x000000001bfaf000 len=0x0000000000004000 source_type=5 class=bootloader-reclaimable allocator=ineligible reservation=none
GAXERA: MEMMAP_REGION index=21 start=0x000000001bfaf000 end=0x000000001e6a0000 len=0x00000000026f1000 source_type=0 class=usable allocator=eligible reservation=none
GAXERA: MEMMAP_REGION index=22 start=0x000000001e6a0000 end=0x000000001ed3f000 len=0x000000000069f000 source_type=5 class=bootloader-reclaimable allocator=ineligible reservation=none
GAXERA: MEMMAP_REGION index=23 start=0x000000001ed3f000 end=0x000000001ee00000 len=0x00000000000c1000 source_type=8 class=mapped-reserved allocator=ineligible reservation=none
GAXERA: MEMMAP_REGION index=24 start=0x000000001ee00000 end=0x000000001f8ed000 len=0x0000000000aed000 source_type=5 class=bootloader-reclaimable allocator=ineligible reservation=none
GAXERA: MEMMAP_REGION index=25 start=0x000000001f8ed000 end=0x000000001faed000 len=0x0000000000200000 source_type=8 class=mapped-reserved allocator=ineligible reservation=none
GAXERA: MEMMAP_REGION index=26 start=0x000000001faed000 end=0x000000001fb6d000 len=0x0000000000080000 source_type=1 class=reserved allocator=ineligible reservation=none
GAXERA: MEMMAP_REGION index=27 start=0x000000001fb6d000 end=0x000000001fb7f000 len=0x0000000000012000 source_type=2 class=acpi-reclaimable allocator=ineligible reservation=none
GAXERA: MEMMAP_REGION index=28 start=0x000000001fb7f000 end=0x000000001fbff000 len=0x0000000000080000 source_type=3 class=acpi-nvs allocator=ineligible reservation=none
GAXERA: MEMMAP_REGION index=29 start=0x000000001fbff000 end=0x000000001fef4000 len=0x00000000002f5000 source_type=5 class=bootloader-reclaimable allocator=ineligible reservation=none
GAXERA: MEMMAP_REGION index=30 start=0x000000001fef4000 end=0x000000001ff78000 len=0x0000000000084000 source_type=8 class=mapped-reserved allocator=ineligible reservation=none
GAXERA: MEMMAP_REGION index=31 start=0x000000001ff78000 end=0x0000000020000000 len=0x0000000000088000 source_type=3 class=acpi-nvs allocator=ineligible reservation=none
GAXERA: MEMMAP_REGION index=32 start=0x0000000080000000 end=0x00000000803e8000 len=0x00000000003e8000 source_type=7 class=framebuffer allocator=ineligible reservation=none
GAXERA: MEMMAP_REGION index=33 start=0x000000fd00000000 end=0x0000010000000000 len=0x0000000300000000 source_type=1 class=reserved allocator=ineligible reservation=none
GAXERA: MEMMAP_END
GAXERA: BOOTSTRAP_FRAME_ALLOCATOR_READY ranges=8
GAXERA: PAGING_HHDM_MAPPED
GAXERA: PAGING_TEXT_MAPPED
GAXERA: PAGING_FRAMEBUFFER_MAPPED
GAXERA: PAGE_TABLES_READY root=0x0000000000000000 reservations=3
GAXERA: CR3_GAXERA_OWNED
GAXERA: PHYSICAL_FRAME_ALLOCATOR_READY frames=114961 bitmap_words=1797
GAXERA: MEMORY_FOUNDATION_OK heap=0xfffffe8000001000 size=2097152 lower_guard=0xfffffe8000000000
GAXERA: KERNEL_ENTRY_OK
GAXERA: FRAMEBUFFER_OK (1280x800, pitch: 5120)
GAXERA: TEST_PATTERN_DRAWN
GAXERA: ACPI_MADT_READY local_apic_phys=0x00000000fee00000 override=false
GAXERA: ACPI_TEMPORARY_WINDOW_RELEASED
GAXERA: LOCAL_APIC_READY phys=0x00000000fee00000 vector=0xe0
GAXERA: PREEMPTION_TIMER_READY ticks_per_ms=64191
GAXERA: TEST_PATTERN_DRAWN
GAXERA: COOPERATIVE_YIELD_OK
Guest-confirmed QEMU test passed.

--- Context Preservation Test ---
=== Building Gaxera Kernel ISO ===
Compiling kernel binary...
    Finished `dev` profile [unoptimized + debuginfo] target(s) in 0.04s
Compiling guest binary (init)...
    Finished `dev` profile [unoptimized + debuginfo] target(s) in 0.03s
Assembling ISO directory structure...
Compiling ramfs binary...
    Finished `dev` profile [unoptimized + debuginfo] target(s) in 0.03s
Compiling script_session binary...
    Finished `dev` profile [unoptimized + debuginfo] target(s) in 0.03s
Packaging GaxFS ramfs.img...
Packaging bootable ISO image via xorriso...
xorriso 1.5.6 : RockRidge filesystem manipulator, libburnia project.

Drive current: -outdev 'stdio:target/gaxera.iso'
Media current: stdio file, overwriteable
Media status : is blank
Media summary: 0 sessions, 0 data blocks, 0 data,  943g free
Added to ISO image: directory '/'='/home/nyx/gaxera/target/iso_root'
xorriso : UPDATE :      16 files added in 1 seconds
xorriso : UPDATE :      16 files added in 1 seconds
ISO image produced: 12674 sectors
Written to medium : 12674 sectors at LBA 0
Writing to 'stdio:target/gaxera.iso' completed successfully.

Installing bootloader record sector...
Physical block size of 512 bytes.
Installing to GPT. Logical block size of 512 bytes.
Secondary header at LBA 0xc607.
Secondary header valid.
Detected ISOHYBRID with a GUID partition table (GPT).
Converting to MBR for improved compatibility...
Conversion successful.
No active partition found, some systems may not boot.
Setting partition 1 as active to work around the issue...
Installing to MBR.
Stage 2 to be located at byte offset 0x200.
Reminder: Remember to copy the limine-bios.sys file in either
          the root, /boot, /limine, or /boot/limine directories of
          one of the partitions on the device, or boot will fail!
Limine BIOS stages installed successfully.
Gaxera packaging successfully compiled to target/gaxera.iso!
=== Launching QEMU Virtual Machine ===
OVMF UEFI firmware detected. Booting in UEFI mode.
Headless mode selected.
[2J[001;001H[=3h[2J[001;001H[2J[001;001H[8;056;240t[2J[001;001H[2J[001;001H[=3h[2J[001;001H[2J[001;001H[8;042;160t[2J[001;001HBdsDxe: loading Boot0002 "UEFI QEMU DVD-ROM QM00003 " from PciRoot(0x0)/Pci(0x1,0x1)/Ata(Secondary,Master,0x0)
BdsDxe: starting Boot0002 "UEFI QEMU DVD-ROM QM00003 " from PciRoot(0x0)/Pci(0x1,0x1)/Ata(Secondary,Master,0x0)
[001;001H[001;001H[001;001Hl[001;002Hi[001;003Hm[001;004Hi[001;005Hn[001;006He[001;007H:[001;008H [001;009HL[001;010Ho[001;011Ha[001;012Hd[001;013Hi[001;014Hn[001;015Hg[001;016H [001;017He[001;018Hx[001;019He[001;020Hc[001;021Hu[001;022Ht[001;023Ha[001;024Hb[001;025Hl[001;026He[001;027H [001;028H`[001;029Hb[001;030Ho[001;031Ho[001;032Ht[001;033H([001;034H)[001;035H:[001;036H/[001;037Hb[001;038Ho[001;039Ho[001;040Ht[001;041H/[001;042Hg[001;043Ha[001;044Hx[001;045He[001;046Hr[001;047Ha[001;048H.[001;049He[001;050Hl[001;051Hf[001;052H`[001;053H.[001;054H.[001;055H.[001;056H[001;001H[002;001Hl[002;002Hi[002;003Hm[002;004Hi[002;005Hn[002;006He[002;007H:[002;008H [002;009HL[002;010Ho[002;011Ha[002;012Hd[002;013Hi[002;014Hn[002;015Hg[002;016H [002;017Hm[002;018Ho[002;019Hd[002;020Hu[002;021Hl[002;022He[002;023H [002;024H`[002;025Hb[002;026Ho[002;027Ho[002;028Ht[002;029H([002;030H)[002;031H:[002;032H/[002;033Hb[002;034Ho[002;035Ho[002;036Ht[002;037H/[002;038Hi[002;039Hn[002;040Hi[002;041Ht[002;042H.[002;043He[002;044Hl[002;045Hf[002;046H`[002;047H.[002;048H.[002;049H.[002;050H[002;001H[003;001Hl[003;002Hi[003;003Hm[003;004Hi[003;005Hn[003;006He[003;007H:[003;008H [003;009HL[003;010Ho[003;011Ha[003;012Hd[003;013Hi[003;014Hn[003;015Hg[003;016H [003;017Hm[003;018Ho[003;019Hd[003;020Hu[003;021Hl[003;022He[003;023H [003;024H`[003;025Hb[003;026Ho[003;027Ho[003;028Ht[003;029H([003;030H)[003;031H:[003;032H/[003;033Hb[003;034Ho[003;035Ho[003;036Ht[003;037H/[003;038Hr[003;039Ha[003;040Hm[003;041Hf[003;042Hs[003;043H.[003;044He[003;045Hl[003;046Hf[003;047H`[003;048H.[003;049H.[003;050H.[003;051H[003;001H[004;001Hl[004;002Hi[004;003Hm[004;004Hi[004;005Hn[004;006He[004;007H:[004;008H [004;009HL[004;010Ho[004;011Ha[004;012Hd[004;013Hi[004;014Hn[004;015Hg[004;016H [004;017Hm[004;018Ho[004;019Hd[004;020Hu[004;021Hl[004;022He[004;023H [004;024H`[004;025Hb[004;026Ho[004;027Ho[004;028Ht[004;029H([004;030H)[004;031H:[004;032H/[004;033Hb[004;034Ho[004;035Ho[004;036Ht[004;037H/[004;038Hs[004;039Hc[004;040Hr[004;041Hi[004;042Hp[004;043Ht[004;044H_[004;045Hs[004;046He[004;047Hs[004;048Hs[004;049Hi[004;050Ho[004;051Hn[004;052H.[004;053He[004;054Hl[004;055Hf[004;056H`[004;057H.[004;058H.[004;059H.[004;060H[004;001H[005;001Hl[005;002Hi[005;003Hm[005;004Hi[005;005Hn[005;006He[005;007H:[005;008H [005;009HL[005;010Ho[005;011Ha[005;012Hd[005;013Hi[005;014Hn[005;015Hg[005;016H [005;017Hm[005;018Ho[005;019Hd[005;020Hu[005;021Hl[005;022He[005;023H [005;024H`[005;025Hb[005;026Ho[005;027Ho[005;028Ht[005;029H([005;030H)[005;031H:[005;032H/[005;033Hb[005;034Ho[005;035Ho[005;036Ht[005;037H/[005;038Hr[005;039Ha[005;040Hm[005;041Hf[005;042Hs[005;043H.[005;044Hi[005;045Hm[005;046Hg[005;047H`[005;048H.[005;049H.[005;050H.[005;051H[005;001H[006;001HGAXERA: BOOT_STACK_READY
GAXERA: DESCRIPTORS_AND_IDT_READY
GAXERA: BOOT_CONTEXT_READY kernel_phys=0x0000000019a60000 kernel_virt=0xffffffff80000000 rsdp_phys=0x000000001fb7e014
GAXERA: MEMMAP_BEGIN count=34
GAXERA: MEMMAP_REGION index=0 start=0x0000000000000000 end=0x0000000000087000 len=0x0000000000087000 source_type=0 class=usable allocator=eligible reservation=none
GAXERA: MEMMAP_REGION index=1 start=0x0000000000087000 end=0x0000000000088000 len=0x0000000000001000 source_type=5 class=bootloader-reclaimable allocator=ineligible reservation=none
GAXERA: MEMMAP_REGION index=2 start=0x0000000000088000 end=0x00000000000a0000 len=0x0000000000018000 source_type=0 class=usable allocator=eligible reservation=none
GAXERA: MEMMAP_REGION index=3 start=0x0000000000100000 end=0x0000000000800000 len=0x0000000000700000 source_type=0 class=usable allocator=eligible reservation=none
GAXERA: MEMMAP_REGION index=4 start=0x0000000000800000 end=0x0000000000808000 len=0x0000000000008000 source_type=3 class=acpi-nvs allocator=ineligible reservation=none
GAXERA: MEMMAP_REGION index=5 start=0x0000000000808000 end=0x000000000080b000 len=0x0000000000003000 source_type=0 class=usable allocator=eligible reservation=none
GAXERA: MEMMAP_REGION index=6 start=0x000000000080b000 end=0x000000000080c000 len=0x0000000000001000 source_type=3 class=acpi-nvs allocator=ineligible reservation=none
GAXERA: MEMMAP_REGION index=7 start=0x000000000080c000 end=0x0000000000814000 len=0x0000000000008000 source_type=0 class=usable allocator=eligible reservation=none
GAXERA: MEMMAP_REGION index=8 start=0x0000000000814000 end=0x0000000000900000 len=0x00000000000ec000 source_type=3 class=acpi-nvs allocator=ineligible reservation=none
GAXERA: MEMMAP_REGION index=9 start=0x0000000000900000 end=0x0000000001780000 len=0x0000000000e80000 source_type=5 class=bootloader-reclaimable allocator=ineligible reservation=none
GAXERA: MEMMAP_REGION index=10 start=0x0000000001780000 end=0x00000000190f6000 len=0x0000000017976000 source_type=0 class=usable allocator=eligible reservation=none
GAXERA: MEMMAP_REGION index=11 start=0x00000000190f6000 end=0x0000000019103000 len=0x000000000000d000 source_type=5 class=bootloader-reclaimable allocator=ineligible reservation=none
GAXERA: MEMMAP_REGION index=12 start=0x0000000019103000 end=0x00000000193b1000 len=0x00000000002ae000 source_type=6 class=executable-and-modules allocator=ineligible reservation=none
GAXERA: MEMMAP_REGION index=13 start=0x00000000193b1000 end=0x000000001965f000 len=0x00000000002ae000 source_type=6 class=executable-and-modules allocator=ineligible reservation=none
GAXERA: MEMMAP_REGION index=14 start=0x000000001965f000 end=0x0000000019a60000 len=0x0000000000401000 source_type=6 class=executable-and-modules allocator=ineligible reservation=none
GAXERA: MEMMAP_REGION index=15 start=0x0000000019a60000 end=0x0000000019b5d000 len=0x00000000000fd000 source_type=6 class=executable-and-modules allocator=ineligible reservation=none
GAXERA: MEMMAP_REGION index=16 start=0x0000000019b5d000 end=0x000000001a66c000 len=0x0000000000b0f000 source_type=5 class=bootloader-reclaimable allocator=ineligible reservation=none
GAXERA: MEMMAP_REGION index=17 start=0x000000001a66c000 end=0x000000001bf6c000 len=0x0000000001900000 source_type=0 class=usable allocator=eligible reservation=none
GAXERA: MEMMAP_REGION index=18 start=0x000000001bf6c000 end=0x000000001bfaa000 len=0x000000000003e000 source_type=5 class=bootloader-reclaimable allocator=ineligible reservation=none
GAXERA: MEMMAP_REGION index=19 start=0x000000001bfaa000 end=0x000000001bfab000 len=0x0000000000001000 source_type=6 class=executable-and-modules allocator=ineligible reservation=none
GAXERA: MEMMAP_REGION index=20 start=0x000000001bfab000 end=0x000000001bfaf000 len=0x0000000000004000 source_type=5 class=bootloader-reclaimable allocator=ineligible reservation=none
GAXERA: MEMMAP_REGION index=21 start=0x000000001bfaf000 end=0x000000001e6a0000 len=0x00000000026f1000 source_type=0 class=usable allocator=eligible reservation=none
GAXERA: MEMMAP_REGION index=22 start=0x000000001e6a0000 end=0x000000001ed3f000 len=0x000000000069f000 source_type=5 class=bootloader-reclaimable allocator=ineligible reservation=none
GAXERA: MEMMAP_REGION index=23 start=0x000000001ed3f000 end=0x000000001ee00000 len=0x00000000000c1000 source_type=8 class=mapped-reserved allocator=ineligible reservation=none
GAXERA: MEMMAP_REGION index=24 start=0x000000001ee00000 end=0x000000001f8ed000 len=0x0000000000aed000 source_type=5 class=bootloader-reclaimable allocator=ineligible reservation=none
GAXERA: MEMMAP_REGION index=25 start=0x000000001f8ed000 end=0x000000001faed000 len=0x0000000000200000 source_type=8 class=mapped-reserved allocator=ineligible reservation=none
GAXERA: MEMMAP_REGION index=26 start=0x000000001faed000 end=0x000000001fb6d000 len=0x0000000000080000 source_type=1 class=reserved allocator=ineligible reservation=none
GAXERA: MEMMAP_REGION index=27 start=0x000000001fb6d000 end=0x000000001fb7f000 len=0x0000000000012000 source_type=2 class=acpi-reclaimable allocator=ineligible reservation=none
GAXERA: MEMMAP_REGION index=28 start=0x000000001fb7f000 end=0x000000001fbff000 len=0x0000000000080000 source_type=3 class=acpi-nvs allocator=ineligible reservation=none
GAXERA: MEMMAP_REGION index=29 start=0x000000001fbff000 end=0x000000001fef4000 len=0x00000000002f5000 source_type=5 class=bootloader-reclaimable allocator=ineligible reservation=none
GAXERA: MEMMAP_REGION index=30 start=0x000000001fef4000 end=0x000000001ff78000 len=0x0000000000084000 source_type=8 class=mapped-reserved allocator=ineligible reservation=none
GAXERA: MEMMAP_REGION index=31 start=0x000000001ff78000 end=0x0000000020000000 len=0x0000000000088000 source_type=3 class=acpi-nvs allocator=ineligible reservation=none
GAXERA: MEMMAP_REGION index=32 start=0x0000000080000000 end=0x00000000803e8000 len=0x00000000003e8000 source_type=7 class=framebuffer allocator=ineligible reservation=none
GAXERA: MEMMAP_REGION index=33 start=0x000000fd00000000 end=0x0000010000000000 len=0x0000000300000000 source_type=1 class=reserved allocator=ineligible reservation=none
GAXERA: MEMMAP_END
GAXERA: BOOTSTRAP_FRAME_ALLOCATOR_READY ranges=8
GAXERA: PAGING_HHDM_MAPPED
GAXERA: PAGING_TEXT_MAPPED
GAXERA: PAGING_FRAMEBUFFER_MAPPED
GAXERA: PAGE_TABLES_READY root=0x0000000000000000 reservations=3
GAXERA: CR3_GAXERA_OWNED
GAXERA: PHYSICAL_FRAME_ALLOCATOR_READY frames=114961 bitmap_words=1797
GAXERA: MEMORY_FOUNDATION_OK heap=0xfffffe8000001000 size=2097152 lower_guard=0xfffffe8000000000
GAXERA: KERNEL_ENTRY_OK
GAXERA: FRAMEBUFFER_OK (1280x800, pitch: 5120)
GAXERA: TEST_PATTERN_DRAWN
GAXERA: ACPI_MADT_READY local_apic_phys=0x00000000fee00000 override=false
GAXERA: ACPI_TEMPORARY_WINDOW_RELEASED
GAXERA: LOCAL_APIC_READY phys=0x00000000fee00000 vector=0xe0
GAXERA: PREEMPTION_TIMER_READY ticks_per_ms=63384
GAXERA: TEST_PATTERN_DRAWN
GAXERA: CONTEXT_PRESERVATION_OK
Guest-confirmed QEMU test passed.

--- IPC Test ---
=== Building Gaxera Kernel ISO ===
Compiling kernel binary...
    Finished `dev` profile [unoptimized + debuginfo] target(s) in 0.04s
Compiling guest binary (init)...
    Finished `dev` profile [unoptimized + debuginfo] target(s) in 0.04s
Assembling ISO directory structure...
Compiling ramfs binary...
    Finished `dev` profile [unoptimized + debuginfo] target(s) in 0.03s
Compiling script_session binary...
    Finished `dev` profile [unoptimized + debuginfo] target(s) in 0.04s
Packaging GaxFS ramfs.img...
Packaging bootable ISO image via xorriso...
xorriso 1.5.6 : RockRidge filesystem manipulator, libburnia project.

Drive current: -outdev 'stdio:target/gaxera.iso'
Media current: stdio file, overwriteable
Media status : is blank
Media summary: 0 sessions, 0 data blocks, 0 data,  943g free
Added to ISO image: directory '/'='/home/nyx/gaxera/target/iso_root'
xorriso : UPDATE :      16 files added in 1 seconds
xorriso : UPDATE :      16 files added in 1 seconds
ISO image produced: 12694 sectors
Written to medium : 12694 sectors at LBA 0
Writing to 'stdio:target/gaxera.iso' completed successfully.

Installing bootloader record sector...
Physical block size of 512 bytes.
Installing to GPT. Logical block size of 512 bytes.
Secondary header at LBA 0xc657.
Secondary header valid.
Detected ISOHYBRID with a GUID partition table (GPT).
Converting to MBR for improved compatibility...
Conversion successful.
No active partition found, some systems may not boot.
Setting partition 1 as active to work around the issue...
Installing to MBR.
Stage 2 to be located at byte offset 0x200.
Reminder: Remember to copy the limine-bios.sys file in either
          the root, /boot, /limine, or /boot/limine directories of
          one of the partitions on the device, or boot will fail!
Limine BIOS stages installed successfully.
Gaxera packaging successfully compiled to target/gaxera.iso!
=== Launching QEMU Virtual Machine ===
OVMF UEFI firmware detected. Booting in UEFI mode.
Headless mode selected.
[2J[001;001H[=3h[2J[001;001H[2J[001;001H[8;056;240t[2J[001;001H[2J[001;001H[=3h[2J[001;001H[2J[001;001H[8;042;160t[2J[001;001HBdsDxe: loading Boot0002 "UEFI QEMU DVD-ROM QM00003 " from PciRoot(0x0)/Pci(0x1,0x1)/Ata(Secondary,Master,0x0)
BdsDxe: starting Boot0002 "UEFI QEMU DVD-ROM QM00003 " from PciRoot(0x0)/Pci(0x1,0x1)/Ata(Secondary,Master,0x0)
[001;001H[001;001H[001;001Hl[001;002Hi[001;003Hm[001;004Hi[001;005Hn[001;006He[001;007H:[001;008H [001;009HL[001;010Ho[001;011Ha[001;012Hd[001;013Hi[001;014Hn[001;015Hg[001;016H [001;017He[001;018Hx[001;019He[001;020Hc[001;021Hu[001;022Ht[001;023Ha[001;024Hb[001;025Hl[001;026He[001;027H [001;028H`[001;029Hb[001;030Ho[001;031Ho[001;032Ht[001;033H([001;034H)[001;035H:[001;036H/[001;037Hb[001;038Ho[001;039Ho[001;040Ht[001;041H/[001;042Hg[001;043Ha[001;044Hx[001;045He[001;046Hr[001;047Ha[001;048H.[001;049He[001;050Hl[001;051Hf[001;052H`[001;053H.[001;054H.[001;055H.[001;056H[001;001H[002;001Hl[002;002Hi[002;003Hm[002;004Hi[002;005Hn[002;006He[002;007H:[002;008H [002;009HL[002;010Ho[002;011Ha[002;012Hd[002;013Hi[002;014Hn[002;015Hg[002;016H [002;017Hm[002;018Ho[002;019Hd[002;020Hu[002;021Hl[002;022He[002;023H [002;024H`[002;025Hb[002;026Ho[002;027Ho[002;028Ht[002;029H([002;030H)[002;031H:[002;032H/[002;033Hb[002;034Ho[002;035Ho[002;036Ht[002;037H/[002;038Hi[002;039Hn[002;040Hi[002;041Ht[002;042H.[002;043He[002;044Hl[002;045Hf[002;046H`[002;047H.[002;048H.[002;049H.[002;050H[002;001H[003;001Hl[003;002Hi[003;003Hm[003;004Hi[003;005Hn[003;006He[003;007H:[003;008H [003;009HL[003;010Ho[003;011Ha[003;012Hd[003;013Hi[003;014Hn[003;015Hg[003;016H [003;017Hm[003;018Ho[003;019Hd[003;020Hu[003;021Hl[003;022He[003;023H [003;024H`[003;025Hb[003;026Ho[003;027Ho[003;028Ht[003;029H([003;030H)[003;031H:[003;032H/[003;033Hb[003;034Ho[003;035Ho[003;036Ht[003;037H/[003;038Hr[003;039Ha[003;040Hm[003;041Hf[003;042Hs[003;043H.[003;044He[003;045Hl[003;046Hf[003;047H`[003;048H.[003;049H.[003;050H.[003;051H[003;001H[004;001Hl[004;002Hi[004;003Hm[004;004Hi[004;005Hn[004;006He[004;007H:[004;008H [004;009HL[004;010Ho[004;011Ha[004;012Hd[004;013Hi[004;014Hn[004;015Hg[004;016H [004;017Hm[004;018Ho[004;019Hd[004;020Hu[004;021Hl[004;022He[004;023H [004;024H`[004;025Hb[004;026Ho[004;027Ho[004;028Ht[004;029H([004;030H)[004;031H:[004;032H/[004;033Hb[004;034Ho[004;035Ho[004;036Ht[004;037H/[004;038Hs[004;039Hc[004;040Hr[004;041Hi[004;042Hp[004;043Ht[004;044H_[004;045Hs[004;046He[004;047Hs[004;048Hs[004;049Hi[004;050Ho[004;051Hn[004;052H.[004;053He[004;054Hl[004;055Hf[004;056H`[004;057H.[004;058H.[004;059H.[004;060H[004;001H[005;001Hl[005;002Hi[005;003Hm[005;004Hi[005;005Hn[005;006He[005;007H:[005;008H [005;009HL[005;010Ho[005;011Ha[005;012Hd[005;013Hi[005;014Hn[005;015Hg[005;016H [005;017Hm[005;018Ho[005;019Hd[005;020Hu[005;021Hl[005;022He[005;023H [005;024H`[005;025Hb[005;026Ho[005;027Ho[005;028Ht[005;029H([005;030H)[005;031H:[005;032H/[005;033Hb[005;034Ho[005;035Ho[005;036Ht[005;037H/[005;038Hr[005;039Ha[005;040Hm[005;041Hf[005;042Hs[005;043H.[005;044Hi[005;045Hm[005;046Hg[005;047H`[005;048H.[005;049H.[005;050H.[005;051H[005;001H[006;001HGAXERA: BOOT_STACK_READY
GAXERA: DESCRIPTORS_AND_IDT_READY
GAXERA: BOOT_CONTEXT_READY kernel_phys=0x0000000019a54000 kernel_virt=0xffffffff80000000 rsdp_phys=0x000000001fb7e014
GAXERA: MEMMAP_BEGIN count=34
GAXERA: MEMMAP_REGION index=0 start=0x0000000000000000 end=0x0000000000087000 len=0x0000000000087000 source_type=0 class=usable allocator=eligible reservation=none
GAXERA: MEMMAP_REGION index=1 start=0x0000000000087000 end=0x0000000000088000 len=0x0000000000001000 source_type=5 class=bootloader-reclaimable allocator=ineligible reservation=none
GAXERA: MEMMAP_REGION index=2 start=0x0000000000088000 end=0x00000000000a0000 len=0x0000000000018000 source_type=0 class=usable allocator=eligible reservation=none
GAXERA: MEMMAP_REGION index=3 start=0x0000000000100000 end=0x0000000000800000 len=0x0000000000700000 source_type=0 class=usable allocator=eligible reservation=none
GAXERA: MEMMAP_REGION index=4 start=0x0000000000800000 end=0x0000000000808000 len=0x0000000000008000 source_type=3 class=acpi-nvs allocator=ineligible reservation=none
GAXERA: MEMMAP_REGION index=5 start=0x0000000000808000 end=0x000000000080b000 len=0x0000000000003000 source_type=0 class=usable allocator=eligible reservation=none
GAXERA: MEMMAP_REGION index=6 start=0x000000000080b000 end=0x000000000080c000 len=0x0000000000001000 source_type=3 class=acpi-nvs allocator=ineligible reservation=none
GAXERA: MEMMAP_REGION index=7 start=0x000000000080c000 end=0x0000000000814000 len=0x0000000000008000 source_type=0 class=usable allocator=eligible reservation=none
GAXERA: MEMMAP_REGION index=8 start=0x0000000000814000 end=0x0000000000900000 len=0x00000000000ec000 source_type=3 class=acpi-nvs allocator=ineligible reservation=none
GAXERA: MEMMAP_REGION index=9 start=0x0000000000900000 end=0x0000000001780000 len=0x0000000000e80000 source_type=5 class=bootloader-reclaimable allocator=ineligible reservation=none
GAXERA: MEMMAP_REGION index=10 start=0x0000000001780000 end=0x00000000190ea000 len=0x000000001796a000 source_type=0 class=usable allocator=eligible reservation=none
GAXERA: MEMMAP_REGION index=11 start=0x00000000190ea000 end=0x00000000190f7000 len=0x000000000000d000 source_type=5 class=bootloader-reclaimable allocator=ineligible reservation=none
GAXERA: MEMMAP_REGION index=12 start=0x00000000190f7000 end=0x00000000193a5000 len=0x00000000002ae000 source_type=6 class=executable-and-modules allocator=ineligible reservation=none
GAXERA: MEMMAP_REGION index=13 start=0x00000000193a5000 end=0x0000000019653000 len=0x00000000002ae000 source_type=6 class=executable-and-modules allocator=ineligible reservation=none
GAXERA: MEMMAP_REGION index=14 start=0x0000000019653000 end=0x0000000019a54000 len=0x0000000000401000 source_type=6 class=executable-and-modules allocator=ineligible reservation=none
GAXERA: MEMMAP_REGION index=15 start=0x0000000019a54000 end=0x0000000019b53000 len=0x00000000000ff000 source_type=6 class=executable-and-modules allocator=ineligible reservation=none
GAXERA: MEMMAP_REGION index=16 start=0x0000000019b53000 end=0x000000001a66c000 len=0x0000000000b19000 source_type=5 class=bootloader-reclaimable allocator=ineligible reservation=none
GAXERA: MEMMAP_REGION index=17 start=0x000000001a66c000 end=0x000000001bf6c000 len=0x0000000001900000 source_type=0 class=usable allocator=eligible reservation=none
GAXERA: MEMMAP_REGION index=18 start=0x000000001bf6c000 end=0x000000001bfaa000 len=0x000000000003e000 source_type=5 class=bootloader-reclaimable allocator=ineligible reservation=none
GAXERA: MEMMAP_REGION index=19 start=0x000000001bfaa000 end=0x000000001bfab000 len=0x0000000000001000 source_type=6 class=executable-and-modules allocator=ineligible reservation=none
GAXERA: MEMMAP_REGION index=20 start=0x000000001bfab000 end=0x000000001bfaf000 len=0x0000000000004000 source_type=5 class=bootloader-reclaimable allocator=ineligible reservation=none
GAXERA: MEMMAP_REGION index=21 start=0x000000001bfaf000 end=0x000000001e6a0000 len=0x00000000026f1000 source_type=0 class=usable allocator=eligible reservation=none
GAXERA: MEMMAP_REGION index=22 start=0x000000001e6a0000 end=0x000000001ed3f000 len=0x000000000069f000 source_type=5 class=bootloader-reclaimable allocator=ineligible reservation=none
GAXERA: MEMMAP_REGION index=23 start=0x000000001ed3f000 end=0x000000001ee00000 len=0x00000000000c1000 source_type=8 class=mapped-reserved allocator=ineligible reservation=none
GAXERA: MEMMAP_REGION index=24 start=0x000000001ee00000 end=0x000000001f8ed000 len=0x0000000000aed000 source_type=5 class=bootloader-reclaimable allocator=ineligible reservation=none
GAXERA: MEMMAP_REGION index=25 start=0x000000001f8ed000 end=0x000000001faed000 len=0x0000000000200000 source_type=8 class=mapped-reserved allocator=ineligible reservation=none
GAXERA: MEMMAP_REGION index=26 start=0x000000001faed000 end=0x000000001fb6d000 len=0x0000000000080000 source_type=1 class=reserved allocator=ineligible reservation=none
GAXERA: MEMMAP_REGION index=27 start=0x000000001fb6d000 end=0x000000001fb7f000 len=0x0000000000012000 source_type=2 class=acpi-reclaimable allocator=ineligible reservation=none
GAXERA: MEMMAP_REGION index=28 start=0x000000001fb7f000 end=0x000000001fbff000 len=0x0000000000080000 source_type=3 class=acpi-nvs allocator=ineligible reservation=none
GAXERA: MEMMAP_REGION index=29 start=0x000000001fbff000 end=0x000000001fef4000 len=0x00000000002f5000 source_type=5 class=bootloader-reclaimable allocator=ineligible reservation=none
GAXERA: MEMMAP_REGION index=30 start=0x000000001fef4000 end=0x000000001ff78000 len=0x0000000000084000 source_type=8 class=mapped-reserved allocator=ineligible reservation=none
GAXERA: MEMMAP_REGION index=31 start=0x000000001ff78000 end=0x0000000020000000 len=0x0000000000088000 source_type=3 class=acpi-nvs allocator=ineligible reservation=none
GAXERA: MEMMAP_REGION index=32 start=0x0000000080000000 end=0x00000000803e8000 len=0x00000000003e8000 source_type=7 class=framebuffer allocator=ineligible reservation=none
GAXERA: MEMMAP_REGION index=33 start=0x000000fd00000000 end=0x0000010000000000 len=0x0000000300000000 source_type=1 class=reserved allocator=ineligible reservation=none
GAXERA: MEMMAP_END
GAXERA: BOOTSTRAP_FRAME_ALLOCATOR_READY ranges=8
GAXERA: PAGING_HHDM_MAPPED
GAXERA: PAGING_TEXT_MAPPED
GAXERA: PAGING_FRAMEBUFFER_MAPPED
GAXERA: PAGE_TABLES_READY root=0x0000000000000000 reservations=3
GAXERA: CR3_GAXERA_OWNED
GAXERA: PHYSICAL_FRAME_ALLOCATOR_READY frames=114949 bitmap_words=1797
GAXERA: MEMORY_FOUNDATION_OK heap=0xfffffe8000001000 size=2097152 lower_guard=0xfffffe8000000000
GAXERA: KERNEL_ENTRY_OK
GAXERA: FRAMEBUFFER_OK (1280x800, pitch: 5120)
GAXERA: TEST_PATTERN_DRAWN
GAXERA: ACPI_MADT_READY local_apic_phys=0x00000000fee00000 override=false
GAXERA: ACPI_TEMPORARY_WINDOW_RELEASED
GAXERA: LOCAL_APIC_READY phys=0x00000000fee00000 vector=0xe0
GAXERA: PREEMPTION_TIMER_READY ticks_per_ms=63238
GAXERA: IPC_TEST_OK
Guest-confirmed QEMU test passed.

--- Preemption Test ---
=== Building Gaxera Kernel ISO ===
Compiling kernel binary...
    Finished `dev` profile [unoptimized + debuginfo] target(s) in 0.04s
Compiling guest binary (init)...
    Finished `dev` profile [unoptimized + debuginfo] target(s) in 0.03s
Assembling ISO directory structure...
Compiling ramfs binary...
    Finished `dev` profile [unoptimized + debuginfo] target(s) in 0.03s
Compiling script_session binary...
    Finished `dev` profile [unoptimized + debuginfo] target(s) in 0.03s
Packaging GaxFS ramfs.img...
Packaging bootable ISO image via xorriso...
xorriso 1.5.6 : RockRidge filesystem manipulator, libburnia project.

Drive current: -outdev 'stdio:target/gaxera.iso'
Media current: stdio file, overwriteable
Media status : is blank
Media summary: 0 sessions, 0 data blocks, 0 data,  943g free
Added to ISO image: directory '/'='/home/nyx/gaxera/target/iso_root'
xorriso : UPDATE :      16 files added in 1 seconds
xorriso : UPDATE :      16 files added in 1 seconds
ISO image produced: 12673 sectors
Written to medium : 12673 sectors at LBA 0
Writing to 'stdio:target/gaxera.iso' completed successfully.

Installing bootloader record sector...
Physical block size of 512 bytes.
Installing to GPT. Logical block size of 512 bytes.
Secondary header at LBA 0xc603.
Secondary header valid.
Detected ISOHYBRID with a GUID partition table (GPT).
Converting to MBR for improved compatibility...
Conversion successful.
No active partition found, some systems may not boot.
Setting partition 1 as active to work around the issue...
Installing to MBR.
Stage 2 to be located at byte offset 0x200.
Reminder: Remember to copy the limine-bios.sys file in either
          the root, /boot, /limine, or /boot/limine directories of
          one of the partitions on the device, or boot will fail!
Limine BIOS stages installed successfully.
Gaxera packaging successfully compiled to target/gaxera.iso!
=== Launching QEMU Virtual Machine ===
OVMF UEFI firmware detected. Booting in UEFI mode.
Headless mode selected.
[2J[001;001H[=3h[2J[001;001H[2J[001;001H[8;056;240t[2J[001;001H[2J[001;001H[=3h[2J[001;001H[2J[001;001H[8;042;160t[2J[001;001HBdsDxe: loading Boot0002 "UEFI QEMU DVD-ROM QM00003 " from PciRoot(0x0)/Pci(0x1,0x1)/Ata(Secondary,Master,0x0)
BdsDxe: starting Boot0002 "UEFI QEMU DVD-ROM QM00003 " from PciRoot(0x0)/Pci(0x1,0x1)/Ata(Secondary,Master,0x0)
[001;001H[001;001H[001;001Hl[001;002Hi[001;003Hm[001;004Hi[001;005Hn[001;006He[001;007H:[001;008H [001;009HL[001;010Ho[001;011Ha[001;012Hd[001;013Hi[001;014Hn[001;015Hg[001;016H [001;017He[001;018Hx[001;019He[001;020Hc[001;021Hu[001;022Ht[001;023Ha[001;024Hb[001;025Hl[001;026He[001;027H [001;028H`[001;029Hb[001;030Ho[001;031Ho[001;032Ht[001;033H([001;034H)[001;035H:[001;036H/[001;037Hb[001;038Ho[001;039Ho[001;040Ht[001;041H/[001;042Hg[001;043Ha[001;044Hx[001;045He[001;046Hr[001;047Ha[001;048H.[001;049He[001;050Hl[001;051Hf[001;052H`[001;053H.[001;054H.[001;055H.[001;056H[001;001H[002;001Hl[002;002Hi[002;003Hm[002;004Hi[002;005Hn[002;006He[002;007H:[002;008H [002;009HL[002;010Ho[002;011Ha[002;012Hd[002;013Hi[002;014Hn[002;015Hg[002;016H [002;017Hm[002;018Ho[002;019Hd[002;020Hu[002;021Hl[002;022He[002;023H [002;024H`[002;025Hb[002;026Ho[002;027Ho[002;028Ht[002;029H([002;030H)[002;031H:[002;032H/[002;033Hb[002;034Ho[002;035Ho[002;036Ht[002;037H/[002;038Hi[002;039Hn[002;040Hi[002;041Ht[002;042H.[002;043He[002;044Hl[002;045Hf[002;046H`[002;047H.[002;048H.[002;049H.[002;050H[002;001H[003;001Hl[003;002Hi[003;003Hm[003;004Hi[003;005Hn[003;006He[003;007H:[003;008H [003;009HL[003;010Ho[003;011Ha[003;012Hd[003;013Hi[003;014Hn[003;015Hg[003;016H [003;017Hm[003;018Ho[003;019Hd[003;020Hu[003;021Hl[003;022He[003;023H [003;024H`[003;025Hb[003;026Ho[003;027Ho[003;028Ht[003;029H([003;030H)[003;031H:[003;032H/[003;033Hb[003;034Ho[003;035Ho[003;036Ht[003;037H/[003;038Hr[003;039Ha[003;040Hm[003;041Hf[003;042Hs[003;043H.[003;044He[003;045Hl[003;046Hf[003;047H`[003;048H.[003;049H.[003;050H.[003;051H[003;001H[004;001Hl[004;002Hi[004;003Hm[004;004Hi[004;005Hn[004;006He[004;007H:[004;008H [004;009HL[004;010Ho[004;011Ha[004;012Hd[004;013Hi[004;014Hn[004;015Hg[004;016H [004;017Hm[004;018Ho[004;019Hd[004;020Hu[004;021Hl[004;022He[004;023H [004;024H`[004;025Hb[004;026Ho[004;027Ho[004;028Ht[004;029H([004;030H)[004;031H:[004;032H/[004;033Hb[004;034Ho[004;035Ho[004;036Ht[004;037H/[004;038Hs[004;039Hc[004;040Hr[004;041Hi[004;042Hp[004;043Ht[004;044H_[004;045Hs[004;046He[004;047Hs[004;048Hs[004;049Hi[004;050Ho[004;051Hn[004;052H.[004;053He[004;054Hl[004;055Hf[004;056H`[004;057H.[004;058H.[004;059H.[004;060H[004;001H[005;001Hl[005;002Hi[005;003Hm[005;004Hi[005;005Hn[005;006He[005;007H:[005;008H [005;009HL[005;010Ho[005;011Ha[005;012Hd[005;013Hi[005;014Hn[005;015Hg[005;016H [005;017Hm[005;018Ho[005;019Hd[005;020Hu[005;021Hl[005;022He[005;023H [005;024H`[005;025Hb[005;026Ho[005;027Ho[005;028Ht[005;029H([005;030H)[005;031H:[005;032H/[005;033Hb[005;034Ho[005;035Ho[005;036Ht[005;037H/[005;038Hr[005;039Ha[005;040Hm[005;041Hf[005;042Hs[005;043H.[005;044Hi[005;045Hm[005;046Hg[005;047H`[005;048H.[005;049H.[005;050H.[005;051H[005;001H[006;001HGAXERA: BOOT_STACK_READY
GAXERA: DESCRIPTORS_AND_IDT_READY
GAXERA: BOOT_CONTEXT_READY kernel_phys=0x0000000019a61000 kernel_virt=0xffffffff80000000 rsdp_phys=0x000000001fb7e014
GAXERA: MEMMAP_BEGIN count=34
GAXERA: MEMMAP_REGION index=0 start=0x0000000000000000 end=0x0000000000087000 len=0x0000000000087000 source_type=0 class=usable allocator=eligible reservation=none
GAXERA: MEMMAP_REGION index=1 start=0x0000000000087000 end=0x0000000000088000 len=0x0000000000001000 source_type=5 class=bootloader-reclaimable allocator=ineligible reservation=none
GAXERA: MEMMAP_REGION index=2 start=0x0000000000088000 end=0x00000000000a0000 len=0x0000000000018000 source_type=0 class=usable allocator=eligible reservation=none
GAXERA: MEMMAP_REGION index=3 start=0x0000000000100000 end=0x0000000000800000 len=0x0000000000700000 source_type=0 class=usable allocator=eligible reservation=none
GAXERA: MEMMAP_REGION index=4 start=0x0000000000800000 end=0x0000000000808000 len=0x0000000000008000 source_type=3 class=acpi-nvs allocator=ineligible reservation=none
GAXERA: MEMMAP_REGION index=5 start=0x0000000000808000 end=0x000000000080b000 len=0x0000000000003000 source_type=0 class=usable allocator=eligible reservation=none
GAXERA: MEMMAP_REGION index=6 start=0x000000000080b000 end=0x000000000080c000 len=0x0000000000001000 source_type=3 class=acpi-nvs allocator=ineligible reservation=none
GAXERA: MEMMAP_REGION index=7 start=0x000000000080c000 end=0x0000000000814000 len=0x0000000000008000 source_type=0 class=usable allocator=eligible reservation=none
GAXERA: MEMMAP_REGION index=8 start=0x0000000000814000 end=0x0000000000900000 len=0x00000000000ec000 source_type=3 class=acpi-nvs allocator=ineligible reservation=none
GAXERA: MEMMAP_REGION index=9 start=0x0000000000900000 end=0x0000000001780000 len=0x0000000000e80000 source_type=5 class=bootloader-reclaimable allocator=ineligible reservation=none
GAXERA: MEMMAP_REGION index=10 start=0x0000000001780000 end=0x00000000190f7000 len=0x0000000017977000 source_type=0 class=usable allocator=eligible reservation=none
GAXERA: MEMMAP_REGION index=11 start=0x00000000190f7000 end=0x0000000019104000 len=0x000000000000d000 source_type=5 class=bootloader-reclaimable allocator=ineligible reservation=none
GAXERA: MEMMAP_REGION index=12 start=0x0000000019104000 end=0x00000000193b2000 len=0x00000000002ae000 source_type=6 class=executable-and-modules allocator=ineligible reservation=none
GAXERA: MEMMAP_REGION index=13 start=0x00000000193b2000 end=0x0000000019660000 len=0x00000000002ae000 source_type=6 class=executable-and-modules allocator=ineligible reservation=none
GAXERA: MEMMAP_REGION index=14 start=0x0000000019660000 end=0x0000000019a61000 len=0x0000000000401000 source_type=6 class=executable-and-modules allocator=ineligible reservation=none
GAXERA: MEMMAP_REGION index=15 start=0x0000000019a61000 end=0x0000000019b5e000 len=0x00000000000fd000 source_type=6 class=executable-and-modules allocator=ineligible reservation=none
GAXERA: MEMMAP_REGION index=16 start=0x0000000019b5e000 end=0x000000001a66c000 len=0x0000000000b0e000 source_type=5 class=bootloader-reclaimable allocator=ineligible reservation=none
GAXERA: MEMMAP_REGION index=17 start=0x000000001a66c000 end=0x000000001bf6c000 len=0x0000000001900000 source_type=0 class=usable allocator=eligible reservation=none
GAXERA: MEMMAP_REGION index=18 start=0x000000001bf6c000 end=0x000000001bfaa000 len=0x000000000003e000 source_type=5 class=bootloader-reclaimable allocator=ineligible reservation=none
GAXERA: MEMMAP_REGION index=19 start=0x000000001bfaa000 end=0x000000001bfab000 len=0x0000000000001000 source_type=6 class=executable-and-modules allocator=ineligible reservation=none
GAXERA: MEMMAP_REGION index=20 start=0x000000001bfab000 end=0x000000001bfaf000 len=0x0000000000004000 source_type=5 class=bootloader-reclaimable allocator=ineligible reservation=none
GAXERA: MEMMAP_REGION index=21 start=0x000000001bfaf000 end=0x000000001e6a0000 len=0x00000000026f1000 source_type=0 class=usable allocator=eligible reservation=none
GAXERA: MEMMAP_REGION index=22 start=0x000000001e6a0000 end=0x000000001ed3f000 len=0x000000000069f000 source_type=5 class=bootloader-reclaimable allocator=ineligible reservation=none
GAXERA: MEMMAP_REGION index=23 start=0x000000001ed3f000 end=0x000000001ee00000 len=0x00000000000c1000 source_type=8 class=mapped-reserved allocator=ineligible reservation=none
GAXERA: MEMMAP_REGION index=24 start=0x000000001ee00000 end=0x000000001f8ed000 len=0x0000000000aed000 source_type=5 class=bootloader-reclaimable allocator=ineligible reservation=none
GAXERA: MEMMAP_REGION index=25 start=0x000000001f8ed000 end=0x000000001faed000 len=0x0000000000200000 source_type=8 class=mapped-reserved allocator=ineligible reservation=none
GAXERA: MEMMAP_REGION index=26 start=0x000000001faed000 end=0x000000001fb6d000 len=0x0000000000080000 source_type=1 class=reserved allocator=ineligible reservation=none
GAXERA: MEMMAP_REGION index=27 start=0x000000001fb6d000 end=0x000000001fb7f000 len=0x0000000000012000 source_type=2 class=acpi-reclaimable allocator=ineligible reservation=none
GAXERA: MEMMAP_REGION index=28 start=0x000000001fb7f000 end=0x000000001fbff000 len=0x0000000000080000 source_type=3 class=acpi-nvs allocator=ineligible reservation=none
GAXERA: MEMMAP_REGION index=29 start=0x000000001fbff000 end=0x000000001fef4000 len=0x00000000002f5000 source_type=5 class=bootloader-reclaimable allocator=ineligible reservation=none
GAXERA: MEMMAP_REGION index=30 start=0x000000001fef4000 end=0x000000001ff78000 len=0x0000000000084000 source_type=8 class=mapped-reserved allocator=ineligible reservation=none
GAXERA: MEMMAP_REGION index=31 start=0x000000001ff78000 end=0x0000000020000000 len=0x0000000000088000 source_type=3 class=acpi-nvs allocator=ineligible reservation=none
GAXERA: MEMMAP_REGION index=32 start=0x0000000080000000 end=0x00000000803e8000 len=0x00000000003e8000 source_type=7 class=framebuffer allocator=ineligible reservation=none
GAXERA: MEMMAP_REGION index=33 start=0x000000fd00000000 end=0x0000010000000000 len=0x0000000300000000 source_type=1 class=reserved allocator=ineligible reservation=none
GAXERA: MEMMAP_END
GAXERA: BOOTSTRAP_FRAME_ALLOCATOR_READY ranges=8
GAXERA: PAGING_HHDM_MAPPED
GAXERA: PAGING_TEXT_MAPPED
GAXERA: PAGING_FRAMEBUFFER_MAPPED
GAXERA: PAGE_TABLES_READY root=0x0000000000000000 reservations=3
GAXERA: CR3_GAXERA_OWNED
GAXERA: PHYSICAL_FRAME_ALLOCATOR_READY frames=114962 bitmap_words=1797
GAXERA: MEMORY_FOUNDATION_OK heap=0xfffffe8000001000 size=2097152 lower_guard=0xfffffe8000000000
GAXERA: KERNEL_ENTRY_OK
GAXERA: FRAMEBUFFER_OK (1280x800, pitch: 5120)
GAXERA: TEST_PATTERN_DRAWN
GAXERA: ACPI_MADT_READY local_apic_phys=0x00000000fee00000 override=false
GAXERA: ACPI_TEMPORARY_WINDOW_RELEASED
GAXERA: LOCAL_APIC_READY phys=0x00000000fee00000 vector=0xe0
GAXERA: PREEMPTION_TIMER_READY ticks_per_ms=63373
GAXERA: STARTING_PREEMPTION_TEST
GAXERA: PREEMPTION_OK
Guest-confirmed QEMU test passed.

--- Frame Recycling Test ---
=== Building Gaxera Kernel ISO ===
Compiling kernel binary...
    Finished `dev` profile [unoptimized + debuginfo] target(s) in 0.04s
Compiling guest binary (init)...
    Finished `dev` profile [unoptimized + debuginfo] target(s) in 0.04s
Assembling ISO directory structure...
Compiling ramfs binary...
    Finished `dev` profile [unoptimized + debuginfo] target(s) in 0.04s
Compiling script_session binary...
    Finished `dev` profile [unoptimized + debuginfo] target(s) in 0.04s
Packaging GaxFS ramfs.img...
Packaging bootable ISO image via xorriso...
xorriso 1.5.6 : RockRidge filesystem manipulator, libburnia project.

Drive current: -outdev 'stdio:target/gaxera.iso'
Media current: stdio file, overwriteable
Media status : is blank
Media summary: 0 sessions, 0 data blocks, 0 data,  943g free
Added to ISO image: directory '/'='/home/nyx/gaxera/target/iso_root'
xorriso : UPDATE :      16 files added in 1 seconds
xorriso : UPDATE :      16 files added in 1 seconds
ISO image produced: 12671 sectors
Written to medium : 12671 sectors at LBA 0
Writing to 'stdio:target/gaxera.iso' completed successfully.

Installing bootloader record sector...
Physical block size of 512 bytes.
Installing to GPT. Logical block size of 512 bytes.
Secondary header at LBA 0xc5fb.
Secondary header valid.
Detected ISOHYBRID with a GUID partition table (GPT).
Converting to MBR for improved compatibility...
Conversion successful.
No active partition found, some systems may not boot.
Setting partition 1 as active to work around the issue...
Installing to MBR.
Stage 2 to be located at byte offset 0x200.
Reminder: Remember to copy the limine-bios.sys file in either
          the root, /boot, /limine, or /boot/limine directories of
          one of the partitions on the device, or boot will fail!
Limine BIOS stages installed successfully.
Gaxera packaging successfully compiled to target/gaxera.iso!
=== Launching QEMU Virtual Machine ===
OVMF UEFI firmware detected. Booting in UEFI mode.
Headless mode selected.
[2J[001;001H[=3h[2J[001;001H[2J[001;001H[8;056;240t[2J[001;001H[2J[001;001H[=3h[2J[001;001H[2J[001;001H[8;042;160t[2J[001;001HBdsDxe: loading Boot0002 "UEFI QEMU DVD-ROM QM00003 " from PciRoot(0x0)/Pci(0x1,0x1)/Ata(Secondary,Master,0x0)
BdsDxe: starting Boot0002 "UEFI QEMU DVD-ROM QM00003 " from PciRoot(0x0)/Pci(0x1,0x1)/Ata(Secondary,Master,0x0)
[001;001H[001;001H[001;001Hl[001;002Hi[001;003Hm[001;004Hi[001;005Hn[001;006He[001;007H:[001;008H [001;009HL[001;010Ho[001;011Ha[001;012Hd[001;013Hi[001;014Hn[001;015Hg[001;016H [001;017He[001;018Hx[001;019He[001;020Hc[001;021Hu[001;022Ht[001;023Ha[001;024Hb[001;025Hl[001;026He[001;027H [001;028H`[001;029Hb[001;030Ho[001;031Ho[001;032Ht[001;033H([001;034H)[001;035H:[001;036H/[001;037Hb[001;038Ho[001;039Ho[001;040Ht[001;041H/[001;042Hg[001;043Ha[001;044Hx[001;045He[001;046Hr[001;047Ha[001;048H.[001;049He[001;050Hl[001;051Hf[001;052H`[001;053H.[001;054H.[001;055H.[001;056H[001;001H[002;001Hl[002;002Hi[002;003Hm[002;004Hi[002;005Hn[002;006He[002;007H:[002;008H [002;009HL[002;010Ho[002;011Ha[002;012Hd[002;013Hi[002;014Hn[002;015Hg[002;016H [002;017Hm[002;018Ho[002;019Hd[002;020Hu[002;021Hl[002;022He[002;023H [002;024H`[002;025Hb[002;026Ho[002;027Ho[002;028Ht[002;029H([002;030H)[002;031H:[002;032H/[002;033Hb[002;034Ho[002;035Ho[002;036Ht[002;037H/[002;038Hi[002;039Hn[002;040Hi[002;041Ht[002;042H.[002;043He[002;044Hl[002;045Hf[002;046H`[002;047H.[002;048H.[002;049H.[002;050H[002;001H[003;001Hl[003;002Hi[003;003Hm[003;004Hi[003;005Hn[003;006He[003;007H:[003;008H [003;009HL[003;010Ho[003;011Ha[003;012Hd[003;013Hi[003;014Hn[003;015Hg[003;016H [003;017Hm[003;018Ho[003;019Hd[003;020Hu[003;021Hl[003;022He[003;023H [003;024H`[003;025Hb[003;026Ho[003;027Ho[003;028Ht[003;029H([003;030H)[003;031H:[003;032H/[003;033Hb[003;034Ho[003;035Ho[003;036Ht[003;037H/[003;038Hr[003;039Ha[003;040Hm[003;041Hf[003;042Hs[003;043H.[003;044He[003;045Hl[003;046Hf[003;047H`[003;048H.[003;049H.[003;050H.[003;051H[003;001H[004;001Hl[004;002Hi[004;003Hm[004;004Hi[004;005Hn[004;006He[004;007H:[004;008H [004;009HL[004;010Ho[004;011Ha[004;012Hd[004;013Hi[004;014Hn[004;015Hg[004;016H [004;017Hm[004;018Ho[004;019Hd[004;020Hu[004;021Hl[004;022He[004;023H [004;024H`[004;025Hb[004;026Ho[004;027Ho[004;028Ht[004;029H([004;030H)[004;031H:[004;032H/[004;033Hb[004;034Ho[004;035Ho[004;036Ht[004;037H/[004;038Hs[004;039Hc[004;040Hr[004;041Hi[004;042Hp[004;043Ht[004;044H_[004;045Hs[004;046He[004;047Hs[004;048Hs[004;049Hi[004;050Ho[004;051Hn[004;052H.[004;053He[004;054Hl[004;055Hf[004;056H`[004;057H.[004;058H.[004;059H.[004;060H[004;001H[005;001Hl[005;002Hi[005;003Hm[005;004Hi[005;005Hn[005;006He[005;007H:[005;008H [005;009HL[005;010Ho[005;011Ha[005;012Hd[005;013Hi[005;014Hn[005;015Hg[005;016H [005;017Hm[005;018Ho[005;019Hd[005;020Hu[005;021Hl[005;022He[005;023H [005;024H`[005;025Hb[005;026Ho[005;027Ho[005;028Ht[005;029H([005;030H)[005;031H:[005;032H/[005;033Hb[005;034Ho[005;035Ho[005;036Ht[005;037H/[005;038Hr[005;039Ha[005;040Hm[005;041Hf[005;042Hs[005;043H.[005;044Hi[005;045Hm[005;046Hg[005;047H`[005;048H.[005;049H.[005;050H.[005;051H[005;001H[006;001HGAXERA: BOOT_STACK_READY
GAXERA: DESCRIPTORS_AND_IDT_READY
GAXERA: BOOT_CONTEXT_READY kernel_phys=0x0000000019a65000 kernel_virt=0xffffffff80000000 rsdp_phys=0x000000001fb7e014
GAXERA: MEMMAP_BEGIN count=34
GAXERA: MEMMAP_REGION index=0 start=0x0000000000000000 end=0x0000000000087000 len=0x0000000000087000 source_type=0 class=usable allocator=eligible reservation=none
GAXERA: MEMMAP_REGION index=1 start=0x0000000000087000 end=0x0000000000088000 len=0x0000000000001000 source_type=5 class=bootloader-reclaimable allocator=ineligible reservation=none
GAXERA: MEMMAP_REGION index=2 start=0x0000000000088000 end=0x00000000000a0000 len=0x0000000000018000 source_type=0 class=usable allocator=eligible reservation=none
GAXERA: MEMMAP_REGION index=3 start=0x0000000000100000 end=0x0000000000800000 len=0x0000000000700000 source_type=0 class=usable allocator=eligible reservation=none
GAXERA: MEMMAP_REGION index=4 start=0x0000000000800000 end=0x0000000000808000 len=0x0000000000008000 source_type=3 class=acpi-nvs allocator=ineligible reservation=none
GAXERA: MEMMAP_REGION index=5 start=0x0000000000808000 end=0x000000000080b000 len=0x0000000000003000 source_type=0 class=usable allocator=eligible reservation=none
GAXERA: MEMMAP_REGION index=6 start=0x000000000080b000 end=0x000000000080c000 len=0x0000000000001000 source_type=3 class=acpi-nvs allocator=ineligible reservation=none
GAXERA: MEMMAP_REGION index=7 start=0x000000000080c000 end=0x0000000000814000 len=0x0000000000008000 source_type=0 class=usable allocator=eligible reservation=none
GAXERA: MEMMAP_REGION index=8 start=0x0000000000814000 end=0x0000000000900000 len=0x00000000000ec000 source_type=3 class=acpi-nvs allocator=ineligible reservation=none
GAXERA: MEMMAP_REGION index=9 start=0x0000000000900000 end=0x0000000001780000 len=0x0000000000e80000 source_type=5 class=bootloader-reclaimable allocator=ineligible reservation=none
GAXERA: MEMMAP_REGION index=10 start=0x0000000001780000 end=0x00000000190fb000 len=0x000000001797b000 source_type=0 class=usable allocator=eligible reservation=none
GAXERA: MEMMAP_REGION index=11 start=0x00000000190fb000 end=0x0000000019108000 len=0x000000000000d000 source_type=5 class=bootloader-reclaimable allocator=ineligible reservation=none
GAXERA: MEMMAP_REGION index=12 start=0x0000000019108000 end=0x00000000193b6000 len=0x00000000002ae000 source_type=6 class=executable-and-modules allocator=ineligible reservation=none
GAXERA: MEMMAP_REGION index=13 start=0x00000000193b6000 end=0x0000000019664000 len=0x00000000002ae000 source_type=6 class=executable-and-modules allocator=ineligible reservation=none
GAXERA: MEMMAP_REGION index=14 start=0x0000000019664000 end=0x0000000019a65000 len=0x0000000000401000 source_type=6 class=executable-and-modules allocator=ineligible reservation=none
GAXERA: MEMMAP_REGION index=15 start=0x0000000019a65000 end=0x0000000019b5f000 len=0x00000000000fa000 source_type=6 class=executable-and-modules allocator=ineligible reservation=none
GAXERA: MEMMAP_REGION index=16 start=0x0000000019b5f000 end=0x000000001a66c000 len=0x0000000000b0d000 source_type=5 class=bootloader-reclaimable allocator=ineligible reservation=none
GAXERA: MEMMAP_REGION index=17 start=0x000000001a66c000 end=0x000000001bf6c000 len=0x0000000001900000 source_type=0 class=usable allocator=eligible reservation=none
GAXERA: MEMMAP_REGION index=18 start=0x000000001bf6c000 end=0x000000001bfaa000 len=0x000000000003e000 source_type=5 class=bootloader-reclaimable allocator=ineligible reservation=none
GAXERA: MEMMAP_REGION index=19 start=0x000000001bfaa000 end=0x000000001bfab000 len=0x0000000000001000 source_type=6 class=executable-and-modules allocator=ineligible reservation=none
GAXERA: MEMMAP_REGION index=20 start=0x000000001bfab000 end=0x000000001bfaf000 len=0x0000000000004000 source_type=5 class=bootloader-reclaimable allocator=ineligible reservation=none
GAXERA: MEMMAP_REGION index=21 start=0x000000001bfaf000 end=0x000000001e6a0000 len=0x00000000026f1000 source_type=0 class=usable allocator=eligible reservation=none
GAXERA: MEMMAP_REGION index=22 start=0x000000001e6a0000 end=0x000000001ed3f000 len=0x000000000069f000 source_type=5 class=bootloader-reclaimable allocator=ineligible reservation=none
GAXERA: MEMMAP_REGION index=23 start=0x000000001ed3f000 end=0x000000001ee00000 len=0x00000000000c1000 source_type=8 class=mapped-reserved allocator=ineligible reservation=none
GAXERA: MEMMAP_REGION index=24 start=0x000000001ee00000 end=0x000000001f8ed000 len=0x0000000000aed000 source_type=5 class=bootloader-reclaimable allocator=ineligible reservation=none
GAXERA: MEMMAP_REGION index=25 start=0x000000001f8ed000 end=0x000000001faed000 len=0x0000000000200000 source_type=8 class=mapped-reserved allocator=ineligible reservation=none
GAXERA: MEMMAP_REGION index=26 start=0x000000001faed000 end=0x000000001fb6d000 len=0x0000000000080000 source_type=1 class=reserved allocator=ineligible reservation=none
GAXERA: MEMMAP_REGION index=27 start=0x000000001fb6d000 end=0x000000001fb7f000 len=0x0000000000012000 source_type=2 class=acpi-reclaimable allocator=ineligible reservation=none
GAXERA: MEMMAP_REGION index=28 start=0x000000001fb7f000 end=0x000000001fbff000 len=0x0000000000080000 source_type=3 class=acpi-nvs allocator=ineligible reservation=none
GAXERA: MEMMAP_REGION index=29 start=0x000000001fbff000 end=0x000000001fef4000 len=0x00000000002f5000 source_type=5 class=bootloader-reclaimable allocator=ineligible reservation=none
GAXERA: MEMMAP_REGION index=30 start=0x000000001fef4000 end=0x000000001ff78000 len=0x0000000000084000 source_type=8 class=mapped-reserved allocator=ineligible reservation=none
GAXERA: MEMMAP_REGION index=31 start=0x000000001ff78000 end=0x0000000020000000 len=0x0000000000088000 source_type=3 class=acpi-nvs allocator=ineligible reservation=none
GAXERA: MEMMAP_REGION index=32 start=0x0000000080000000 end=0x00000000803e8000 len=0x00000000003e8000 source_type=7 class=framebuffer allocator=ineligible reservation=none
GAXERA: MEMMAP_REGION index=33 start=0x000000fd00000000 end=0x0000010000000000 len=0x0000000300000000 source_type=1 class=reserved allocator=ineligible reservation=none
GAXERA: MEMMAP_END
GAXERA: BOOTSTRAP_FRAME_ALLOCATOR_READY ranges=8
GAXERA: PAGING_HHDM_MAPPED
GAXERA: PAGING_TEXT_MAPPED
GAXERA: PAGING_FRAMEBUFFER_MAPPED
GAXERA: PAGE_TABLES_READY root=0x0000000000000000 reservations=3
GAXERA: CR3_GAXERA_OWNED
GAXERA: PHYSICAL_FRAME_ALLOCATOR_READY frames=114966 bitmap_words=1797
GAXERA: MEMORY_FOUNDATION_OK heap=0xfffffe8000001000 size=2097152 lower_guard=0xfffffe8000000000
GAXERA: KERNEL_ENTRY_OK
GAXERA: FRAMEBUFFER_OK (1280x800, pitch: 5120)
GAXERA: TEST_PATTERN_DRAWN
GAXERA: ACPI_MADT_READY local_apic_phys=0x00000000fee00000 override=false
GAXERA: ACPI_TEMPORARY_WINDOW_RELEASED
GAXERA: LOCAL_APIC_READY phys=0x00000000fee00000 vector=0xe0
GAXERA: PREEMPTION_TIMER_READY ticks_per_ms=63341
GAXERA: FRAME_RECYCLING_TEST_START
GAXERA: FRAME_RECYCLING_OK
Guest-confirmed QEMU test passed.

--- Slab Allocation Test ---
=== Building Gaxera Kernel ISO ===
Compiling kernel binary...
    Finished `dev` profile [unoptimized + debuginfo] target(s) in 0.04s
Compiling guest binary (init)...
    Finished `dev` profile [unoptimized + debuginfo] target(s) in 0.03s
Assembling ISO directory structure...
Compiling ramfs binary...
    Finished `dev` profile [unoptimized + debuginfo] target(s) in 0.03s
Compiling script_session binary...
    Finished `dev` profile [unoptimized + debuginfo] target(s) in 0.03s
Packaging GaxFS ramfs.img...
Packaging bootable ISO image via xorriso...
xorriso 1.5.6 : RockRidge filesystem manipulator, libburnia project.

Drive current: -outdev 'stdio:target/gaxera.iso'
Media current: stdio file, overwriteable
Media status : is blank
Media summary: 0 sessions, 0 data blocks, 0 data,  943g free
Added to ISO image: directory '/'='/home/nyx/gaxera/target/iso_root'
xorriso : UPDATE :      16 files added in 1 seconds
xorriso : UPDATE :      16 files added in 1 seconds
ISO image produced: 12731 sectors
Written to medium : 12731 sectors at LBA 0
Writing to 'stdio:target/gaxera.iso' completed successfully.

Installing bootloader record sector...
Physical block size of 512 bytes.
Installing to GPT. Logical block size of 512 bytes.
Secondary header at LBA 0xc6eb.
Secondary header valid.
Detected ISOHYBRID with a GUID partition table (GPT).
Converting to MBR for improved compatibility...
Conversion successful.
No active partition found, some systems may not boot.
Setting partition 1 as active to work around the issue...
Installing to MBR.
Stage 2 to be located at byte offset 0x200.
Reminder: Remember to copy the limine-bios.sys file in either
          the root, /boot, /limine, or /boot/limine directories of
          one of the partitions on the device, or boot will fail!
Limine BIOS stages installed successfully.
Gaxera packaging successfully compiled to target/gaxera.iso!
=== Launching QEMU Virtual Machine ===
OVMF UEFI firmware detected. Booting in UEFI mode.
Headless mode selected.
[2J[001;001H[=3h[2J[001;001H[2J[001;001H[8;056;240t[2J[001;001H[2J[001;001H[=3h[2J[001;001H[2J[001;001H[8;042;160t[2J[001;001HBdsDxe: loading Boot0002 "UEFI QEMU DVD-ROM QM00003 " from PciRoot(0x0)/Pci(0x1,0x1)/Ata(Secondary,Master,0x0)
BdsDxe: starting Boot0002 "UEFI QEMU DVD-ROM QM00003 " from PciRoot(0x0)/Pci(0x1,0x1)/Ata(Secondary,Master,0x0)
[001;001H[001;001H[001;001Hl[001;002Hi[001;003Hm[001;004Hi[001;005Hn[001;006He[001;007H:[001;008H [001;009HL[001;010Ho[001;011Ha[001;012Hd[001;013Hi[001;014Hn[001;015Hg[001;016H [001;017He[001;018Hx[001;019He[001;020Hc[001;021Hu[001;022Ht[001;023Ha[001;024Hb[001;025Hl[001;026He[001;027H [001;028H`[001;029Hb[001;030Ho[001;031Ho[001;032Ht[001;033H([001;034H)[001;035H:[001;036H/[001;037Hb[001;038Ho[001;039Ho[001;040Ht[001;041H/[001;042Hg[001;043Ha[001;044Hx[001;045He[001;046Hr[001;047Ha[001;048H.[001;049He[001;050Hl[001;051Hf[001;052H`[001;053H.[001;054H.[001;055H.[001;056H[001;001H[002;001Hl[002;002Hi[002;003Hm[002;004Hi[002;005Hn[002;006He[002;007H:[002;008H [002;009HL[002;010Ho[002;011Ha[002;012Hd[002;013Hi[002;014Hn[002;015Hg[002;016H [002;017Hm[002;018Ho[002;019Hd[002;020Hu[002;021Hl[002;022He[002;023H [002;024H`[002;025Hb[002;026Ho[002;027Ho[002;028Ht[002;029H([002;030H)[002;031H:[002;032H/[002;033Hb[002;034Ho[002;035Ho[002;036Ht[002;037H/[002;038Hi[002;039Hn[002;040Hi[002;041Ht[002;042H.[002;043He[002;044Hl[002;045Hf[002;046H`[002;047H.[002;048H.[002;049H.[002;050H[002;001H[003;001Hl[003;002Hi[003;003Hm[003;004Hi[003;005Hn[003;006He[003;007H:[003;008H [003;009HL[003;010Ho[003;011Ha[003;012Hd[003;013Hi[003;014Hn[003;015Hg[003;016H [003;017Hm[003;018Ho[003;019Hd[003;020Hu[003;021Hl[003;022He[003;023H [003;024H`[003;025Hb[003;026Ho[003;027Ho[003;028Ht[003;029H([003;030H)[003;031H:[003;032H/[003;033Hb[003;034Ho[003;035Ho[003;036Ht[003;037H/[003;038Hr[003;039Ha[003;040Hm[003;041Hf[003;042Hs[003;043H.[003;044He[003;045Hl[003;046Hf[003;047H`[003;048H.[003;049H.[003;050H.[003;051H[003;001H[004;001Hl[004;002Hi[004;003Hm[004;004Hi[004;005Hn[004;006He[004;007H:[004;008H [004;009HL[004;010Ho[004;011Ha[004;012Hd[004;013Hi[004;014Hn[004;015Hg[004;016H [004;017Hm[004;018Ho[004;019Hd[004;020Hu[004;021Hl[004;022He[004;023H [004;024H`[004;025Hb[004;026Ho[004;027Ho[004;028Ht[004;029H([004;030H)[004;031H:[004;032H/[004;033Hb[004;034Ho[004;035Ho[004;036Ht[004;037H/[004;038Hs[004;039Hc[004;040Hr[004;041Hi[004;042Hp[004;043Ht[004;044H_[004;045Hs[004;046He[004;047Hs[004;048Hs[004;049Hi[004;050Ho[004;051Hn[004;052H.[004;053He[004;054Hl[004;055Hf[004;056H`[004;057H.[004;058H.[004;059H.[004;060H[004;001H[005;001Hl[005;002Hi[005;003Hm[005;004Hi[005;005Hn[005;006He[005;007H:[005;008H [005;009HL[005;010Ho[005;011Ha[005;012Hd[005;013Hi[005;014Hn[005;015Hg[005;016H [005;017Hm[005;018Ho[005;019Hd[005;020Hu[005;021Hl[005;022He[005;023H [005;024H`[005;025Hb[005;026Ho[005;027Ho[005;028Ht[005;029H([005;030H)[005;031H:[005;032H/[005;033Hb[005;034Ho[005;035Ho[005;036Ht[005;037H/[005;038Hr[005;039Ha[005;040Hm[005;041Hf[005;042Hs[005;043H.[005;044Hi[005;045Hm[005;046Hg[005;047H`[005;048H.[005;049H.[005;050H.[005;051H[005;001H[006;001HGAXERA: BOOT_STACK_READY
GAXERA: DESCRIPTORS_AND_IDT_READY
GAXERA: BOOT_CONTEXT_READY kernel_phys=0x0000000019a43000 kernel_virt=0xffffffff80000000 rsdp_phys=0x000000001fb7e014
GAXERA: MEMMAP_BEGIN count=34
GAXERA: MEMMAP_REGION index=0 start=0x0000000000000000 end=0x0000000000087000 len=0x0000000000087000 source_type=0 class=usable allocator=eligible reservation=none
GAXERA: MEMMAP_REGION index=1 start=0x0000000000087000 end=0x0000000000088000 len=0x0000000000001000 source_type=5 class=bootloader-reclaimable allocator=ineligible reservation=none
GAXERA: MEMMAP_REGION index=2 start=0x0000000000088000 end=0x00000000000a0000 len=0x0000000000018000 source_type=0 class=usable allocator=eligible reservation=none
GAXERA: MEMMAP_REGION index=3 start=0x0000000000100000 end=0x0000000000800000 len=0x0000000000700000 source_type=0 class=usable allocator=eligible reservation=none
GAXERA: MEMMAP_REGION index=4 start=0x0000000000800000 end=0x0000000000808000 len=0x0000000000008000 source_type=3 class=acpi-nvs allocator=ineligible reservation=none
GAXERA: MEMMAP_REGION index=5 start=0x0000000000808000 end=0x000000000080b000 len=0x0000000000003000 source_type=0 class=usable allocator=eligible reservation=none
GAXERA: MEMMAP_REGION index=6 start=0x000000000080b000 end=0x000000000080c000 len=0x0000000000001000 source_type=3 class=acpi-nvs allocator=ineligible reservation=none
GAXERA: MEMMAP_REGION index=7 start=0x000000000080c000 end=0x0000000000814000 len=0x0000000000008000 source_type=0 class=usable allocator=eligible reservation=none
GAXERA: MEMMAP_REGION index=8 start=0x0000000000814000 end=0x0000000000900000 len=0x00000000000ec000 source_type=3 class=acpi-nvs allocator=ineligible reservation=none
GAXERA: MEMMAP_REGION index=9 start=0x0000000000900000 end=0x0000000001780000 len=0x0000000000e80000 source_type=5 class=bootloader-reclaimable allocator=ineligible reservation=none
GAXERA: MEMMAP_REGION index=10 start=0x0000000001780000 end=0x00000000190d9000 len=0x0000000017959000 source_type=0 class=usable allocator=eligible reservation=none
GAXERA: MEMMAP_REGION index=11 start=0x00000000190d9000 end=0x00000000190e6000 len=0x000000000000d000 source_type=5 class=bootloader-reclaimable allocator=ineligible reservation=none
GAXERA: MEMMAP_REGION index=12 start=0x00000000190e6000 end=0x0000000019394000 len=0x00000000002ae000 source_type=6 class=executable-and-modules allocator=ineligible reservation=none
GAXERA: MEMMAP_REGION index=13 start=0x0000000019394000 end=0x0000000019642000 len=0x00000000002ae000 source_type=6 class=executable-and-modules allocator=ineligible reservation=none
GAXERA: MEMMAP_REGION index=14 start=0x0000000019642000 end=0x0000000019a43000 len=0x0000000000401000 source_type=6 class=executable-and-modules allocator=ineligible reservation=none
GAXERA: MEMMAP_REGION index=15 start=0x0000000019a43000 end=0x0000000019b41000 len=0x00000000000fe000 source_type=6 class=executable-and-modules allocator=ineligible reservation=none
GAXERA: MEMMAP_REGION index=16 start=0x0000000019b41000 end=0x000000001a66c000 len=0x0000000000b2b000 source_type=5 class=bootloader-reclaimable allocator=ineligible reservation=none
GAXERA: MEMMAP_REGION index=17 start=0x000000001a66c000 end=0x000000001bf6c000 len=0x0000000001900000 source_type=0 class=usable allocator=eligible reservation=none
GAXERA: MEMMAP_REGION index=18 start=0x000000001bf6c000 end=0x000000001bfaa000 len=0x000000000003e000 source_type=5 class=bootloader-reclaimable allocator=ineligible reservation=none
GAXERA: MEMMAP_REGION index=19 start=0x000000001bfaa000 end=0x000000001bfab000 len=0x0000000000001000 source_type=6 class=executable-and-modules allocator=ineligible reservation=none
GAXERA: MEMMAP_REGION index=20 start=0x000000001bfab000 end=0x000000001bfaf000 len=0x0000000000004000 source_type=5 class=bootloader-reclaimable allocator=ineligible reservation=none
GAXERA: MEMMAP_REGION index=21 start=0x000000001bfaf000 end=0x000000001e6a0000 len=0x00000000026f1000 source_type=0 class=usable allocator=eligible reservation=none
GAXERA: MEMMAP_REGION index=22 start=0x000000001e6a0000 end=0x000000001ed3f000 len=0x000000000069f000 source_type=5 class=bootloader-reclaimable allocator=ineligible reservation=none
GAXERA: MEMMAP_REGION index=23 start=0x000000001ed3f000 end=0x000000001ee00000 len=0x00000000000c1000 source_type=8 class=mapped-reserved allocator=ineligible reservation=none
GAXERA: MEMMAP_REGION index=24 start=0x000000001ee00000 end=0x000000001f8ed000 len=0x0000000000aed000 source_type=5 class=bootloader-reclaimable allocator=ineligible reservation=none
GAXERA: MEMMAP_REGION index=25 start=0x000000001f8ed000 end=0x000000001faed000 len=0x0000000000200000 source_type=8 class=mapped-reserved allocator=ineligible reservation=none
GAXERA: MEMMAP_REGION index=26 start=0x000000001faed000 end=0x000000001fb6d000 len=0x0000000000080000 source_type=1 class=reserved allocator=ineligible reservation=none
GAXERA: MEMMAP_REGION index=27 start=0x000000001fb6d000 end=0x000000001fb7f000 len=0x0000000000012000 source_type=2 class=acpi-reclaimable allocator=ineligible reservation=none
GAXERA: MEMMAP_REGION index=28 start=0x000000001fb7f000 end=0x000000001fbff000 len=0x0000000000080000 source_type=3 class=acpi-nvs allocator=ineligible reservation=none
GAXERA: MEMMAP_REGION index=29 start=0x000000001fbff000 end=0x000000001fef4000 len=0x00000000002f5000 source_type=5 class=bootloader-reclaimable allocator=ineligible reservation=none
GAXERA: MEMMAP_REGION index=30 start=0x000000001fef4000 end=0x000000001ff78000 len=0x0000000000084000 source_type=8 class=mapped-reserved allocator=ineligible reservation=none
GAXERA: MEMMAP_REGION index=31 start=0x000000001ff78000 end=0x0000000020000000 len=0x0000000000088000 source_type=3 class=acpi-nvs allocator=ineligible reservation=none
GAXERA: MEMMAP_REGION index=32 start=0x0000000080000000 end=0x00000000803e8000 len=0x00000000003e8000 source_type=7 class=framebuffer allocator=ineligible reservation=none
GAXERA: MEMMAP_REGION index=33 start=0x000000fd00000000 end=0x0000010000000000 len=0x0000000300000000 source_type=1 class=reserved allocator=ineligible reservation=none
GAXERA: MEMMAP_END
GAXERA: BOOTSTRAP_FRAME_ALLOCATOR_READY ranges=8
GAXERA: PAGING_HHDM_MAPPED
GAXERA: PAGING_TEXT_MAPPED
GAXERA: PAGING_FRAMEBUFFER_MAPPED
GAXERA: PAGE_TABLES_READY root=0x0000000000000000 reservations=3
GAXERA: CR3_GAXERA_OWNED
GAXERA: PHYSICAL_FRAME_ALLOCATOR_READY frames=114932 bitmap_words=1796
GAXERA: MEMORY_FOUNDATION_OK heap=0xfffffe8000001000 size=2097152 lower_guard=0xfffffe8000000000
GAXERA: KERNEL_ENTRY_OK
GAXERA: FRAMEBUFFER_OK (1280x800, pitch: 5120)
GAXERA: TEST_PATTERN_DRAWN
GAXERA: ACPI_MADT_READY local_apic_phys=0x00000000fee00000 override=false
GAXERA: ACPI_TEMPORARY_WINDOW_RELEASED
GAXERA: LOCAL_APIC_READY phys=0x00000000fee00000 vector=0xe0
GAXERA: PREEMPTION_TIMER_READY ticks_per_ms=63147
GAXERA: SLAB_ALLOCATION_TEST_START
GAXERA: SLAB_PAGES_ACTIVE count=8
GAXERA: SLAB_ALLOCATION_OK
Guest-confirmed QEMU test passed.

--- Unmap Memory Test ---
=== Building Gaxera Kernel ISO ===
Compiling kernel binary...
    Finished `dev` profile [unoptimized + debuginfo] target(s) in 0.04s
Compiling guest binary (init)...
    Finished `dev` profile [unoptimized + debuginfo] target(s) in 0.03s
Assembling ISO directory structure...
Compiling ramfs binary...
    Finished `dev` profile [unoptimized + debuginfo] target(s) in 0.04s
Compiling script_session binary...
    Finished `dev` profile [unoptimized + debuginfo] target(s) in 0.03s
Packaging GaxFS ramfs.img...
Packaging bootable ISO image via xorriso...
xorriso 1.5.6 : RockRidge filesystem manipulator, libburnia project.

Drive current: -outdev 'stdio:target/gaxera.iso'
Media current: stdio file, overwriteable
Media status : is blank
Media summary: 0 sessions, 0 data blocks, 0 data,  943g free
Added to ISO image: directory '/'='/home/nyx/gaxera/target/iso_root'
xorriso : UPDATE :      16 files added in 1 seconds
xorriso : UPDATE :      16 files added in 1 seconds
ISO image produced: 12666 sectors
Written to medium : 12666 sectors at LBA 0
Writing to 'stdio:target/gaxera.iso' completed successfully.

Installing bootloader record sector...
Physical block size of 512 bytes.
Installing to GPT. Logical block size of 512 bytes.
Secondary header at LBA 0xc5e7.
Secondary header valid.
Detected ISOHYBRID with a GUID partition table (GPT).
Converting to MBR for improved compatibility...
Conversion successful.
No active partition found, some systems may not boot.
Setting partition 1 as active to work around the issue...
Installing to MBR.
Stage 2 to be located at byte offset 0x200.
Reminder: Remember to copy the limine-bios.sys file in either
          the root, /boot, /limine, or /boot/limine directories of
          one of the partitions on the device, or boot will fail!
Limine BIOS stages installed successfully.
Gaxera packaging successfully compiled to target/gaxera.iso!
=== Launching QEMU Virtual Machine ===
OVMF UEFI firmware detected. Booting in UEFI mode.
Headless mode selected.
[2J[001;001H[=3h[2J[001;001H[2J[001;001H[8;056;240t[2J[001;001H[2J[001;001H[=3h[2J[001;001H[2J[001;001H[8;042;160t[2J[001;001HBdsDxe: loading Boot0002 "UEFI QEMU DVD-ROM QM00003 " from PciRoot(0x0)/Pci(0x1,0x1)/Ata(Secondary,Master,0x0)
BdsDxe: starting Boot0002 "UEFI QEMU DVD-ROM QM00003 " from PciRoot(0x0)/Pci(0x1,0x1)/Ata(Secondary,Master,0x0)
[001;001H[001;001H[001;001Hl[001;002Hi[001;003Hm[001;004Hi[001;005Hn[001;006He[001;007H:[001;008H [001;009HL[001;010Ho[001;011Ha[001;012Hd[001;013Hi[001;014Hn[001;015Hg[001;016H [001;017He[001;018Hx[001;019He[001;020Hc[001;021Hu[001;022Ht[001;023Ha[001;024Hb[001;025Hl[001;026He[001;027H [001;028H`[001;029Hb[001;030Ho[001;031Ho[001;032Ht[001;033H([001;034H)[001;035H:[001;036H/[001;037Hb[001;038Ho[001;039Ho[001;040Ht[001;041H/[001;042Hg[001;043Ha[001;044Hx[001;045He[001;046Hr[001;047Ha[001;048H.[001;049He[001;050Hl[001;051Hf[001;052H`[001;053H.[001;054H.[001;055H.[001;056H[001;001H[002;001Hl[002;002Hi[002;003Hm[002;004Hi[002;005Hn[002;006He[002;007H:[002;008H [002;009HL[002;010Ho[002;011Ha[002;012Hd[002;013Hi[002;014Hn[002;015Hg[002;016H [002;017Hm[002;018Ho[002;019Hd[002;020Hu[002;021Hl[002;022He[002;023H [002;024H`[002;025Hb[002;026Ho[002;027Ho[002;028Ht[002;029H([002;030H)[002;031H:[002;032H/[002;033Hb[002;034Ho[002;035Ho[002;036Ht[002;037H/[002;038Hi[002;039Hn[002;040Hi[002;041Ht[002;042H.[002;043He[002;044Hl[002;045Hf[002;046H`[002;047H.[002;048H.[002;049H.[002;050H[002;001H[003;001Hl[003;002Hi[003;003Hm[003;004Hi[003;005Hn[003;006He[003;007H:[003;008H [003;009HL[003;010Ho[003;011Ha[003;012Hd[003;013Hi[003;014Hn[003;015Hg[003;016H [003;017Hm[003;018Ho[003;019Hd[003;020Hu[003;021Hl[003;022He[003;023H [003;024H`[003;025Hb[003;026Ho[003;027Ho[003;028Ht[003;029H([003;030H)[003;031H:[003;032H/[003;033Hb[003;034Ho[003;035Ho[003;036Ht[003;037H/[003;038Hr[003;039Ha[003;040Hm[003;041Hf[003;042Hs[003;043H.[003;044He[003;045Hl[003;046Hf[003;047H`[003;048H.[003;049H.[003;050H.[003;051H[003;001H[004;001Hl[004;002Hi[004;003Hm[004;004Hi[004;005Hn[004;006He[004;007H:[004;008H [004;009HL[004;010Ho[004;011Ha[004;012Hd[004;013Hi[004;014Hn[004;015Hg[004;016H [004;017Hm[004;018Ho[004;019Hd[004;020Hu[004;021Hl[004;022He[004;023H [004;024H`[004;025Hb[004;026Ho[004;027Ho[004;028Ht[004;029H([004;030H)[004;031H:[004;032H/[004;033Hb[004;034Ho[004;035Ho[004;036Ht[004;037H/[004;038Hs[004;039Hc[004;040Hr[004;041Hi[004;042Hp[004;043Ht[004;044H_[004;045Hs[004;046He[004;047Hs[004;048Hs[004;049Hi[004;050Ho[004;051Hn[004;052H.[004;053He[004;054Hl[004;055Hf[004;056H`[004;057H.[004;058H.[004;059H.[004;060H[004;001H[005;001Hl[005;002Hi[005;003Hm[005;004Hi[005;005Hn[005;006He[005;007H:[005;008H [005;009HL[005;010Ho[005;011Ha[005;012Hd[005;013Hi[005;014Hn[005;015Hg[005;016H [005;017Hm[005;018Ho[005;019Hd[005;020Hu[005;021Hl[005;022He[005;023H [005;024H`[005;025Hb[005;026Ho[005;027Ho[005;028Ht[005;029H([005;030H)[005;031H:[005;032H/[005;033Hb[005;034Ho[005;035Ho[005;036Ht[005;037H/[005;038Hr[005;039Ha[005;040Hm[005;041Hf[005;042Hs[005;043H.[005;044Hi[005;045Hm[005;046Hg[005;047H`[005;048H.[005;049H.[005;050H.[005;051H[005;001H[006;001HGAXERA: BOOT_STACK_READY
GAXERA: DESCRIPTORS_AND_IDT_READY
GAXERA: BOOT_CONTEXT_READY kernel_phys=0x0000000019a67000 kernel_virt=0xffffffff80000000 rsdp_phys=0x000000001fb7e014
GAXERA: MEMMAP_BEGIN count=34
GAXERA: MEMMAP_REGION index=0 start=0x0000000000000000 end=0x0000000000087000 len=0x0000000000087000 source_type=0 class=usable allocator=eligible reservation=none
GAXERA: MEMMAP_REGION index=1 start=0x0000000000087000 end=0x0000000000088000 len=0x0000000000001000 source_type=5 class=bootloader-reclaimable allocator=ineligible reservation=none
GAXERA: MEMMAP_REGION index=2 start=0x0000000000088000 end=0x00000000000a0000 len=0x0000000000018000 source_type=0 class=usable allocator=eligible reservation=none
GAXERA: MEMMAP_REGION index=3 start=0x0000000000100000 end=0x0000000000800000 len=0x0000000000700000 source_type=0 class=usable allocator=eligible reservation=none
GAXERA: MEMMAP_REGION index=4 start=0x0000000000800000 end=0x0000000000808000 len=0x0000000000008000 source_type=3 class=acpi-nvs allocator=ineligible reservation=none
GAXERA: MEMMAP_REGION index=5 start=0x0000000000808000 end=0x000000000080b000 len=0x0000000000003000 source_type=0 class=usable allocator=eligible reservation=none
GAXERA: MEMMAP_REGION index=6 start=0x000000000080b000 end=0x000000000080c000 len=0x0000000000001000 source_type=3 class=acpi-nvs allocator=ineligible reservation=none
GAXERA: MEMMAP_REGION index=7 start=0x000000000080c000 end=0x0000000000814000 len=0x0000000000008000 source_type=0 class=usable allocator=eligible reservation=none
GAXERA: MEMMAP_REGION index=8 start=0x0000000000814000 end=0x0000000000900000 len=0x00000000000ec000 source_type=3 class=acpi-nvs allocator=ineligible reservation=none
GAXERA: MEMMAP_REGION index=9 start=0x0000000000900000 end=0x0000000001780000 len=0x0000000000e80000 source_type=5 class=bootloader-reclaimable allocator=ineligible reservation=none
GAXERA: MEMMAP_REGION index=10 start=0x0000000001780000 end=0x00000000190fd000 len=0x000000001797d000 source_type=0 class=usable allocator=eligible reservation=none
GAXERA: MEMMAP_REGION index=11 start=0x00000000190fd000 end=0x000000001910a000 len=0x000000000000d000 source_type=5 class=bootloader-reclaimable allocator=ineligible reservation=none
GAXERA: MEMMAP_REGION index=12 start=0x000000001910a000 end=0x00000000193b8000 len=0x00000000002ae000 source_type=6 class=executable-and-modules allocator=ineligible reservation=none
GAXERA: MEMMAP_REGION index=13 start=0x00000000193b8000 end=0x0000000019666000 len=0x00000000002ae000 source_type=6 class=executable-and-modules allocator=ineligible reservation=none
GAXERA: MEMMAP_REGION index=14 start=0x0000000019666000 end=0x0000000019a67000 len=0x0000000000401000 source_type=6 class=executable-and-modules allocator=ineligible reservation=none
GAXERA: MEMMAP_REGION index=15 start=0x0000000019a67000 end=0x0000000019b61000 len=0x00000000000fa000 source_type=6 class=executable-and-modules allocator=ineligible reservation=none
GAXERA: MEMMAP_REGION index=16 start=0x0000000019b61000 end=0x000000001a66c000 len=0x0000000000b0b000 source_type=5 class=bootloader-reclaimable allocator=ineligible reservation=none
GAXERA: MEMMAP_REGION index=17 start=0x000000001a66c000 end=0x000000001bf6c000 len=0x0000000001900000 source_type=0 class=usable allocator=eligible reservation=none
GAXERA: MEMMAP_REGION index=18 start=0x000000001bf6c000 end=0x000000001bfaa000 len=0x000000000003e000 source_type=5 class=bootloader-reclaimable allocator=ineligible reservation=none
GAXERA: MEMMAP_REGION index=19 start=0x000000001bfaa000 end=0x000000001bfab000 len=0x0000000000001000 source_type=6 class=executable-and-modules allocator=ineligible reservation=none
GAXERA: MEMMAP_REGION index=20 start=0x000000001bfab000 end=0x000000001bfaf000 len=0x0000000000004000 source_type=5 class=bootloader-reclaimable allocator=ineligible reservation=none
GAXERA: MEMMAP_REGION index=21 start=0x000000001bfaf000 end=0x000000001e6a0000 len=0x00000000026f1000 source_type=0 class=usable allocator=eligible reservation=none
GAXERA: MEMMAP_REGION index=22 start=0x000000001e6a0000 end=0x000000001ed3f000 len=0x000000000069f000 source_type=5 class=bootloader-reclaimable allocator=ineligible reservation=none
GAXERA: MEMMAP_REGION index=23 start=0x000000001ed3f000 end=0x000000001ee00000 len=0x00000000000c1000 source_type=8 class=mapped-reserved allocator=ineligible reservation=none
GAXERA: MEMMAP_REGION index=24 start=0x000000001ee00000 end=0x000000001f8ed000 len=0x0000000000aed000 source_type=5 class=bootloader-reclaimable allocator=ineligible reservation=none
GAXERA: MEMMAP_REGION index=25 start=0x000000001f8ed000 end=0x000000001faed000 len=0x0000000000200000 source_type=8 class=mapped-reserved allocator=ineligible reservation=none
GAXERA: MEMMAP_REGION index=26 start=0x000000001faed000 end=0x000000001fb6d000 len=0x0000000000080000 source_type=1 class=reserved allocator=ineligible reservation=none
GAXERA: MEMMAP_REGION index=27 start=0x000000001fb6d000 end=0x000000001fb7f000 len=0x0000000000012000 source_type=2 class=acpi-reclaimable allocator=ineligible reservation=none
GAXERA: MEMMAP_REGION index=28 start=0x000000001fb7f000 end=0x000000001fbff000 len=0x0000000000080000 source_type=3 class=acpi-nvs allocator=ineligible reservation=none
GAXERA: MEMMAP_REGION index=29 start=0x000000001fbff000 end=0x000000001fef4000 len=0x00000000002f5000 source_type=5 class=bootloader-reclaimable allocator=ineligible reservation=none
GAXERA: MEMMAP_REGION index=30 start=0x000000001fef4000 end=0x000000001ff78000 len=0x0000000000084000 source_type=8 class=mapped-reserved allocator=ineligible reservation=none
GAXERA: MEMMAP_REGION index=31 start=0x000000001ff78000 end=0x0000000020000000 len=0x0000000000088000 source_type=3 class=acpi-nvs allocator=ineligible reservation=none
GAXERA: MEMMAP_REGION index=32 start=0x0000000080000000 end=0x00000000803e8000 len=0x00000000003e8000 source_type=7 class=framebuffer allocator=ineligible reservation=none
GAXERA: MEMMAP_REGION index=33 start=0x000000fd00000000 end=0x0000010000000000 len=0x0000000300000000 source_type=1 class=reserved allocator=ineligible reservation=none
GAXERA: MEMMAP_END
GAXERA: BOOTSTRAP_FRAME_ALLOCATOR_READY ranges=8
GAXERA: PAGING_HHDM_MAPPED
GAXERA: PAGING_TEXT_MAPPED
GAXERA: PAGING_FRAMEBUFFER_MAPPED
GAXERA: PAGE_TABLES_READY root=0x0000000000000000 reservations=3
GAXERA: CR3_GAXERA_OWNED
GAXERA: PHYSICAL_FRAME_ALLOCATOR_READY frames=114968 bitmap_words=1797
GAXERA: MEMORY_FOUNDATION_OK heap=0xfffffe8000001000 size=2097152 lower_guard=0xfffffe8000000000
GAXERA: KERNEL_ENTRY_OK
GAXERA: FRAMEBUFFER_OK (1280x800, pitch: 5120)
GAXERA: TEST_PATTERN_DRAWN
GAXERA: ACPI_MADT_READY local_apic_phys=0x00000000fee00000 override=false
GAXERA: ACPI_TEMPORARY_WINDOW_RELEASED
GAXERA: LOCAL_APIC_READY phys=0x00000000fee00000 vector=0xe0
GAXERA: PREEMPTION_TIMER_READY ticks_per_ms=63245
GAXERA: UNMAP_MEMORY_TEST_START
GAXERA: UNMAP_MEMORY_OK
Guest-confirmed QEMU test passed.

--- Shared Memory Test ---
=== Building Gaxera Kernel ISO ===
Compiling kernel binary...
    Finished `dev` profile [unoptimized + debuginfo] target(s) in 0.04s
Compiling guest binary (init)...
    Finished `dev` profile [unoptimized + debuginfo] target(s) in 0.03s
Assembling ISO directory structure...
Compiling ramfs binary...
    Finished `dev` profile [unoptimized + debuginfo] target(s) in 0.03s
Compiling script_session binary...
    Finished `dev` profile [unoptimized + debuginfo] target(s) in 0.03s
Packaging GaxFS ramfs.img...
Packaging bootable ISO image via xorriso...
xorriso 1.5.6 : RockRidge filesystem manipulator, libburnia project.

Drive current: -outdev 'stdio:target/gaxera.iso'
Media current: stdio file, overwriteable
Media status : is blank
Media summary: 0 sessions, 0 data blocks, 0 data,  943g free
Added to ISO image: directory '/'='/home/nyx/gaxera/target/iso_root'
xorriso : UPDATE :      16 files added in 1 seconds
xorriso : UPDATE :      16 files added in 1 seconds
ISO image produced: 12664 sectors
Written to medium : 12664 sectors at LBA 0
Writing to 'stdio:target/gaxera.iso' completed successfully.

Installing bootloader record sector...
Physical block size of 512 bytes.
Installing to GPT. Logical block size of 512 bytes.
Secondary header at LBA 0xc5df.
Secondary header valid.
Detected ISOHYBRID with a GUID partition table (GPT).
Converting to MBR for improved compatibility...
Conversion successful.
No active partition found, some systems may not boot.
Setting partition 1 as active to work around the issue...
Installing to MBR.
Stage 2 to be located at byte offset 0x200.
Reminder: Remember to copy the limine-bios.sys file in either
          the root, /boot, /limine, or /boot/limine directories of
          one of the partitions on the device, or boot will fail!
Limine BIOS stages installed successfully.
Gaxera packaging successfully compiled to target/gaxera.iso!
=== Launching QEMU Virtual Machine ===
OVMF UEFI firmware detected. Booting in UEFI mode.
Headless mode selected.
[2J[001;001H[=3h[2J[001;001H[2J[001;001H[8;056;240t[2J[001;001H[2J[001;001H[=3h[2J[001;001H[2J[001;001H[8;042;160t[2J[001;001HBdsDxe: loading Boot0002 "UEFI QEMU DVD-ROM QM00003 " from PciRoot(0x0)/Pci(0x1,0x1)/Ata(Secondary,Master,0x0)
BdsDxe: starting Boot0002 "UEFI QEMU DVD-ROM QM00003 " from PciRoot(0x0)/Pci(0x1,0x1)/Ata(Secondary,Master,0x0)
[001;001H[001;001H[001;001Hl[001;002Hi[001;003Hm[001;004Hi[001;005Hn[001;006He[001;007H:[001;008H [001;009HL[001;010Ho[001;011Ha[001;012Hd[001;013Hi[001;014Hn[001;015Hg[001;016H [001;017He[001;018Hx[001;019He[001;020Hc[001;021Hu[001;022Ht[001;023Ha[001;024Hb[001;025Hl[001;026He[001;027H [001;028H`[001;029Hb[001;030Ho[001;031Ho[001;032Ht[001;033H([001;034H)[001;035H:[001;036H/[001;037Hb[001;038Ho[001;039Ho[001;040Ht[001;041H/[001;042Hg[001;043Ha[001;044Hx[001;045He[001;046Hr[001;047Ha[001;048H.[001;049He[001;050Hl[001;051Hf[001;052H`[001;053H.[001;054H.[001;055H.[001;056H[001;001H[002;001Hl[002;002Hi[002;003Hm[002;004Hi[002;005Hn[002;006He[002;007H:[002;008H [002;009HL[002;010Ho[002;011Ha[002;012Hd[002;013Hi[002;014Hn[002;015Hg[002;016H [002;017Hm[002;018Ho[002;019Hd[002;020Hu[002;021Hl[002;022He[002;023H [002;024H`[002;025Hb[002;026Ho[002;027Ho[002;028Ht[002;029H([002;030H)[002;031H:[002;032H/[002;033Hb[002;034Ho[002;035Ho[002;036Ht[002;037H/[002;038Hi[002;039Hn[002;040Hi[002;041Ht[002;042H.[002;043He[002;044Hl[002;045Hf[002;046H`[002;047H.[002;048H.[002;049H.[002;050H[002;001H[003;001Hl[003;002Hi[003;003Hm[003;004Hi[003;005Hn[003;006He[003;007H:[003;008H [003;009HL[003;010Ho[003;011Ha[003;012Hd[003;013Hi[003;014Hn[003;015Hg[003;016H [003;017Hm[003;018Ho[003;019Hd[003;020Hu[003;021Hl[003;022He[003;023H [003;024H`[003;025Hb[003;026Ho[003;027Ho[003;028Ht[003;029H([003;030H)[003;031H:[003;032H/[003;033Hb[003;034Ho[003;035Ho[003;036Ht[003;037H/[003;038Hr[003;039Ha[003;040Hm[003;041Hf[003;042Hs[003;043H.[003;044He[003;045Hl[003;046Hf[003;047H`[003;048H.[003;049H.[003;050H.[003;051H[003;001H[004;001Hl[004;002Hi[004;003Hm[004;004Hi[004;005Hn[004;006He[004;007H:[004;008H [004;009HL[004;010Ho[004;011Ha[004;012Hd[004;013Hi[004;014Hn[004;015Hg[004;016H [004;017Hm[004;018Ho[004;019Hd[004;020Hu[004;021Hl[004;022He[004;023H [004;024H`[004;025Hb[004;026Ho[004;027Ho[004;028Ht[004;029H([004;030H)[004;031H:[004;032H/[004;033Hb[004;034Ho[004;035Ho[004;036Ht[004;037H/[004;038Hs[004;039Hc[004;040Hr[004;041Hi[004;042Hp[004;043Ht[004;044H_[004;045Hs[004;046He[004;047Hs[004;048Hs[004;049Hi[004;050Ho[004;051Hn[004;052H.[004;053He[004;054Hl[004;055Hf[004;056H`[004;057H.[004;058H.[004;059H.[004;060H[004;001H[005;001Hl[005;002Hi[005;003Hm[005;004Hi[005;005Hn[005;006He[005;007H:[005;008H [005;009HL[005;010Ho[005;011Ha[005;012Hd[005;013Hi[005;014Hn[005;015Hg[005;016H [005;017Hm[005;018Ho[005;019Hd[005;020Hu[005;021Hl[005;022He[005;023H [005;024H`[005;025Hb[005;026Ho[005;027Ho[005;028Ht[005;029H([005;030H)[005;031H:[005;032H/[005;033Hb[005;034Ho[005;035Ho[005;036Ht[005;037H/[005;038Hr[005;039Ha[005;040Hm[005;041Hf[005;042Hs[005;043H.[005;044Hi[005;045Hm[005;046Hg[005;047H`[005;048H.[005;049H.[005;050H.[005;051H[005;001H[006;001HGAXERA: BOOT_STACK_READY
GAXERA: DESCRIPTORS_AND_IDT_READY
GAXERA: BOOT_CONTEXT_READY kernel_phys=0x0000000019a68000 kernel_virt=0xffffffff80000000 rsdp_phys=0x000000001fb7e014
GAXERA: MEMMAP_BEGIN count=34
GAXERA: MEMMAP_REGION index=0 start=0x0000000000000000 end=0x0000000000087000 len=0x0000000000087000 source_type=0 class=usable allocator=eligible reservation=none
GAXERA: MEMMAP_REGION index=1 start=0x0000000000087000 end=0x0000000000088000 len=0x0000000000001000 source_type=5 class=bootloader-reclaimable allocator=ineligible reservation=none
GAXERA: MEMMAP_REGION index=2 start=0x0000000000088000 end=0x00000000000a0000 len=0x0000000000018000 source_type=0 class=usable allocator=eligible reservation=none
GAXERA: MEMMAP_REGION index=3 start=0x0000000000100000 end=0x0000000000800000 len=0x0000000000700000 source_type=0 class=usable allocator=eligible reservation=none
GAXERA: MEMMAP_REGION index=4 start=0x0000000000800000 end=0x0000000000808000 len=0x0000000000008000 source_type=3 class=acpi-nvs allocator=ineligible reservation=none
GAXERA: MEMMAP_REGION index=5 start=0x0000000000808000 end=0x000000000080b000 len=0x0000000000003000 source_type=0 class=usable allocator=eligible reservation=none
GAXERA: MEMMAP_REGION index=6 start=0x000000000080b000 end=0x000000000080c000 len=0x0000000000001000 source_type=3 class=acpi-nvs allocator=ineligible reservation=none
GAXERA: MEMMAP_REGION index=7 start=0x000000000080c000 end=0x0000000000814000 len=0x0000000000008000 source_type=0 class=usable allocator=eligible reservation=none
GAXERA: MEMMAP_REGION index=8 start=0x0000000000814000 end=0x0000000000900000 len=0x00000000000ec000 source_type=3 class=acpi-nvs allocator=ineligible reservation=none
GAXERA: MEMMAP_REGION index=9 start=0x0000000000900000 end=0x0000000001780000 len=0x0000000000e80000 source_type=5 class=bootloader-reclaimable allocator=ineligible reservation=none
GAXERA: MEMMAP_REGION index=10 start=0x0000000001780000 end=0x00000000190fe000 len=0x000000001797e000 source_type=0 class=usable allocator=eligible reservation=none
GAXERA: MEMMAP_REGION index=11 start=0x00000000190fe000 end=0x000000001910b000 len=0x000000000000d000 source_type=5 class=bootloader-reclaimable allocator=ineligible reservation=none
GAXERA: MEMMAP_REGION index=12 start=0x000000001910b000 end=0x00000000193b9000 len=0x00000000002ae000 source_type=6 class=executable-and-modules allocator=ineligible reservation=none
GAXERA: MEMMAP_REGION index=13 start=0x00000000193b9000 end=0x0000000019667000 len=0x00000000002ae000 source_type=6 class=executable-and-modules allocator=ineligible reservation=none
GAXERA: MEMMAP_REGION index=14 start=0x0000000019667000 end=0x0000000019a68000 len=0x0000000000401000 source_type=6 class=executable-and-modules allocator=ineligible reservation=none
GAXERA: MEMMAP_REGION index=15 start=0x0000000019a68000 end=0x0000000019b62000 len=0x00000000000fa000 source_type=6 class=executable-and-modules allocator=ineligible reservation=none
GAXERA: MEMMAP_REGION index=16 start=0x0000000019b62000 end=0x000000001a66c000 len=0x0000000000b0a000 source_type=5 class=bootloader-reclaimable allocator=ineligible reservation=none
GAXERA: MEMMAP_REGION index=17 start=0x000000001a66c000 end=0x000000001bf6c000 len=0x0000000001900000 source_type=0 class=usable allocator=eligible reservation=none
GAXERA: MEMMAP_REGION index=18 start=0x000000001bf6c000 end=0x000000001bfaa000 len=0x000000000003e000 source_type=5 class=bootloader-reclaimable allocator=ineligible reservation=none
GAXERA: MEMMAP_REGION index=19 start=0x000000001bfaa000 end=0x000000001bfab000 len=0x0000000000001000 source_type=6 class=executable-and-modules allocator=ineligible reservation=none
GAXERA: MEMMAP_REGION index=20 start=0x000000001bfab000 end=0x000000001bfaf000 len=0x0000000000004000 source_type=5 class=bootloader-reclaimable allocator=ineligible reservation=none
GAXERA: MEMMAP_REGION index=21 start=0x000000001bfaf000 end=0x000000001e6a0000 len=0x00000000026f1000 source_type=0 class=usable allocator=eligible reservation=none
GAXERA: MEMMAP_REGION index=22 start=0x000000001e6a0000 end=0x000000001ed3f000 len=0x000000000069f000 source_type=5 class=bootloader-reclaimable allocator=ineligible reservation=none
GAXERA: MEMMAP_REGION index=23 start=0x000000001ed3f000 end=0x000000001ee00000 len=0x00000000000c1000 source_type=8 class=mapped-reserved allocator=ineligible reservation=none
GAXERA: MEMMAP_REGION index=24 start=0x000000001ee00000 end=0x000000001f8ed000 len=0x0000000000aed000 source_type=5 class=bootloader-reclaimable allocator=ineligible reservation=none
GAXERA: MEMMAP_REGION index=25 start=0x000000001f8ed000 end=0x000000001faed000 len=0x0000000000200000 source_type=8 class=mapped-reserved allocator=ineligible reservation=none
GAXERA: MEMMAP_REGION index=26 start=0x000000001faed000 end=0x000000001fb6d000 len=0x0000000000080000 source_type=1 class=reserved allocator=ineligible reservation=none
GAXERA: MEMMAP_REGION index=27 start=0x000000001fb6d000 end=0x000000001fb7f000 len=0x0000000000012000 source_type=2 class=acpi-reclaimable allocator=ineligible reservation=none
GAXERA: MEMMAP_REGION index=28 start=0x000000001fb7f000 end=0x000000001fbff000 len=0x0000000000080000 source_type=3 class=acpi-nvs allocator=ineligible reservation=none
GAXERA: MEMMAP_REGION index=29 start=0x000000001fbff000 end=0x000000001fef4000 len=0x00000000002f5000 source_type=5 class=bootloader-reclaimable allocator=ineligible reservation=none
GAXERA: MEMMAP_REGION index=30 start=0x000000001fef4000 end=0x000000001ff78000 len=0x0000000000084000 source_type=8 class=mapped-reserved allocator=ineligible reservation=none
GAXERA: MEMMAP_REGION index=31 start=0x000000001ff78000 end=0x0000000020000000 len=0x0000000000088000 source_type=3 class=acpi-nvs allocator=ineligible reservation=none
GAXERA: MEMMAP_REGION index=32 start=0x0000000080000000 end=0x00000000803e8000 len=0x00000000003e8000 source_type=7 class=framebuffer allocator=ineligible reservation=none
GAXERA: MEMMAP_REGION index=33 start=0x000000fd00000000 end=0x0000010000000000 len=0x0000000300000000 source_type=1 class=reserved allocator=ineligible reservation=none
GAXERA: MEMMAP_END
GAXERA: BOOTSTRAP_FRAME_ALLOCATOR_READY ranges=8
GAXERA: PAGING_HHDM_MAPPED
GAXERA: PAGING_TEXT_MAPPED
GAXERA: PAGING_FRAMEBUFFER_MAPPED
GAXERA: PAGE_TABLES_READY root=0x0000000000000000 reservations=3
GAXERA: CR3_GAXERA_OWNED
GAXERA: PHYSICAL_FRAME_ALLOCATOR_READY frames=114969 bitmap_words=1797
GAXERA: MEMORY_FOUNDATION_OK heap=0xfffffe8000001000 size=2097152 lower_guard=0xfffffe8000000000
GAXERA: KERNEL_ENTRY_OK
GAXERA: FRAMEBUFFER_OK (1280x800, pitch: 5120)
GAXERA: TEST_PATTERN_DRAWN
GAXERA: ACPI_MADT_READY local_apic_phys=0x00000000fee00000 override=false
GAXERA: ACPI_TEMPORARY_WINDOW_RELEASED
GAXERA: LOCAL_APIC_READY phys=0x00000000fee00000 vector=0xe0
GAXERA: PREEMPTION_TIMER_READY ticks_per_ms=63997
GAXERA: SHARED_MEMORY_TEST_START
GAXERA: SHARED_MEMORY_OK
Guest-confirmed QEMU test passed.

--- IPC Multi-Client Test ---
=== Building Gaxera Kernel ISO ===
Compiling kernel binary...
    Finished `dev` profile [unoptimized + debuginfo] target(s) in 0.04s
Compiling guest binary (init)...
    Finished `dev` profile [unoptimized + debuginfo] target(s) in 0.04s
Assembling ISO directory structure...
Compiling ramfs binary...
    Finished `dev` profile [unoptimized + debuginfo] target(s) in 0.03s
Compiling script_session binary...
    Finished `dev` profile [unoptimized + debuginfo] target(s) in 0.03s
Packaging GaxFS ramfs.img...
Packaging bootable ISO image via xorriso...
xorriso 1.5.6 : RockRidge filesystem manipulator, libburnia project.

Drive current: -outdev 'stdio:target/gaxera.iso'
Media current: stdio file, overwriteable
Media status : is blank
Media summary: 0 sessions, 0 data blocks, 0 data,  943g free
Added to ISO image: directory '/'='/home/nyx/gaxera/target/iso_root'
xorriso : UPDATE :      16 files added in 1 seconds
xorriso : UPDATE :      16 files added in 1 seconds
ISO image produced: 12673 sectors
Written to medium : 12673 sectors at LBA 0
Writing to 'stdio:target/gaxera.iso' completed successfully.

Installing bootloader record sector...
Physical block size of 512 bytes.
Installing to GPT. Logical block size of 512 bytes.
Secondary header at LBA 0xc603.
Secondary header valid.
Detected ISOHYBRID with a GUID partition table (GPT).
Converting to MBR for improved compatibility...
Conversion successful.
No active partition found, some systems may not boot.
Setting partition 1 as active to work around the issue...
Installing to MBR.
Stage 2 to be located at byte offset 0x200.
Reminder: Remember to copy the limine-bios.sys file in either
          the root, /boot, /limine, or /boot/limine directories of
          one of the partitions on the device, or boot will fail!
Limine BIOS stages installed successfully.
Gaxera packaging successfully compiled to target/gaxera.iso!
=== Launching QEMU Virtual Machine ===
OVMF UEFI firmware detected. Booting in UEFI mode.
Headless mode selected.
[2J[001;001H[=3h[2J[001;001H[2J[001;001H[8;056;240t[2J[001;001H[2J[001;001H[=3h[2J[001;001H[2J[001;001H[8;042;160t[2J[001;001HBdsDxe: loading Boot0002 "UEFI QEMU DVD-ROM QM00003 " from PciRoot(0x0)/Pci(0x1,0x1)/Ata(Secondary,Master,0x0)
BdsDxe: starting Boot0002 "UEFI QEMU DVD-ROM QM00003 " from PciRoot(0x0)/Pci(0x1,0x1)/Ata(Secondary,Master,0x0)
[001;001H[001;001H[001;001Hl[001;002Hi[001;003Hm[001;004Hi[001;005Hn[001;006He[001;007H:[001;008H [001;009HL[001;010Ho[001;011Ha[001;012Hd[001;013Hi[001;014Hn[001;015Hg[001;016H [001;017He[001;018Hx[001;019He[001;020Hc[001;021Hu[001;022Ht[001;023Ha[001;024Hb[001;025Hl[001;026He[001;027H [001;028H`[001;029Hb[001;030Ho[001;031Ho[001;032Ht[001;033H([001;034H)[001;035H:[001;036H/[001;037Hb[001;038Ho[001;039Ho[001;040Ht[001;041H/[001;042Hg[001;043Ha[001;044Hx[001;045He[001;046Hr[001;047Ha[001;048H.[001;049He[001;050Hl[001;051Hf[001;052H`[001;053H.[001;054H.[001;055H.[001;056H[001;001H[002;001Hl[002;002Hi[002;003Hm[002;004Hi[002;005Hn[002;006He[002;007H:[002;008H [002;009HL[002;010Ho[002;011Ha[002;012Hd[002;013Hi[002;014Hn[002;015Hg[002;016H [002;017Hm[002;018Ho[002;019Hd[002;020Hu[002;021Hl[002;022He[002;023H [002;024H`[002;025Hb[002;026Ho[002;027Ho[002;028Ht[002;029H([002;030H)[002;031H:[002;032H/[002;033Hb[002;034Ho[002;035Ho[002;036Ht[002;037H/[002;038Hi[002;039Hn[002;040Hi[002;041Ht[002;042H.[002;043He[002;044Hl[002;045Hf[002;046H`[002;047H.[002;048H.[002;049H.[002;050H[002;001H[003;001Hl[003;002Hi[003;003Hm[003;004Hi[003;005Hn[003;006He[003;007H:[003;008H [003;009HL[003;010Ho[003;011Ha[003;012Hd[003;013Hi[003;014Hn[003;015Hg[003;016H [003;017Hm[003;018Ho[003;019Hd[003;020Hu[003;021Hl[003;022He[003;023H [003;024H`[003;025Hb[003;026Ho[003;027Ho[003;028Ht[003;029H([003;030H)[003;031H:[003;032H/[003;033Hb[003;034Ho[003;035Ho[003;036Ht[003;037H/[003;038Hr[003;039Ha[003;040Hm[003;041Hf[003;042Hs[003;043H.[003;044He[003;045Hl[003;046Hf[003;047H`[003;048H.[003;049H.[003;050H.[003;051H[003;001H[004;001Hl[004;002Hi[004;003Hm[004;004Hi[004;005Hn[004;006He[004;007H:[004;008H [004;009HL[004;010Ho[004;011Ha[004;012Hd[004;013Hi[004;014Hn[004;015Hg[004;016H [004;017Hm[004;018Ho[004;019Hd[004;020Hu[004;021Hl[004;022He[004;023H [004;024H`[004;025Hb[004;026Ho[004;027Ho[004;028Ht[004;029H([004;030H)[004;031H:[004;032H/[004;033Hb[004;034Ho[004;035Ho[004;036Ht[004;037H/[004;038Hs[004;039Hc[004;040Hr[004;041Hi[004;042Hp[004;043Ht[004;044H_[004;045Hs[004;046He[004;047Hs[004;048Hs[004;049Hi[004;050Ho[004;051Hn[004;052H.[004;053He[004;054Hl[004;055Hf[004;056H`[004;057H.[004;058H.[004;059H.[004;060H[004;001H[005;001Hl[005;002Hi[005;003Hm[005;004Hi[005;005Hn[005;006He[005;007H:[005;008H [005;009HL[005;010Ho[005;011Ha[005;012Hd[005;013Hi[005;014Hn[005;015Hg[005;016H [005;017Hm[005;018Ho[005;019Hd[005;020Hu[005;021Hl[005;022He[005;023H [005;024H`[005;025Hb[005;026Ho[005;027Ho[005;028Ht[005;029H([005;030H)[005;031H:[005;032H/[005;033Hb[005;034Ho[005;035Ho[005;036Ht[005;037H/[005;038Hr[005;039Ha[005;040Hm[005;041Hf[005;042Hs[005;043H.[005;044Hi[005;045Hm[005;046Hg[005;047H`[005;048H.[005;049H.[005;050H.[005;051H[005;001H[006;001HGAXERA: BOOT_STACK_READY
GAXERA: DESCRIPTORS_AND_IDT_READY
GAXERA: BOOT_CONTEXT_READY kernel_phys=0x0000000019a64000 kernel_virt=0xffffffff80000000 rsdp_phys=0x000000001fb7e014
GAXERA: MEMMAP_BEGIN count=34
GAXERA: MEMMAP_REGION index=0 start=0x0000000000000000 end=0x0000000000087000 len=0x0000000000087000 source_type=0 class=usable allocator=eligible reservation=none
GAXERA: MEMMAP_REGION index=1 start=0x0000000000087000 end=0x0000000000088000 len=0x0000000000001000 source_type=5 class=bootloader-reclaimable allocator=ineligible reservation=none
GAXERA: MEMMAP_REGION index=2 start=0x0000000000088000 end=0x00000000000a0000 len=0x0000000000018000 source_type=0 class=usable allocator=eligible reservation=none
GAXERA: MEMMAP_REGION index=3 start=0x0000000000100000 end=0x0000000000800000 len=0x0000000000700000 source_type=0 class=usable allocator=eligible reservation=none
GAXERA: MEMMAP_REGION index=4 start=0x0000000000800000 end=0x0000000000808000 len=0x0000000000008000 source_type=3 class=acpi-nvs allocator=ineligible reservation=none
GAXERA: MEMMAP_REGION index=5 start=0x0000000000808000 end=0x000000000080b000 len=0x0000000000003000 source_type=0 class=usable allocator=eligible reservation=none
GAXERA: MEMMAP_REGION index=6 start=0x000000000080b000 end=0x000000000080c000 len=0x0000000000001000 source_type=3 class=acpi-nvs allocator=ineligible reservation=none
GAXERA: MEMMAP_REGION index=7 start=0x000000000080c000 end=0x0000000000814000 len=0x0000000000008000 source_type=0 class=usable allocator=eligible reservation=none
GAXERA: MEMMAP_REGION index=8 start=0x0000000000814000 end=0x0000000000900000 len=0x00000000000ec000 source_type=3 class=acpi-nvs allocator=ineligible reservation=none
GAXERA: MEMMAP_REGION index=9 start=0x0000000000900000 end=0x0000000001780000 len=0x0000000000e80000 source_type=5 class=bootloader-reclaimable allocator=ineligible reservation=none
GAXERA: MEMMAP_REGION index=10 start=0x0000000001780000 end=0x00000000190fa000 len=0x000000001797a000 source_type=0 class=usable allocator=eligible reservation=none
GAXERA: MEMMAP_REGION index=11 start=0x00000000190fa000 end=0x0000000019107000 len=0x000000000000d000 source_type=5 class=bootloader-reclaimable allocator=ineligible reservation=none
GAXERA: MEMMAP_REGION index=12 start=0x0000000019107000 end=0x00000000193b5000 len=0x00000000002ae000 source_type=6 class=executable-and-modules allocator=ineligible reservation=none
GAXERA: MEMMAP_REGION index=13 start=0x00000000193b5000 end=0x0000000019663000 len=0x00000000002ae000 source_type=6 class=executable-and-modules allocator=ineligible reservation=none
GAXERA: MEMMAP_REGION index=14 start=0x0000000019663000 end=0x0000000019a64000 len=0x0000000000401000 source_type=6 class=executable-and-modules allocator=ineligible reservation=none
GAXERA: MEMMAP_REGION index=15 start=0x0000000019a64000 end=0x0000000019b5e000 len=0x00000000000fa000 source_type=6 class=executable-and-modules allocator=ineligible reservation=none
GAXERA: MEMMAP_REGION index=16 start=0x0000000019b5e000 end=0x000000001a66c000 len=0x0000000000b0e000 source_type=5 class=bootloader-reclaimable allocator=ineligible reservation=none
GAXERA: MEMMAP_REGION index=17 start=0x000000001a66c000 end=0x000000001bf6c000 len=0x0000000001900000 source_type=0 class=usable allocator=eligible reservation=none
GAXERA: MEMMAP_REGION index=18 start=0x000000001bf6c000 end=0x000000001bfaa000 len=0x000000000003e000 source_type=5 class=bootloader-reclaimable allocator=ineligible reservation=none
GAXERA: MEMMAP_REGION index=19 start=0x000000001bfaa000 end=0x000000001bfab000 len=0x0000000000001000 source_type=6 class=executable-and-modules allocator=ineligible reservation=none
GAXERA: MEMMAP_REGION index=20 start=0x000000001bfab000 end=0x000000001bfaf000 len=0x0000000000004000 source_type=5 class=bootloader-reclaimable allocator=ineligible reservation=none
GAXERA: MEMMAP_REGION index=21 start=0x000000001bfaf000 end=0x000000001e6a0000 len=0x00000000026f1000 source_type=0 class=usable allocator=eligible reservation=none
GAXERA: MEMMAP_REGION index=22 start=0x000000001e6a0000 end=0x000000001ed3f000 len=0x000000000069f000 source_type=5 class=bootloader-reclaimable allocator=ineligible reservation=none
GAXERA: MEMMAP_REGION index=23 start=0x000000001ed3f000 end=0x000000001ee00000 len=0x00000000000c1000 source_type=8 class=mapped-reserved allocator=ineligible reservation=none
GAXERA: MEMMAP_REGION index=24 start=0x000000001ee00000 end=0x000000001f8ed000 len=0x0000000000aed000 source_type=5 class=bootloader-reclaimable allocator=ineligible reservation=none
GAXERA: MEMMAP_REGION index=25 start=0x000000001f8ed000 end=0x000000001faed000 len=0x0000000000200000 source_type=8 class=mapped-reserved allocator=ineligible reservation=none
GAXERA: MEMMAP_REGION index=26 start=0x000000001faed000 end=0x000000001fb6d000 len=0x0000000000080000 source_type=1 class=reserved allocator=ineligible reservation=none
GAXERA: MEMMAP_REGION index=27 start=0x000000001fb6d000 end=0x000000001fb7f000 len=0x0000000000012000 source_type=2 class=acpi-reclaimable allocator=ineligible reservation=none
GAXERA: MEMMAP_REGION index=28 start=0x000000001fb7f000 end=0x000000001fbff000 len=0x0000000000080000 source_type=3 class=acpi-nvs allocator=ineligible reservation=none
GAXERA: MEMMAP_REGION index=29 start=0x000000001fbff000 end=0x000000001fef4000 len=0x00000000002f5000 source_type=5 class=bootloader-reclaimable allocator=ineligible reservation=none
GAXERA: MEMMAP_REGION index=30 start=0x000000001fef4000 end=0x000000001ff78000 len=0x0000000000084000 source_type=8 class=mapped-reserved allocator=ineligible reservation=none
GAXERA: MEMMAP_REGION index=31 start=0x000000001ff78000 end=0x0000000020000000 len=0x0000000000088000 source_type=3 class=acpi-nvs allocator=ineligible reservation=none
GAXERA: MEMMAP_REGION index=32 start=0x0000000080000000 end=0x00000000803e8000 len=0x00000000003e8000 source_type=7 class=framebuffer allocator=ineligible reservation=none
GAXERA: MEMMAP_REGION index=33 start=0x000000fd00000000 end=0x0000010000000000 len=0x0000000300000000 source_type=1 class=reserved allocator=ineligible reservation=none
GAXERA: MEMMAP_END
GAXERA: BOOTSTRAP_FRAME_ALLOCATOR_READY ranges=8
GAXERA: PAGING_HHDM_MAPPED
GAXERA: PAGING_TEXT_MAPPED
GAXERA: PAGING_FRAMEBUFFER_MAPPED
GAXERA: PAGE_TABLES_READY root=0x0000000000000000 reservations=3
GAXERA: CR3_GAXERA_OWNED
GAXERA: PHYSICAL_FRAME_ALLOCATOR_READY frames=114965 bitmap_words=1797
GAXERA: MEMORY_FOUNDATION_OK heap=0xfffffe8000001000 size=2097152 lower_guard=0xfffffe8000000000
GAXERA: KERNEL_ENTRY_OK
GAXERA: FRAMEBUFFER_OK (1280x800, pitch: 5120)
GAXERA: TEST_PATTERN_DRAWN
GAXERA: ACPI_MADT_READY local_apic_phys=0x00000000fee00000 override=false
GAXERA: ACPI_TEMPORARY_WINDOW_RELEASED
GAXERA: LOCAL_APIC_READY phys=0x00000000fee00000 vector=0xe0
GAXERA: PREEMPTION_TIMER_READY ticks_per_ms=63238
GAXERA: IPC_MULTICLIENT_TEST_START
GAXERA: IPC_MULTICLIENT_OK
Guest-confirmed QEMU test passed.

--- IPC WaitSet Multiplexing Test ---
=== Building Gaxera Kernel ISO ===
Compiling kernel binary...
    Finished `dev` profile [unoptimized + debuginfo] target(s) in 0.05s
Compiling guest binary (init)...
    Finished `dev` profile [unoptimized + debuginfo] target(s) in 0.04s
Assembling ISO directory structure...
Compiling ramfs binary...
    Finished `dev` profile [unoptimized + debuginfo] target(s) in 0.05s
Compiling script_session binary...
    Finished `dev` profile [unoptimized + debuginfo] target(s) in 0.05s
Packaging GaxFS ramfs.img...
Packaging bootable ISO image via xorriso...
xorriso 1.5.6 : RockRidge filesystem manipulator, libburnia project.

Drive current: -outdev 'stdio:target/gaxera.iso'
Media current: stdio file, overwriteable
Media status : is blank
Media summary: 0 sessions, 0 data blocks, 0 data,  943g free
Added to ISO image: directory '/'='/home/nyx/gaxera/target/iso_root'
xorriso : UPDATE :      16 files added in 1 seconds
xorriso : UPDATE :      16 files added in 1 seconds
ISO image produced: 12691 sectors
Written to medium : 12691 sectors at LBA 0
Writing to 'stdio:target/gaxera.iso' completed successfully.

Installing bootloader record sector...
Physical block size of 512 bytes.
Installing to GPT. Logical block size of 512 bytes.
Secondary header at LBA 0xc64b.
Secondary header valid.
Detected ISOHYBRID with a GUID partition table (GPT).
Converting to MBR for improved compatibility...
Conversion successful.
No active partition found, some systems may not boot.
Setting partition 1 as active to work around the issue...
Installing to MBR.
Stage 2 to be located at byte offset 0x200.
Reminder: Remember to copy the limine-bios.sys file in either
          the root, /boot, /limine, or /boot/limine directories of
          one of the partitions on the device, or boot will fail!
Limine BIOS stages installed successfully.
Gaxera packaging successfully compiled to target/gaxera.iso!
=== Launching QEMU Virtual Machine ===
OVMF UEFI firmware detected. Booting in UEFI mode.
Headless mode selected.
[2J[001;001H[=3h[2J[001;001H[2J[001;001H[8;056;240t[2J[001;001H[2J[001;001H[=3h[2J[001;001H[2J[001;001H[8;042;160t[2J[001;001HBdsDxe: loading Boot0002 "UEFI QEMU DVD-ROM QM00003 " from PciRoot(0x0)/Pci(0x1,0x1)/Ata(Secondary,Master,0x0)
BdsDxe: starting Boot0002 "UEFI QEMU DVD-ROM QM00003 " from PciRoot(0x0)/Pci(0x1,0x1)/Ata(Secondary,Master,0x0)
[001;001H[001;001H[001;001Hl[001;002Hi[001;003Hm[001;004Hi[001;005Hn[001;006He[001;007H:[001;008H [001;009HL[001;010Ho[001;011Ha[001;012Hd[001;013Hi[001;014Hn[001;015Hg[001;016H [001;017He[001;018Hx[001;019He[001;020Hc[001;021Hu[001;022Ht[001;023Ha[001;024Hb[001;025Hl[001;026He[001;027H [001;028H`[001;029Hb[001;030Ho[001;031Ho[001;032Ht[001;033H([001;034H)[001;035H:[001;036H/[001;037Hb[001;038Ho[001;039Ho[001;040Ht[001;041H/[001;042Hg[001;043Ha[001;044Hx[001;045He[001;046Hr[001;047Ha[001;048H.[001;049He[001;050Hl[001;051Hf[001;052H`[001;053H.[001;054H.[001;055H.[001;056H[001;001H[002;001Hl[002;002Hi[002;003Hm[002;004Hi[002;005Hn[002;006He[002;007H:[002;008H [002;009HL[002;010Ho[002;011Ha[002;012Hd[002;013Hi[002;014Hn[002;015Hg[002;016H [002;017Hm[002;018Ho[002;019Hd[002;020Hu[002;021Hl[002;022He[002;023H [002;024H`[002;025Hb[002;026Ho[002;027Ho[002;028Ht[002;029H([002;030H)[002;031H:[002;032H/[002;033Hb[002;034Ho[002;035Ho[002;036Ht[002;037H/[002;038Hi[002;039Hn[002;040Hi[002;041Ht[002;042H.[002;043He[002;044Hl[002;045Hf[002;046H`[002;047H.[002;048H.[002;049H.[002;050H[002;001H[003;001Hl[003;002Hi[003;003Hm[003;004Hi[003;005Hn[003;006He[003;007H:[003;008H [003;009HL[003;010Ho[003;011Ha[003;012Hd[003;013Hi[003;014Hn[003;015Hg[003;016H [003;017Hm[003;018Ho[003;019Hd[003;020Hu[003;021Hl[003;022He[003;023H [003;024H`[003;025Hb[003;026Ho[003;027Ho[003;028Ht[003;029H([003;030H)[003;031H:[003;032H/[003;033Hb[003;034Ho[003;035Ho[003;036Ht[003;037H/[003;038Hr[003;039Ha[003;040Hm[003;041Hf[003;042Hs[003;043H.[003;044He[003;045Hl[003;046Hf[003;047H`[003;048H.[003;049H.[003;050H.[003;051H[003;001H[004;001Hl[004;002Hi[004;003Hm[004;004Hi[004;005Hn[004;006He[004;007H:[004;008H [004;009HL[004;010Ho[004;011Ha[004;012Hd[004;013Hi[004;014Hn[004;015Hg[004;016H [004;017Hm[004;018Ho[004;019Hd[004;020Hu[004;021Hl[004;022He[004;023H [004;024H`[004;025Hb[004;026Ho[004;027Ho[004;028Ht[004;029H([004;030H)[004;031H:[004;032H/[004;033Hb[004;034Ho[004;035Ho[004;036Ht[004;037H/[004;038Hs[004;039Hc[004;040Hr[004;041Hi[004;042Hp[004;043Ht[004;044H_[004;045Hs[004;046He[004;047Hs[004;048Hs[004;049Hi[004;050Ho[004;051Hn[004;052H.[004;053He[004;054Hl[004;055Hf[004;056H`[004;057H.[004;058H.[004;059H.[004;060H[004;001H[005;001Hl[005;002Hi[005;003Hm[005;004Hi[005;005Hn[005;006He[005;007H:[005;008H [005;009HL[005;010Ho[005;011Ha[005;012Hd[005;013Hi[005;014Hn[005;015Hg[005;016H [005;017Hm[005;018Ho[005;019Hd[005;020Hu[005;021Hl[005;022He[005;023H [005;024H`[005;025Hb[005;026Ho[005;027Ho[005;028Ht[005;029H([005;030H)[005;031H:[005;032H/[005;033Hb[005;034Ho[005;035Ho[005;036Ht[005;037H/[005;038Hr[005;039Ha[005;040Hm[005;041Hf[005;042Hs[005;043H.[005;044Hi[005;045Hm[005;046Hg[005;047H`[005;048H.[005;049H.[005;050H.[005;051H[005;001H[006;001HGAXERA: BOOT_STACK_READY
GAXERA: DESCRIPTORS_AND_IDT_READY
GAXERA: BOOT_CONTEXT_READY kernel_phys=0x0000000019a5a000 kernel_virt=0xffffffff80000000 rsdp_phys=0x000000001fb7e014
GAXERA: MEMMAP_BEGIN count=34
GAXERA: MEMMAP_REGION index=0 start=0x0000000000000000 end=0x0000000000087000 len=0x0000000000087000 source_type=0 class=usable allocator=eligible reservation=none
GAXERA: MEMMAP_REGION index=1 start=0x0000000000087000 end=0x0000000000088000 len=0x0000000000001000 source_type=5 class=bootloader-reclaimable allocator=ineligible reservation=none
GAXERA: MEMMAP_REGION index=2 start=0x0000000000088000 end=0x00000000000a0000 len=0x0000000000018000 source_type=0 class=usable allocator=eligible reservation=none
GAXERA: MEMMAP_REGION index=3 start=0x0000000000100000 end=0x0000000000800000 len=0x0000000000700000 source_type=0 class=usable allocator=eligible reservation=none
GAXERA: MEMMAP_REGION index=4 start=0x0000000000800000 end=0x0000000000808000 len=0x0000000000008000 source_type=3 class=acpi-nvs allocator=ineligible reservation=none
GAXERA: MEMMAP_REGION index=5 start=0x0000000000808000 end=0x000000000080b000 len=0x0000000000003000 source_type=0 class=usable allocator=eligible reservation=none
GAXERA: MEMMAP_REGION index=6 start=0x000000000080b000 end=0x000000000080c000 len=0x0000000000001000 source_type=3 class=acpi-nvs allocator=ineligible reservation=none
GAXERA: MEMMAP_REGION index=7 start=0x000000000080c000 end=0x0000000000814000 len=0x0000000000008000 source_type=0 class=usable allocator=eligible reservation=none
GAXERA: MEMMAP_REGION index=8 start=0x0000000000814000 end=0x0000000000900000 len=0x00000000000ec000 source_type=3 class=acpi-nvs allocator=ineligible reservation=none
GAXERA: MEMMAP_REGION index=9 start=0x0000000000900000 end=0x0000000001780000 len=0x0000000000e80000 source_type=5 class=bootloader-reclaimable allocator=ineligible reservation=none
GAXERA: MEMMAP_REGION index=10 start=0x0000000001780000 end=0x00000000190f0000 len=0x0000000017970000 source_type=0 class=usable allocator=eligible reservation=none
GAXERA: MEMMAP_REGION index=11 start=0x00000000190f0000 end=0x00000000190fd000 len=0x000000000000d000 source_type=5 class=bootloader-reclaimable allocator=ineligible reservation=none
GAXERA: MEMMAP_REGION index=12 start=0x00000000190fd000 end=0x00000000193ab000 len=0x00000000002ae000 source_type=6 class=executable-and-modules allocator=ineligible reservation=none
GAXERA: MEMMAP_REGION index=13 start=0x00000000193ab000 end=0x0000000019659000 len=0x00000000002ae000 source_type=6 class=executable-and-modules allocator=ineligible reservation=none
GAXERA: MEMMAP_REGION index=14 start=0x0000000019659000 end=0x0000000019a5a000 len=0x0000000000401000 source_type=6 class=executable-and-modules allocator=ineligible reservation=none
GAXERA: MEMMAP_REGION index=15 start=0x0000000019a5a000 end=0x0000000019b55000 len=0x00000000000fb000 source_type=6 class=executable-and-modules allocator=ineligible reservation=none
GAXERA: MEMMAP_REGION index=16 start=0x0000000019b55000 end=0x000000001a66c000 len=0x0000000000b17000 source_type=5 class=bootloader-reclaimable allocator=ineligible reservation=none
GAXERA: MEMMAP_REGION index=17 start=0x000000001a66c000 end=0x000000001bf6c000 len=0x0000000001900000 source_type=0 class=usable allocator=eligible reservation=none
GAXERA: MEMMAP_REGION index=18 start=0x000000001bf6c000 end=0x000000001bfaa000 len=0x000000000003e000 source_type=5 class=bootloader-reclaimable allocator=ineligible reservation=none
GAXERA: MEMMAP_REGION index=19 start=0x000000001bfaa000 end=0x000000001bfab000 len=0x0000000000001000 source_type=6 class=executable-and-modules allocator=ineligible reservation=none
GAXERA: MEMMAP_REGION index=20 start=0x000000001bfab000 end=0x000000001bfaf000 len=0x0000000000004000 source_type=5 class=bootloader-reclaimable allocator=ineligible reservation=none
GAXERA: MEMMAP_REGION index=21 start=0x000000001bfaf000 end=0x000000001e6a0000 len=0x00000000026f1000 source_type=0 class=usable allocator=eligible reservation=none
GAXERA: MEMMAP_REGION index=22 start=0x000000001e6a0000 end=0x000000001ed3f000 len=0x000000000069f000 source_type=5 class=bootloader-reclaimable allocator=ineligible reservation=none
GAXERA: MEMMAP_REGION index=23 start=0x000000001ed3f000 end=0x000000001ee00000 len=0x00000000000c1000 source_type=8 class=mapped-reserved allocator=ineligible reservation=none
GAXERA: MEMMAP_REGION index=24 start=0x000000001ee00000 end=0x000000001f8ed000 len=0x0000000000aed000 source_type=5 class=bootloader-reclaimable allocator=ineligible reservation=none
GAXERA: MEMMAP_REGION index=25 start=0x000000001f8ed000 end=0x000000001faed000 len=0x0000000000200000 source_type=8 class=mapped-reserved allocator=ineligible reservation=none
GAXERA: MEMMAP_REGION index=26 start=0x000000001faed000 end=0x000000001fb6d000 len=0x0000000000080000 source_type=1 class=reserved allocator=ineligible reservation=none
GAXERA: MEMMAP_REGION index=27 start=0x000000001fb6d000 end=0x000000001fb7f000 len=0x0000000000012000 source_type=2 class=acpi-reclaimable allocator=ineligible reservation=none
GAXERA: MEMMAP_REGION index=28 start=0x000000001fb7f000 end=0x000000001fbff000 len=0x0000000000080000 source_type=3 class=acpi-nvs allocator=ineligible reservation=none
GAXERA: MEMMAP_REGION index=29 start=0x000000001fbff000 end=0x000000001fef4000 len=0x00000000002f5000 source_type=5 class=bootloader-reclaimable allocator=ineligible reservation=none
GAXERA: MEMMAP_REGION index=30 start=0x000000001fef4000 end=0x000000001ff78000 len=0x0000000000084000 source_type=8 class=mapped-reserved allocator=ineligible reservation=none
GAXERA: MEMMAP_REGION index=31 start=0x000000001ff78000 end=0x0000000020000000 len=0x0000000000088000 source_type=3 class=acpi-nvs allocator=ineligible reservation=none
GAXERA: MEMMAP_REGION index=32 start=0x0000000080000000 end=0x00000000803e8000 len=0x00000000003e8000 source_type=7 class=framebuffer allocator=ineligible reservation=none
GAXERA: MEMMAP_REGION index=33 start=0x000000fd00000000 end=0x0000010000000000 len=0x0000000300000000 source_type=1 class=reserved allocator=ineligible reservation=none
GAXERA: MEMMAP_END
GAXERA: BOOTSTRAP_FRAME_ALLOCATOR_READY ranges=8
GAXERA: PAGING_HHDM_MAPPED
GAXERA: PAGING_TEXT_MAPPED
GAXERA: PAGING_FRAMEBUFFER_MAPPED
GAXERA: PAGE_TABLES_READY root=0x0000000000000000 reservations=3
GAXERA: CR3_GAXERA_OWNED
GAXERA: PHYSICAL_FRAME_ALLOCATOR_READY frames=114955 bitmap_words=1797
GAXERA: MEMORY_FOUNDATION_OK heap=0xfffffe8000001000 size=2097152 lower_guard=0xfffffe8000000000
GAXERA: KERNEL_ENTRY_OK
GAXERA: FRAMEBUFFER_OK (1280x800, pitch: 5120)
GAXERA: TEST_PATTERN_DRAWN
GAXERA: ACPI_MADT_READY local_apic_phys=0x00000000fee00000 override=false
GAXERA: ACPI_TEMPORARY_WINDOW_RELEASED
GAXERA: LOCAL_APIC_READY phys=0x00000000fee00000 vector=0xe0
GAXERA: PREEMPTION_TIMER_READY ticks_per_ms=63233
GAXERA: IPC_WAITSET_TEST_START
GAXERA: IPC_WAITSET_OK
Guest-confirmed QEMU test passed.

--- IPC Priority Inheritance Test ---
=== Building Gaxera Kernel ISO ===
Compiling kernel binary...
    Finished `dev` profile [unoptimized + debuginfo] target(s) in 0.04s
Compiling guest binary (init)...
    Finished `dev` profile [unoptimized + debuginfo] target(s) in 0.03s
Assembling ISO directory structure...
Compiling ramfs binary...
    Finished `dev` profile [unoptimized + debuginfo] target(s) in 0.03s
Compiling script_session binary...
    Finished `dev` profile [unoptimized + debuginfo] target(s) in 0.03s
Packaging GaxFS ramfs.img...
Packaging bootable ISO image via xorriso...
xorriso 1.5.6 : RockRidge filesystem manipulator, libburnia project.

Drive current: -outdev 'stdio:target/gaxera.iso'
Media current: stdio file, overwriteable
Media status : is blank
Media summary: 0 sessions, 0 data blocks, 0 data,  943g free
Added to ISO image: directory '/'='/home/nyx/gaxera/target/iso_root'
xorriso : UPDATE :      16 files added in 1 seconds
xorriso : UPDATE :      16 files added in 1 seconds
ISO image produced: 12676 sectors
Written to medium : 12676 sectors at LBA 0
Writing to 'stdio:target/gaxera.iso' completed successfully.

Installing bootloader record sector...
Physical block size of 512 bytes.
Installing to GPT. Logical block size of 512 bytes.
Secondary header at LBA 0xc60f.
Secondary header valid.
Detected ISOHYBRID with a GUID partition table (GPT).
Converting to MBR for improved compatibility...
Conversion successful.
No active partition found, some systems may not boot.
Setting partition 1 as active to work around the issue...
Installing to MBR.
Stage 2 to be located at byte offset 0x200.
Reminder: Remember to copy the limine-bios.sys file in either
          the root, /boot, /limine, or /boot/limine directories of
          one of the partitions on the device, or boot will fail!
Limine BIOS stages installed successfully.
Gaxera packaging successfully compiled to target/gaxera.iso!
=== Launching QEMU Virtual Machine ===
OVMF UEFI firmware detected. Booting in UEFI mode.
Headless mode selected.
[2J[001;001H[=3h[2J[001;001H[2J[001;001H[8;056;240t[2J[001;001H[2J[001;001H[=3h[2J[001;001H[2J[001;001H[8;042;160t[2J[001;001HBdsDxe: loading Boot0002 "UEFI QEMU DVD-ROM QM00003 " from PciRoot(0x0)/Pci(0x1,0x1)/Ata(Secondary,Master,0x0)
BdsDxe: starting Boot0002 "UEFI QEMU DVD-ROM QM00003 " from PciRoot(0x0)/Pci(0x1,0x1)/Ata(Secondary,Master,0x0)
[001;001H[001;001H[001;001Hl[001;002Hi[001;003Hm[001;004Hi[001;005Hn[001;006He[001;007H:[001;008H [001;009HL[001;010Ho[001;011Ha[001;012Hd[001;013Hi[001;014Hn[001;015Hg[001;016H [001;017He[001;018Hx[001;019He[001;020Hc[001;021Hu[001;022Ht[001;023Ha[001;024Hb[001;025Hl[001;026He[001;027H [001;028H`[001;029Hb[001;030Ho[001;031Ho[001;032Ht[001;033H([001;034H)[001;035H:[001;036H/[001;037Hb[001;038Ho[001;039Ho[001;040Ht[001;041H/[001;042Hg[001;043Ha[001;044Hx[001;045He[001;046Hr[001;047Ha[001;048H.[001;049He[001;050Hl[001;051Hf[001;052H`[001;053H.[001;054H.[001;055H.[001;056H[001;001H[002;001Hl[002;002Hi[002;003Hm[002;004Hi[002;005Hn[002;006He[002;007H:[002;008H [002;009HL[002;010Ho[002;011Ha[002;012Hd[002;013Hi[002;014Hn[002;015Hg[002;016H [002;017Hm[002;018Ho[002;019Hd[002;020Hu[002;021Hl[002;022He[002;023H [002;024H`[002;025Hb[002;026Ho[002;027Ho[002;028Ht[002;029H([002;030H)[002;031H:[002;032H/[002;033Hb[002;034Ho[002;035Ho[002;036Ht[002;037H/[002;038Hi[002;039Hn[002;040Hi[002;041Ht[002;042H.[002;043He[002;044Hl[002;045Hf[002;046H`[002;047H.[002;048H.[002;049H.[002;050H[002;001H[003;001Hl[003;002Hi[003;003Hm[003;004Hi[003;005Hn[003;006He[003;007H:[003;008H [003;009HL[003;010Ho[003;011Ha[003;012Hd[003;013Hi[003;014Hn[003;015Hg[003;016H [003;017Hm[003;018Ho[003;019Hd[003;020Hu[003;021Hl[003;022He[003;023H [003;024H`[003;025Hb[003;026Ho[003;027Ho[003;028Ht[003;029H([003;030H)[003;031H:[003;032H/[003;033Hb[003;034Ho[003;035Ho[003;036Ht[003;037H/[003;038Hr[003;039Ha[003;040Hm[003;041Hf[003;042Hs[003;043H.[003;044He[003;045Hl[003;046Hf[003;047H`[003;048H.[003;049H.[003;050H.[003;051H[003;001H[004;001Hl[004;002Hi[004;003Hm[004;004Hi[004;005Hn[004;006He[004;007H:[004;008H [004;009HL[004;010Ho[004;011Ha[004;012Hd[004;013Hi[004;014Hn[004;015Hg[004;016H [004;017Hm[004;018Ho[004;019Hd[004;020Hu[004;021Hl[004;022He[004;023H [004;024H`[004;025Hb[004;026Ho[004;027Ho[004;028Ht[004;029H([004;030H)[004;031H:[004;032H/[004;033Hb[004;034Ho[004;035Ho[004;036Ht[004;037H/[004;038Hs[004;039Hc[004;040Hr[004;041Hi[004;042Hp[004;043Ht[004;044H_[004;045Hs[004;046He[004;047Hs[004;048Hs[004;049Hi[004;050Ho[004;051Hn[004;052H.[004;053He[004;054Hl[004;055Hf[004;056H`[004;057H.[004;058H.[004;059H.[004;060H[004;001H[005;001Hl[005;002Hi[005;003Hm[005;004Hi[005;005Hn[005;006He[005;007H:[005;008H [005;009HL[005;010Ho[005;011Ha[005;012Hd[005;013Hi[005;014Hn[005;015Hg[005;016H [005;017Hm[005;018Ho[005;019Hd[005;020Hu[005;021Hl[005;022He[005;023H [005;024H`[005;025Hb[005;026Ho[005;027Ho[005;028Ht[005;029H([005;030H)[005;031H:[005;032H/[005;033Hb[005;034Ho[005;035Ho[005;036Ht[005;037H/[005;038Hr[005;039Ha[005;040Hm[005;041Hf[005;042Hs[005;043H.[005;044Hi[005;045Hm[005;046Hg[005;047H`[005;048H.[005;049H.[005;050H.[005;051H[005;001H[006;001HGAXERA: BOOT_STACK_READY
GAXERA: DESCRIPTORS_AND_IDT_READY
GAXERA: BOOT_CONTEXT_READY kernel_phys=0x0000000019a61000 kernel_virt=0xffffffff80000000 rsdp_phys=0x000000001fb7e014
GAXERA: MEMMAP_BEGIN count=34
GAXERA: MEMMAP_REGION index=0 start=0x0000000000000000 end=0x0000000000087000 len=0x0000000000087000 source_type=0 class=usable allocator=eligible reservation=none
GAXERA: MEMMAP_REGION index=1 start=0x0000000000087000 end=0x0000000000088000 len=0x0000000000001000 source_type=5 class=bootloader-reclaimable allocator=ineligible reservation=none
GAXERA: MEMMAP_REGION index=2 start=0x0000000000088000 end=0x00000000000a0000 len=0x0000000000018000 source_type=0 class=usable allocator=eligible reservation=none
GAXERA: MEMMAP_REGION index=3 start=0x0000000000100000 end=0x0000000000800000 len=0x0000000000700000 source_type=0 class=usable allocator=eligible reservation=none
GAXERA: MEMMAP_REGION index=4 start=0x0000000000800000 end=0x0000000000808000 len=0x0000000000008000 source_type=3 class=acpi-nvs allocator=ineligible reservation=none
GAXERA: MEMMAP_REGION index=5 start=0x0000000000808000 end=0x000000000080b000 len=0x0000000000003000 source_type=0 class=usable allocator=eligible reservation=none
GAXERA: MEMMAP_REGION index=6 start=0x000000000080b000 end=0x000000000080c000 len=0x0000000000001000 source_type=3 class=acpi-nvs allocator=ineligible reservation=none
GAXERA: MEMMAP_REGION index=7 start=0x000000000080c000 end=0x0000000000814000 len=0x0000000000008000 source_type=0 class=usable allocator=eligible reservation=none
GAXERA: MEMMAP_REGION index=8 start=0x0000000000814000 end=0x0000000000900000 len=0x00000000000ec000 source_type=3 class=acpi-nvs allocator=ineligible reservation=none
GAXERA: MEMMAP_REGION index=9 start=0x0000000000900000 end=0x0000000001780000 len=0x0000000000e80000 source_type=5 class=bootloader-reclaimable allocator=ineligible reservation=none
GAXERA: MEMMAP_REGION index=10 start=0x0000000001780000 end=0x00000000190f7000 len=0x0000000017977000 source_type=0 class=usable allocator=eligible reservation=none
GAXERA: MEMMAP_REGION index=11 start=0x00000000190f7000 end=0x0000000019104000 len=0x000000000000d000 source_type=5 class=bootloader-reclaimable allocator=ineligible reservation=none
GAXERA: MEMMAP_REGION index=12 start=0x0000000019104000 end=0x00000000193b2000 len=0x00000000002ae000 source_type=6 class=executable-and-modules allocator=ineligible reservation=none
GAXERA: MEMMAP_REGION index=13 start=0x00000000193b2000 end=0x0000000019660000 len=0x00000000002ae000 source_type=6 class=executable-and-modules allocator=ineligible reservation=none
GAXERA: MEMMAP_REGION index=14 start=0x0000000019660000 end=0x0000000019a61000 len=0x0000000000401000 source_type=6 class=executable-and-modules allocator=ineligible reservation=none
GAXERA: MEMMAP_REGION index=15 start=0x0000000019a61000 end=0x0000000019b5c000 len=0x00000000000fb000 source_type=6 class=executable-and-modules allocator=ineligible reservation=none
GAXERA: MEMMAP_REGION index=16 start=0x0000000019b5c000 end=0x000000001a66c000 len=0x0000000000b10000 source_type=5 class=bootloader-reclaimable allocator=ineligible reservation=none
GAXERA: MEMMAP_REGION index=17 start=0x000000001a66c000 end=0x000000001bf6c000 len=0x0000000001900000 source_type=0 class=usable allocator=eligible reservation=none
GAXERA: MEMMAP_REGION index=18 start=0x000000001bf6c000 end=0x000000001bfaa000 len=0x000000000003e000 source_type=5 class=bootloader-reclaimable allocator=ineligible reservation=none
GAXERA: MEMMAP_REGION index=19 start=0x000000001bfaa000 end=0x000000001bfab000 len=0x0000000000001000 source_type=6 class=executable-and-modules allocator=ineligible reservation=none
GAXERA: MEMMAP_REGION index=20 start=0x000000001bfab000 end=0x000000001bfaf000 len=0x0000000000004000 source_type=5 class=bootloader-reclaimable allocator=ineligible reservation=none
GAXERA: MEMMAP_REGION index=21 start=0x000000001bfaf000 end=0x000000001e6a0000 len=0x00000000026f1000 source_type=0 class=usable allocator=eligible reservation=none
GAXERA: MEMMAP_REGION index=22 start=0x000000001e6a0000 end=0x000000001ed3f000 len=0x000000000069f000 source_type=5 class=bootloader-reclaimable allocator=ineligible reservation=none
GAXERA: MEMMAP_REGION index=23 start=0x000000001ed3f000 end=0x000000001ee00000 len=0x00000000000c1000 source_type=8 class=mapped-reserved allocator=ineligible reservation=none
GAXERA: MEMMAP_REGION index=24 start=0x000000001ee00000 end=0x000000001f8ed000 len=0x0000000000aed000 source_type=5 class=bootloader-reclaimable allocator=ineligible reservation=none
GAXERA: MEMMAP_REGION index=25 start=0x000000001f8ed000 end=0x000000001faed000 len=0x0000000000200000 source_type=8 class=mapped-reserved allocator=ineligible reservation=none
GAXERA: MEMMAP_REGION index=26 start=0x000000001faed000 end=0x000000001fb6d000 len=0x0000000000080000 source_type=1 class=reserved allocator=ineligible reservation=none
GAXERA: MEMMAP_REGION index=27 start=0x000000001fb6d000 end=0x000000001fb7f000 len=0x0000000000012000 source_type=2 class=acpi-reclaimable allocator=ineligible reservation=none
GAXERA: MEMMAP_REGION index=28 start=0x000000001fb7f000 end=0x000000001fbff000 len=0x0000000000080000 source_type=3 class=acpi-nvs allocator=ineligible reservation=none
GAXERA: MEMMAP_REGION index=29 start=0x000000001fbff000 end=0x000000001fef4000 len=0x00000000002f5000 source_type=5 class=bootloader-reclaimable allocator=ineligible reservation=none
GAXERA: MEMMAP_REGION index=30 start=0x000000001fef4000 end=0x000000001ff78000 len=0x0000000000084000 source_type=8 class=mapped-reserved allocator=ineligible reservation=none
GAXERA: MEMMAP_REGION index=31 start=0x000000001ff78000 end=0x0000000020000000 len=0x0000000000088000 source_type=3 class=acpi-nvs allocator=ineligible reservation=none
GAXERA: MEMMAP_REGION index=32 start=0x0000000080000000 end=0x00000000803e8000 len=0x00000000003e8000 source_type=7 class=framebuffer allocator=ineligible reservation=none
GAXERA: MEMMAP_REGION index=33 start=0x000000fd00000000 end=0x0000010000000000 len=0x0000000300000000 source_type=1 class=reserved allocator=ineligible reservation=none
GAXERA: MEMMAP_END
GAXERA: BOOTSTRAP_FRAME_ALLOCATOR_READY ranges=8
GAXERA: PAGING_HHDM_MAPPED
GAXERA: PAGING_TEXT_MAPPED
GAXERA: PAGING_FRAMEBUFFER_MAPPED
GAXERA: PAGE_TABLES_READY root=0x0000000000000000 reservations=3
GAXERA: CR3_GAXERA_OWNED
GAXERA: PHYSICAL_FRAME_ALLOCATOR_READY frames=114962 bitmap_words=1797
GAXERA: MEMORY_FOUNDATION_OK heap=0xfffffe8000001000 size=2097152 lower_guard=0xfffffe8000000000
GAXERA: KERNEL_ENTRY_OK
GAXERA: FRAMEBUFFER_OK (1280x800, pitch: 5120)
GAXERA: TEST_PATTERN_DRAWN
GAXERA: ACPI_MADT_READY local_apic_phys=0x00000000fee00000 override=false
GAXERA: ACPI_TEMPORARY_WINDOW_RELEASED
GAXERA: LOCAL_APIC_READY phys=0x00000000fee00000 vector=0xe0
GAXERA: PREEMPTION_TIMER_READY ticks_per_ms=63221
GAXERA: IPC_PRIORITY_INHERITANCE_TEST_START
GAXERA: IPC_PRIORITY_INHERITANCE_OK
Guest-confirmed QEMU test passed.

--- Interrupt & Notification Test ---
=== Building Gaxera Kernel ISO ===
Compiling kernel binary...
    Finished `dev` profile [unoptimized + debuginfo] target(s) in 0.04s
Compiling guest binary (init)...
    Finished `dev` profile [unoptimized + debuginfo] target(s) in 0.03s
Assembling ISO directory structure...
Compiling ramfs binary...
    Finished `dev` profile [unoptimized + debuginfo] target(s) in 0.03s
Compiling script_session binary...
    Finished `dev` profile [unoptimized + debuginfo] target(s) in 0.03s
Packaging GaxFS ramfs.img...
Packaging bootable ISO image via xorriso...
xorriso 1.5.6 : RockRidge filesystem manipulator, libburnia project.

Drive current: -outdev 'stdio:target/gaxera.iso'
Media current: stdio file, overwriteable
Media status : is blank
Media summary: 0 sessions, 0 data blocks, 0 data,  943g free
Added to ISO image: directory '/'='/home/nyx/gaxera/target/iso_root'
xorriso : UPDATE :      16 files added in 1 seconds
xorriso : UPDATE :      16 files added in 1 seconds
ISO image produced: 12699 sectors
Written to medium : 12699 sectors at LBA 0
Writing to 'stdio:target/gaxera.iso' completed successfully.

Installing bootloader record sector...
Physical block size of 512 bytes.
Installing to GPT. Logical block size of 512 bytes.
Secondary header at LBA 0xc66b.
Secondary header valid.
Detected ISOHYBRID with a GUID partition table (GPT).
Converting to MBR for improved compatibility...
Conversion successful.
No active partition found, some systems may not boot.
Setting partition 1 as active to work around the issue...
Installing to MBR.
Stage 2 to be located at byte offset 0x200.
Reminder: Remember to copy the limine-bios.sys file in either
          the root, /boot, /limine, or /boot/limine directories of
          one of the partitions on the device, or boot will fail!
Limine BIOS stages installed successfully.
Gaxera packaging successfully compiled to target/gaxera.iso!
=== Launching QEMU Virtual Machine ===
OVMF UEFI firmware detected. Booting in UEFI mode.
Headless mode selected.
[2J[001;001H[=3h[2J[001;001H[2J[001;001H[8;056;240t[2J[001;001H[2J[001;001H[=3h[2J[001;001H[2J[001;001H[8;042;160t[2J[001;001HBdsDxe: loading Boot0002 "UEFI QEMU DVD-ROM QM00003 " from PciRoot(0x0)/Pci(0x1,0x1)/Ata(Secondary,Master,0x0)
BdsDxe: starting Boot0002 "UEFI QEMU DVD-ROM QM00003 " from PciRoot(0x0)/Pci(0x1,0x1)/Ata(Secondary,Master,0x0)
[001;001H[001;001H[001;001Hl[001;002Hi[001;003Hm[001;004Hi[001;005Hn[001;006He[001;007H:[001;008H [001;009HL[001;010Ho[001;011Ha[001;012Hd[001;013Hi[001;014Hn[001;015Hg[001;016H [001;017He[001;018Hx[001;019He[001;020Hc[001;021Hu[001;022Ht[001;023Ha[001;024Hb[001;025Hl[001;026He[001;027H [001;028H`[001;029Hb[001;030Ho[001;031Ho[001;032Ht[001;033H([001;034H)[001;035H:[001;036H/[001;037Hb[001;038Ho[001;039Ho[001;040Ht[001;041H/[001;042Hg[001;043Ha[001;044Hx[001;045He[001;046Hr[001;047Ha[001;048H.[001;049He[001;050Hl[001;051Hf[001;052H`[001;053H.[001;054H.[001;055H.[001;056H[001;001H[002;001Hl[002;002Hi[002;003Hm[002;004Hi[002;005Hn[002;006He[002;007H:[002;008H [002;009HL[002;010Ho[002;011Ha[002;012Hd[002;013Hi[002;014Hn[002;015Hg[002;016H [002;017Hm[002;018Ho[002;019Hd[002;020Hu[002;021Hl[002;022He[002;023H [002;024H`[002;025Hb[002;026Ho[002;027Ho[002;028Ht[002;029H([002;030H)[002;031H:[002;032H/[002;033Hb[002;034Ho[002;035Ho[002;036Ht[002;037H/[002;038Hi[002;039Hn[002;040Hi[002;041Ht[002;042H.[002;043He[002;044Hl[002;045Hf[002;046H`[002;047H.[002;048H.[002;049H.[002;050H[002;001H[003;001Hl[003;002Hi[003;003Hm[003;004Hi[003;005Hn[003;006He[003;007H:[003;008H [003;009HL[003;010Ho[003;011Ha[003;012Hd[003;013Hi[003;014Hn[003;015Hg[003;016H [003;017Hm[003;018Ho[003;019Hd[003;020Hu[003;021Hl[003;022He[003;023H [003;024H`[003;025Hb[003;026Ho[003;027Ho[003;028Ht[003;029H([003;030H)[003;031H:[003;032H/[003;033Hb[003;034Ho[003;035Ho[003;036Ht[003;037H/[003;038Hr[003;039Ha[003;040Hm[003;041Hf[003;042Hs[003;043H.[003;044He[003;045Hl[003;046Hf[003;047H`[003;048H.[003;049H.[003;050H.[003;051H[003;001H[004;001Hl[004;002Hi[004;003Hm[004;004Hi[004;005Hn[004;006He[004;007H:[004;008H [004;009HL[004;010Ho[004;011Ha[004;012Hd[004;013Hi[004;014Hn[004;015Hg[004;016H [004;017Hm[004;018Ho[004;019Hd[004;020Hu[004;021Hl[004;022He[004;023H [004;024H`[004;025Hb[004;026Ho[004;027Ho[004;028Ht[004;029H([004;030H)[004;031H:[004;032H/[004;033Hb[004;034Ho[004;035Ho[004;036Ht[004;037H/[004;038Hs[004;039Hc[004;040Hr[004;041Hi[004;042Hp[004;043Ht[004;044H_[004;045Hs[004;046He[004;047Hs[004;048Hs[004;049Hi[004;050Ho[004;051Hn[004;052H.[004;053He[004;054Hl[004;055Hf[004;056H`[004;057H.[004;058H.[004;059H.[004;060H[004;001H[005;001Hl[005;002Hi[005;003Hm[005;004Hi[005;005Hn[005;006He[005;007H:[005;008H [005;009HL[005;010Ho[005;011Ha[005;012Hd[005;013Hi[005;014Hn[005;015Hg[005;016H [005;017Hm[005;018Ho[005;019Hd[005;020Hu[005;021Hl[005;022He[005;023H [005;024H`[005;025Hb[005;026Ho[005;027Ho[005;028Ht[005;029H([005;030H)[005;031H:[005;032H/[005;033Hb[005;034Ho[005;035Ho[005;036Ht[005;037H/[005;038Hr[005;039Ha[005;040Hm[005;041Hf[005;042Hs[005;043H.[005;044Hi[005;045Hm[005;046Hg[005;047H`[005;048H.[005;049H.[005;050H.[005;051H[005;001H[006;001HGAXERA: BOOT_STACK_READY
GAXERA: DESCRIPTORS_AND_IDT_READY
GAXERA: BOOT_CONTEXT_READY kernel_phys=0x0000000019a55000 kernel_virt=0xffffffff80000000 rsdp_phys=0x000000001fb7e014
GAXERA: MEMMAP_BEGIN count=34
GAXERA: MEMMAP_REGION index=0 start=0x0000000000000000 end=0x0000000000087000 len=0x0000000000087000 source_type=0 class=usable allocator=eligible reservation=none
GAXERA: MEMMAP_REGION index=1 start=0x0000000000087000 end=0x0000000000088000 len=0x0000000000001000 source_type=5 class=bootloader-reclaimable allocator=ineligible reservation=none
GAXERA: MEMMAP_REGION index=2 start=0x0000000000088000 end=0x00000000000a0000 len=0x0000000000018000 source_type=0 class=usable allocator=eligible reservation=none
GAXERA: MEMMAP_REGION index=3 start=0x0000000000100000 end=0x0000000000800000 len=0x0000000000700000 source_type=0 class=usable allocator=eligible reservation=none
GAXERA: MEMMAP_REGION index=4 start=0x0000000000800000 end=0x0000000000808000 len=0x0000000000008000 source_type=3 class=acpi-nvs allocator=ineligible reservation=none
GAXERA: MEMMAP_REGION index=5 start=0x0000000000808000 end=0x000000000080b000 len=0x0000000000003000 source_type=0 class=usable allocator=eligible reservation=none
GAXERA: MEMMAP_REGION index=6 start=0x000000000080b000 end=0x000000000080c000 len=0x0000000000001000 source_type=3 class=acpi-nvs allocator=ineligible reservation=none
GAXERA: MEMMAP_REGION index=7 start=0x000000000080c000 end=0x0000000000814000 len=0x0000000000008000 source_type=0 class=usable allocator=eligible reservation=none
GAXERA: MEMMAP_REGION index=8 start=0x0000000000814000 end=0x0000000000900000 len=0x00000000000ec000 source_type=3 class=acpi-nvs allocator=ineligible reservation=none
GAXERA: MEMMAP_REGION index=9 start=0x0000000000900000 end=0x0000000001780000 len=0x0000000000e80000 source_type=5 class=bootloader-reclaimable allocator=ineligible reservation=none
GAXERA: MEMMAP_REGION index=10 start=0x0000000001780000 end=0x00000000190eb000 len=0x000000001796b000 source_type=0 class=usable allocator=eligible reservation=none
GAXERA: MEMMAP_REGION index=11 start=0x00000000190eb000 end=0x00000000190f8000 len=0x000000000000d000 source_type=5 class=bootloader-reclaimable allocator=ineligible reservation=none
GAXERA: MEMMAP_REGION index=12 start=0x00000000190f8000 end=0x00000000193a6000 len=0x00000000002ae000 source_type=6 class=executable-and-modules allocator=ineligible reservation=none
GAXERA: MEMMAP_REGION index=13 start=0x00000000193a6000 end=0x0000000019654000 len=0x00000000002ae000 source_type=6 class=executable-and-modules allocator=ineligible reservation=none
GAXERA: MEMMAP_REGION index=14 start=0x0000000019654000 end=0x0000000019a55000 len=0x0000000000401000 source_type=6 class=executable-and-modules allocator=ineligible reservation=none
GAXERA: MEMMAP_REGION index=15 start=0x0000000019a55000 end=0x0000000019b51000 len=0x00000000000fc000 source_type=6 class=executable-and-modules allocator=ineligible reservation=none
GAXERA: MEMMAP_REGION index=16 start=0x0000000019b51000 end=0x000000001a66c000 len=0x0000000000b1b000 source_type=5 class=bootloader-reclaimable allocator=ineligible reservation=none
GAXERA: MEMMAP_REGION index=17 start=0x000000001a66c000 end=0x000000001bf6c000 len=0x0000000001900000 source_type=0 class=usable allocator=eligible reservation=none
GAXERA: MEMMAP_REGION index=18 start=0x000000001bf6c000 end=0x000000001bfaa000 len=0x000000000003e000 source_type=5 class=bootloader-reclaimable allocator=ineligible reservation=none
GAXERA: MEMMAP_REGION index=19 start=0x000000001bfaa000 end=0x000000001bfab000 len=0x0000000000001000 source_type=6 class=executable-and-modules allocator=ineligible reservation=none
GAXERA: MEMMAP_REGION index=20 start=0x000000001bfab000 end=0x000000001bfaf000 len=0x0000000000004000 source_type=5 class=bootloader-reclaimable allocator=ineligible reservation=none
GAXERA: MEMMAP_REGION index=21 start=0x000000001bfaf000 end=0x000000001e6a0000 len=0x00000000026f1000 source_type=0 class=usable allocator=eligible reservation=none
GAXERA: MEMMAP_REGION index=22 start=0x000000001e6a0000 end=0x000000001ed3f000 len=0x000000000069f000 source_type=5 class=bootloader-reclaimable allocator=ineligible reservation=none
GAXERA: MEMMAP_REGION index=23 start=0x000000001ed3f000 end=0x000000001ee00000 len=0x00000000000c1000 source_type=8 class=mapped-reserved allocator=ineligible reservation=none
GAXERA: MEMMAP_REGION index=24 start=0x000000001ee00000 end=0x000000001f8ed000 len=0x0000000000aed000 source_type=5 class=bootloader-reclaimable allocator=ineligible reservation=none
GAXERA: MEMMAP_REGION index=25 start=0x000000001f8ed000 end=0x000000001faed000 len=0x0000000000200000 source_type=8 class=mapped-reserved allocator=ineligible reservation=none
GAXERA: MEMMAP_REGION index=26 start=0x000000001faed000 end=0x000000001fb6d000 len=0x0000000000080000 source_type=1 class=reserved allocator=ineligible reservation=none
GAXERA: MEMMAP_REGION index=27 start=0x000000001fb6d000 end=0x000000001fb7f000 len=0x0000000000012000 source_type=2 class=acpi-reclaimable allocator=ineligible reservation=none
GAXERA: MEMMAP_REGION index=28 start=0x000000001fb7f000 end=0x000000001fbff000 len=0x0000000000080000 source_type=3 class=acpi-nvs allocator=ineligible reservation=none
GAXERA: MEMMAP_REGION index=29 start=0x000000001fbff000 end=0x000000001fef4000 len=0x00000000002f5000 source_type=5 class=bootloader-reclaimable allocator=ineligible reservation=none
GAXERA: MEMMAP_REGION index=30 start=0x000000001fef4000 end=0x000000001ff78000 len=0x0000000000084000 source_type=8 class=mapped-reserved allocator=ineligible reservation=none
GAXERA: MEMMAP_REGION index=31 start=0x000000001ff78000 end=0x0000000020000000 len=0x0000000000088000 source_type=3 class=acpi-nvs allocator=ineligible reservation=none
GAXERA: MEMMAP_REGION index=32 start=0x0000000080000000 end=0x00000000803e8000 len=0x00000000003e8000 source_type=7 class=framebuffer allocator=ineligible reservation=none
GAXERA: MEMMAP_REGION index=33 start=0x000000fd00000000 end=0x0000010000000000 len=0x0000000300000000 source_type=1 class=reserved allocator=ineligible reservation=none
GAXERA: MEMMAP_END
GAXERA: BOOTSTRAP_FRAME_ALLOCATOR_READY ranges=8
GAXERA: PAGING_HHDM_MAPPED
GAXERA: PAGING_TEXT_MAPPED
GAXERA: PAGING_FRAMEBUFFER_MAPPED
GAXERA: PAGE_TABLES_READY root=0x0000000000000000 reservations=3
GAXERA: CR3_GAXERA_OWNED
GAXERA: PHYSICAL_FRAME_ALLOCATOR_READY frames=114950 bitmap_words=1797
GAXERA: MEMORY_FOUNDATION_OK heap=0xfffffe8000001000 size=2097152 lower_guard=0xfffffe8000000000
GAXERA: KERNEL_ENTRY_OK
GAXERA: FRAMEBUFFER_OK (1280x800, pitch: 5120)
GAXERA: TEST_PATTERN_DRAWN
GAXERA: ACPI_MADT_READY local_apic_phys=0x00000000fee00000 override=false
GAXERA: ACPI_TEMPORARY_WINDOW_RELEASED
GAXERA: LOCAL_APIC_READY phys=0x00000000fee00000 vector=0xe0
GAXERA: PREEMPTION_TIMER_READY ticks_per_ms=63160
GAXERA: INTERRUPT_NOTIFICATION_TEST_START
GAXERA: INTERRUPT_NOTIFICATION_OK
Guest-confirmed QEMU test passed.

--- MMIO Driver Foundation Test ---
=== Building Gaxera Kernel ISO ===
Compiling kernel binary...
    Finished `dev` profile [unoptimized + debuginfo] target(s) in 0.04s
Compiling guest binary (init)...
    Finished `dev` profile [unoptimized + debuginfo] target(s) in 0.03s
Assembling ISO directory structure...
Compiling ramfs binary...
    Finished `dev` profile [unoptimized + debuginfo] target(s) in 0.03s
Compiling script_session binary...
    Finished `dev` profile [unoptimized + debuginfo] target(s) in 0.03s
Packaging GaxFS ramfs.img...
Packaging bootable ISO image via xorriso...
xorriso 1.5.6 : RockRidge filesystem manipulator, libburnia project.

Drive current: -outdev 'stdio:target/gaxera.iso'
Media current: stdio file, overwriteable
Media status : is blank
Media summary: 0 sessions, 0 data blocks, 0 data,  943g free
Added to ISO image: directory '/'='/home/nyx/gaxera/target/iso_root'
xorriso : UPDATE :      16 files added in 1 seconds
xorriso : UPDATE :      16 files added in 1 seconds
ISO image produced: 12662 sectors
Written to medium : 12662 sectors at LBA 0
Writing to 'stdio:target/gaxera.iso' completed successfully.

Installing bootloader record sector...
Physical block size of 512 bytes.
Installing to GPT. Logical block size of 512 bytes.
Secondary header at LBA 0xc5d7.
Secondary header valid.
Detected ISOHYBRID with a GUID partition table (GPT).
Converting to MBR for improved compatibility...
Conversion successful.
No active partition found, some systems may not boot.
Setting partition 1 as active to work around the issue...
Installing to MBR.
Stage 2 to be located at byte offset 0x200.
Reminder: Remember to copy the limine-bios.sys file in either
          the root, /boot, /limine, or /boot/limine directories of
          one of the partitions on the device, or boot will fail!
Limine BIOS stages installed successfully.
Gaxera packaging successfully compiled to target/gaxera.iso!
=== Launching QEMU Virtual Machine ===
OVMF UEFI firmware detected. Booting in UEFI mode.
Headless mode selected.
[2J[001;001H[=3h[2J[001;001H[2J[001;001H[8;056;240t[2J[001;001H[2J[001;001H[=3h[2J[001;001H[2J[001;001H[8;042;160t[2J[001;001HBdsDxe: loading Boot0002 "UEFI QEMU DVD-ROM QM00003 " from PciRoot(0x0)/Pci(0x1,0x1)/Ata(Secondary,Master,0x0)
BdsDxe: starting Boot0002 "UEFI QEMU DVD-ROM QM00003 " from PciRoot(0x0)/Pci(0x1,0x1)/Ata(Secondary,Master,0x0)
[001;001H[001;001H[001;001Hl[001;002Hi[001;003Hm[001;004Hi[001;005Hn[001;006He[001;007H:[001;008H [001;009HL[001;010Ho[001;011Ha[001;012Hd[001;013Hi[001;014Hn[001;015Hg[001;016H [001;017He[001;018Hx[001;019He[001;020Hc[001;021Hu[001;022Ht[001;023Ha[001;024Hb[001;025Hl[001;026He[001;027H [001;028H`[001;029Hb[001;030Ho[001;031Ho[001;032Ht[001;033H([001;034H)[001;035H:[001;036H/[001;037Hb[001;038Ho[001;039Ho[001;040Ht[001;041H/[001;042Hg[001;043Ha[001;044Hx[001;045He[001;046Hr[001;047Ha[001;048H.[001;049He[001;050Hl[001;051Hf[001;052H`[001;053H.[001;054H.[001;055H.[001;056H[001;001H[002;001Hl[002;002Hi[002;003Hm[002;004Hi[002;005Hn[002;006He[002;007H:[002;008H [002;009HL[002;010Ho[002;011Ha[002;012Hd[002;013Hi[002;014Hn[002;015Hg[002;016H [002;017Hm[002;018Ho[002;019Hd[002;020Hu[002;021Hl[002;022He[002;023H [002;024H`[002;025Hb[002;026Ho[002;027Ho[002;028Ht[002;029H([002;030H)[002;031H:[002;032H/[002;033Hb[002;034Ho[002;035Ho[002;036Ht[002;037H/[002;038Hi[002;039Hn[002;040Hi[002;041Ht[002;042H.[002;043He[002;044Hl[002;045Hf[002;046H`[002;047H.[002;048H.[002;049H.[002;050H[002;001H[003;001Hl[003;002Hi[003;003Hm[003;004Hi[003;005Hn[003;006He[003;007H:[003;008H [003;009HL[003;010Ho[003;011Ha[003;012Hd[003;013Hi[003;014Hn[003;015Hg[003;016H [003;017Hm[003;018Ho[003;019Hd[003;020Hu[003;021Hl[003;022He[003;023H [003;024H`[003;025Hb[003;026Ho[003;027Ho[003;028Ht[003;029H([003;030H)[003;031H:[003;032H/[003;033Hb[003;034Ho[003;035Ho[003;036Ht[003;037H/[003;038Hr[003;039Ha[003;040Hm[003;041Hf[003;042Hs[003;043H.[003;044He[003;045Hl[003;046Hf[003;047H`[003;048H.[003;049H.[003;050H.[003;051H[003;001H[004;001Hl[004;002Hi[004;003Hm[004;004Hi[004;005Hn[004;006He[004;007H:[004;008H [004;009HL[004;010Ho[004;011Ha[004;012Hd[004;013Hi[004;014Hn[004;015Hg[004;016H [004;017Hm[004;018Ho[004;019Hd[004;020Hu[004;021Hl[004;022He[004;023H [004;024H`[004;025Hb[004;026Ho[004;027Ho[004;028Ht[004;029H([004;030H)[004;031H:[004;032H/[004;033Hb[004;034Ho[004;035Ho[004;036Ht[004;037H/[004;038Hs[004;039Hc[004;040Hr[004;041Hi[004;042Hp[004;043Ht[004;044H_[004;045Hs[004;046He[004;047Hs[004;048Hs[004;049Hi[004;050Ho[004;051Hn[004;052H.[004;053He[004;054Hl[004;055Hf[004;056H`[004;057H.[004;058H.[004;059H.[004;060H[004;001H[005;001Hl[005;002Hi[005;003Hm[005;004Hi[005;005Hn[005;006He[005;007H:[005;008H [005;009HL[005;010Ho[005;011Ha[005;012Hd[005;013Hi[005;014Hn[005;015Hg[005;016H [005;017Hm[005;018Ho[005;019Hd[005;020Hu[005;021Hl[005;022He[005;023H [005;024H`[005;025Hb[005;026Ho[005;027Ho[005;028Ht[005;029H([005;030H)[005;031H:[005;032H/[005;033Hb[005;034Ho[005;035Ho[005;036Ht[005;037H/[005;038Hr[005;039Ha[005;040Hm[005;041Hf[005;042Hs[005;043H.[005;044Hi[005;045Hm[005;046Hg[005;047H`[005;048H.[005;049H.[005;050H.[005;051H[005;001H[006;001HGAXERA: BOOT_STACK_READY
GAXERA: DESCRIPTORS_AND_IDT_READY
GAXERA: BOOT_CONTEXT_READY kernel_phys=0x0000000019a6a000 kernel_virt=0xffffffff80000000 rsdp_phys=0x000000001fb7e014
GAXERA: MEMMAP_BEGIN count=34
GAXERA: MEMMAP_REGION index=0 start=0x0000000000000000 end=0x0000000000087000 len=0x0000000000087000 source_type=0 class=usable allocator=eligible reservation=none
GAXERA: MEMMAP_REGION index=1 start=0x0000000000087000 end=0x0000000000088000 len=0x0000000000001000 source_type=5 class=bootloader-reclaimable allocator=ineligible reservation=none
GAXERA: MEMMAP_REGION index=2 start=0x0000000000088000 end=0x00000000000a0000 len=0x0000000000018000 source_type=0 class=usable allocator=eligible reservation=none
GAXERA: MEMMAP_REGION index=3 start=0x0000000000100000 end=0x0000000000800000 len=0x0000000000700000 source_type=0 class=usable allocator=eligible reservation=none
GAXERA: MEMMAP_REGION index=4 start=0x0000000000800000 end=0x0000000000808000 len=0x0000000000008000 source_type=3 class=acpi-nvs allocator=ineligible reservation=none
GAXERA: MEMMAP_REGION index=5 start=0x0000000000808000 end=0x000000000080b000 len=0x0000000000003000 source_type=0 class=usable allocator=eligible reservation=none
GAXERA: MEMMAP_REGION index=6 start=0x000000000080b000 end=0x000000000080c000 len=0x0000000000001000 source_type=3 class=acpi-nvs allocator=ineligible reservation=none
GAXERA: MEMMAP_REGION index=7 start=0x000000000080c000 end=0x0000000000814000 len=0x0000000000008000 source_type=0 class=usable allocator=eligible reservation=none
GAXERA: MEMMAP_REGION index=8 start=0x0000000000814000 end=0x0000000000900000 len=0x00000000000ec000 source_type=3 class=acpi-nvs allocator=ineligible reservation=none
GAXERA: MEMMAP_REGION index=9 start=0x0000000000900000 end=0x0000000001780000 len=0x0000000000e80000 source_type=5 class=bootloader-reclaimable allocator=ineligible reservation=none
GAXERA: MEMMAP_REGION index=10 start=0x0000000001780000 end=0x0000000019100000 len=0x0000000017980000 source_type=0 class=usable allocator=eligible reservation=none
GAXERA: MEMMAP_REGION index=11 start=0x0000000019100000 end=0x000000001910d000 len=0x000000000000d000 source_type=5 class=bootloader-reclaimable allocator=ineligible reservation=none
GAXERA: MEMMAP_REGION index=12 start=0x000000001910d000 end=0x00000000193bb000 len=0x00000000002ae000 source_type=6 class=executable-and-modules allocator=ineligible reservation=none
GAXERA: MEMMAP_REGION index=13 start=0x00000000193bb000 end=0x0000000019669000 len=0x00000000002ae000 source_type=6 class=executable-and-modules allocator=ineligible reservation=none
GAXERA: MEMMAP_REGION index=14 start=0x0000000019669000 end=0x0000000019a6a000 len=0x0000000000401000 source_type=6 class=executable-and-modules allocator=ineligible reservation=none
GAXERA: MEMMAP_REGION index=15 start=0x0000000019a6a000 end=0x0000000019b63000 len=0x00000000000f9000 source_type=6 class=executable-and-modules allocator=ineligible reservation=none
GAXERA: MEMMAP_REGION index=16 start=0x0000000019b63000 end=0x000000001a66c000 len=0x0000000000b09000 source_type=5 class=bootloader-reclaimable allocator=ineligible reservation=none
GAXERA: MEMMAP_REGION index=17 start=0x000000001a66c000 end=0x000000001bf6c000 len=0x0000000001900000 source_type=0 class=usable allocator=eligible reservation=none
GAXERA: MEMMAP_REGION index=18 start=0x000000001bf6c000 end=0x000000001bfaa000 len=0x000000000003e000 source_type=5 class=bootloader-reclaimable allocator=ineligible reservation=none
GAXERA: MEMMAP_REGION index=19 start=0x000000001bfaa000 end=0x000000001bfab000 len=0x0000000000001000 source_type=6 class=executable-and-modules allocator=ineligible reservation=none
GAXERA: MEMMAP_REGION index=20 start=0x000000001bfab000 end=0x000000001bfaf000 len=0x0000000000004000 source_type=5 class=bootloader-reclaimable allocator=ineligible reservation=none
GAXERA: MEMMAP_REGION index=21 start=0x000000001bfaf000 end=0x000000001e6a0000 len=0x00000000026f1000 source_type=0 class=usable allocator=eligible reservation=none
GAXERA: MEMMAP_REGION index=22 start=0x000000001e6a0000 end=0x000000001ed3f000 len=0x000000000069f000 source_type=5 class=bootloader-reclaimable allocator=ineligible reservation=none
GAXERA: MEMMAP_REGION index=23 start=0x000000001ed3f000 end=0x000000001ee00000 len=0x00000000000c1000 source_type=8 class=mapped-reserved allocator=ineligible reservation=none
GAXERA: MEMMAP_REGION index=24 start=0x000000001ee00000 end=0x000000001f8ed000 len=0x0000000000aed000 source_type=5 class=bootloader-reclaimable allocator=ineligible reservation=none
GAXERA: MEMMAP_REGION index=25 start=0x000000001f8ed000 end=0x000000001faed000 len=0x0000000000200000 source_type=8 class=mapped-reserved allocator=ineligible reservation=none
GAXERA: MEMMAP_REGION index=26 start=0x000000001faed000 end=0x000000001fb6d000 len=0x0000000000080000 source_type=1 class=reserved allocator=ineligible reservation=none
GAXERA: MEMMAP_REGION index=27 start=0x000000001fb6d000 end=0x000000001fb7f000 len=0x0000000000012000 source_type=2 class=acpi-reclaimable allocator=ineligible reservation=none
GAXERA: MEMMAP_REGION index=28 start=0x000000001fb7f000 end=0x000000001fbff000 len=0x0000000000080000 source_type=3 class=acpi-nvs allocator=ineligible reservation=none
GAXERA: MEMMAP_REGION index=29 start=0x000000001fbff000 end=0x000000001fef4000 len=0x00000000002f5000 source_type=5 class=bootloader-reclaimable allocator=ineligible reservation=none
GAXERA: MEMMAP_REGION index=30 start=0x000000001fef4000 end=0x000000001ff78000 len=0x0000000000084000 source_type=8 class=mapped-reserved allocator=ineligible reservation=none
GAXERA: MEMMAP_REGION index=31 start=0x000000001ff78000 end=0x0000000020000000 len=0x0000000000088000 source_type=3 class=acpi-nvs allocator=ineligible reservation=none
GAXERA: MEMMAP_REGION index=32 start=0x0000000080000000 end=0x00000000803e8000 len=0x00000000003e8000 source_type=7 class=framebuffer allocator=ineligible reservation=none
GAXERA: MEMMAP_REGION index=33 start=0x000000fd00000000 end=0x0000010000000000 len=0x0000000300000000 source_type=1 class=reserved allocator=ineligible reservation=none
GAXERA: MEMMAP_END
GAXERA: BOOTSTRAP_FRAME_ALLOCATOR_READY ranges=8
GAXERA: PAGING_HHDM_MAPPED
GAXERA: PAGING_TEXT_MAPPED
GAXERA: PAGING_FRAMEBUFFER_MAPPED
GAXERA: PAGE_TABLES_READY root=0x0000000000000000 reservations=3
GAXERA: CR3_GAXERA_OWNED
GAXERA: PHYSICAL_FRAME_ALLOCATOR_READY frames=114971 bitmap_words=1797
GAXERA: MEMORY_FOUNDATION_OK heap=0xfffffe8000001000 size=2097152 lower_guard=0xfffffe8000000000
GAXERA: KERNEL_ENTRY_OK
GAXERA: FRAMEBUFFER_OK (1280x800, pitch: 5120)
GAXERA: TEST_PATTERN_DRAWN
GAXERA: ACPI_MADT_READY local_apic_phys=0x00000000fee00000 override=false
GAXERA: ACPI_TEMPORARY_WINDOW_RELEASED
GAXERA: LOCAL_APIC_READY phys=0x00000000fee00000 vector=0xe0
GAXERA: PREEMPTION_TIMER_READY ticks_per_ms=63486
GAXERA: MMIO_DRIVER_TEST_START
GAXERA: MMIO_DRIVER_OK
Guest-confirmed QEMU test passed.

--- Userspace Runtime Test ---
=== Building Gaxera Kernel ISO ===
Compiling kernel binary...
    Finished `dev` profile [unoptimized + debuginfo] target(s) in 0.04s
Compiling guest binary (init)...
    Finished `dev` profile [unoptimized + debuginfo] target(s) in 0.03s
Assembling ISO directory structure...
Compiling ramfs binary...
    Finished `dev` profile [unoptimized + debuginfo] target(s) in 0.03s
Compiling script_session binary...
    Finished `dev` profile [unoptimized + debuginfo] target(s) in 0.03s
Packaging GaxFS ramfs.img...
Packaging bootable ISO image via xorriso...
xorriso 1.5.6 : RockRidge filesystem manipulator, libburnia project.

Drive current: -outdev 'stdio:target/gaxera.iso'
Media current: stdio file, overwriteable
Media status : is blank
Media summary: 0 sessions, 0 data blocks, 0 data,  943g free
Added to ISO image: directory '/'='/home/nyx/gaxera/target/iso_root'
xorriso : UPDATE :      16 files added in 1 seconds
xorriso : UPDATE :      16 files added in 1 seconds
ISO image produced: 12702 sectors
Written to medium : 12702 sectors at LBA 0
Writing to 'stdio:target/gaxera.iso' completed successfully.

Installing bootloader record sector...
Physical block size of 512 bytes.
Installing to GPT. Logical block size of 512 bytes.
Secondary header at LBA 0xc677.
Secondary header valid.
Detected ISOHYBRID with a GUID partition table (GPT).
Converting to MBR for improved compatibility...
Conversion successful.
No active partition found, some systems may not boot.
Setting partition 1 as active to work around the issue...
Installing to MBR.
Stage 2 to be located at byte offset 0x200.
Reminder: Remember to copy the limine-bios.sys file in either
          the root, /boot, /limine, or /boot/limine directories of
          one of the partitions on the device, or boot will fail!
Limine BIOS stages installed successfully.
Gaxera packaging successfully compiled to target/gaxera.iso!
=== Launching QEMU Virtual Machine ===
OVMF UEFI firmware detected. Booting in UEFI mode.
Headless mode selected.
[2J[001;001H[=3h[2J[001;001H[2J[001;001H[8;056;240t[2J[001;001H[2J[001;001H[=3h[2J[001;001H[2J[001;001H[8;042;160t[2J[001;001HBdsDxe: loading Boot0002 "UEFI QEMU DVD-ROM QM00003 " from PciRoot(0x0)/Pci(0x1,0x1)/Ata(Secondary,Master,0x0)
BdsDxe: starting Boot0002 "UEFI QEMU DVD-ROM QM00003 " from PciRoot(0x0)/Pci(0x1,0x1)/Ata(Secondary,Master,0x0)
[001;001H[001;001H[001;001Hl[001;002Hi[001;003Hm[001;004Hi[001;005Hn[001;006He[001;007H:[001;008H [001;009HL[001;010Ho[001;011Ha[001;012Hd[001;013Hi[001;014Hn[001;015Hg[001;016H [001;017He[001;018Hx[001;019He[001;020Hc[001;021Hu[001;022Ht[001;023Ha[001;024Hb[001;025Hl[001;026He[001;027H [001;028H`[001;029Hb[001;030Ho[001;031Ho[001;032Ht[001;033H([001;034H)[001;035H:[001;036H/[001;037Hb[001;038Ho[001;039Ho[001;040Ht[001;041H/[001;042Hg[001;043Ha[001;044Hx[001;045He[001;046Hr[001;047Ha[001;048H.[001;049He[001;050Hl[001;051Hf[001;052H`[001;053H.[001;054H.[001;055H.[001;056H[001;001H[002;001Hl[002;002Hi[002;003Hm[002;004Hi[002;005Hn[002;006He[002;007H:[002;008H [002;009HL[002;010Ho[002;011Ha[002;012Hd[002;013Hi[002;014Hn[002;015Hg[002;016H [002;017Hm[002;018Ho[002;019Hd[002;020Hu[002;021Hl[002;022He[002;023H [002;024H`[002;025Hb[002;026Ho[002;027Ho[002;028Ht[002;029H([002;030H)[002;031H:[002;032H/[002;033Hb[002;034Ho[002;035Ho[002;036Ht[002;037H/[002;038Hi[002;039Hn[002;040Hi[002;041Ht[002;042H.[002;043He[002;044Hl[002;045Hf[002;046H`[002;047H.[002;048H.[002;049H.[002;050H[002;001H[003;001Hl[003;002Hi[003;003Hm[003;004Hi[003;005Hn[003;006He[003;007H:[003;008H [003;009HL[003;010Ho[003;011Ha[003;012Hd[003;013Hi[003;014Hn[003;015Hg[003;016H [003;017Hm[003;018Ho[003;019Hd[003;020Hu[003;021Hl[003;022He[003;023H [003;024H`[003;025Hb[003;026Ho[003;027Ho[003;028Ht[003;029H([003;030H)[003;031H:[003;032H/[003;033Hb[003;034Ho[003;035Ho[003;036Ht[003;037H/[003;038Hr[003;039Ha[003;040Hm[003;041Hf[003;042Hs[003;043H.[003;044He[003;045Hl[003;046Hf[003;047H`[003;048H.[003;049H.[003;050H.[003;051H[003;001H[004;001Hl[004;002Hi[004;003Hm[004;004Hi[004;005Hn[004;006He[004;007H:[004;008H [004;009HL[004;010Ho[004;011Ha[004;012Hd[004;013Hi[004;014Hn[004;015Hg[004;016H [004;017Hm[004;018Ho[004;019Hd[004;020Hu[004;021Hl[004;022He[004;023H [004;024H`[004;025Hb[004;026Ho[004;027Ho[004;028Ht[004;029H([004;030H)[004;031H:[004;032H/[004;033Hb[004;034Ho[004;035Ho[004;036Ht[004;037H/[004;038Hs[004;039Hc[004;040Hr[004;041Hi[004;042Hp[004;043Ht[004;044H_[004;045Hs[004;046He[004;047Hs[004;048Hs[004;049Hi[004;050Ho[004;051Hn[004;052H.[004;053He[004;054Hl[004;055Hf[004;056H`[004;057H.[004;058H.[004;059H.[004;060H[004;001H[005;001Hl[005;002Hi[005;003Hm[005;004Hi[005;005Hn[005;006He[005;007H:[005;008H [005;009HL[005;010Ho[005;011Ha[005;012Hd[005;013Hi[005;014Hn[005;015Hg[005;016H [005;017Hm[005;018Ho[005;019Hd[005;020Hu[005;021Hl[005;022He[005;023H [005;024H`[005;025Hb[005;026Ho[005;027Ho[005;028Ht[005;029H([005;030H)[005;031H:[005;032H/[005;033Hb[005;034Ho[005;035Ho[005;036Ht[005;037H/[005;038Hr[005;039Ha[005;040Hm[005;041Hf[005;042Hs[005;043H.[005;044Hi[005;045Hm[005;046Hg[005;047H`[005;048H.[005;049H.[005;050H.[005;051H[005;001H[006;001HGAXERA: BOOT_STACK_READY
GAXERA: DESCRIPTORS_AND_IDT_READY
GAXERA: BOOT_CONTEXT_READY kernel_phys=0x0000000019a56000 kernel_virt=0xffffffff80000000 rsdp_phys=0x000000001fb7e014
GAXERA: MEMMAP_BEGIN count=34
GAXERA: MEMMAP_REGION index=0 start=0x0000000000000000 end=0x0000000000087000 len=0x0000000000087000 source_type=0 class=usable allocator=eligible reservation=none
GAXERA: MEMMAP_REGION index=1 start=0x0000000000087000 end=0x0000000000088000 len=0x0000000000001000 source_type=5 class=bootloader-reclaimable allocator=ineligible reservation=none
GAXERA: MEMMAP_REGION index=2 start=0x0000000000088000 end=0x00000000000a0000 len=0x0000000000018000 source_type=0 class=usable allocator=eligible reservation=none
GAXERA: MEMMAP_REGION index=3 start=0x0000000000100000 end=0x0000000000800000 len=0x0000000000700000 source_type=0 class=usable allocator=eligible reservation=none
GAXERA: MEMMAP_REGION index=4 start=0x0000000000800000 end=0x0000000000808000 len=0x0000000000008000 source_type=3 class=acpi-nvs allocator=ineligible reservation=none
GAXERA: MEMMAP_REGION index=5 start=0x0000000000808000 end=0x000000000080b000 len=0x0000000000003000 source_type=0 class=usable allocator=eligible reservation=none
GAXERA: MEMMAP_REGION index=6 start=0x000000000080b000 end=0x000000000080c000 len=0x0000000000001000 source_type=3 class=acpi-nvs allocator=ineligible reservation=none
GAXERA: MEMMAP_REGION index=7 start=0x000000000080c000 end=0x0000000000814000 len=0x0000000000008000 source_type=0 class=usable allocator=eligible reservation=none
GAXERA: MEMMAP_REGION index=8 start=0x0000000000814000 end=0x0000000000900000 len=0x00000000000ec000 source_type=3 class=acpi-nvs allocator=ineligible reservation=none
GAXERA: MEMMAP_REGION index=9 start=0x0000000000900000 end=0x0000000001780000 len=0x0000000000e80000 source_type=5 class=bootloader-reclaimable allocator=ineligible reservation=none
GAXERA: MEMMAP_REGION index=10 start=0x0000000001780000 end=0x00000000190ec000 len=0x000000001796c000 source_type=0 class=usable allocator=eligible reservation=none
GAXERA: MEMMAP_REGION index=11 start=0x00000000190ec000 end=0x00000000190f9000 len=0x000000000000d000 source_type=5 class=bootloader-reclaimable allocator=ineligible reservation=none
GAXERA: MEMMAP_REGION index=12 start=0x00000000190f9000 end=0x00000000193a7000 len=0x00000000002ae000 source_type=6 class=executable-and-modules allocator=ineligible reservation=none
GAXERA: MEMMAP_REGION index=13 start=0x00000000193a7000 end=0x0000000019655000 len=0x00000000002ae000 source_type=6 class=executable-and-modules allocator=ineligible reservation=none
GAXERA: MEMMAP_REGION index=14 start=0x0000000019655000 end=0x0000000019a56000 len=0x0000000000401000 source_type=6 class=executable-and-modules allocator=ineligible reservation=none
GAXERA: MEMMAP_REGION index=15 start=0x0000000019a56000 end=0x0000000019b4f000 len=0x00000000000f9000 source_type=6 class=executable-and-modules allocator=ineligible reservation=none
GAXERA: MEMMAP_REGION index=16 start=0x0000000019b4f000 end=0x000000001a66c000 len=0x0000000000b1d000 source_type=5 class=bootloader-reclaimable allocator=ineligible reservation=none
GAXERA: MEMMAP_REGION index=17 start=0x000000001a66c000 end=0x000000001bf6c000 len=0x0000000001900000 source_type=0 class=usable allocator=eligible reservation=none
GAXERA: MEMMAP_REGION index=18 start=0x000000001bf6c000 end=0x000000001bfaa000 len=0x000000000003e000 source_type=5 class=bootloader-reclaimable allocator=ineligible reservation=none
GAXERA: MEMMAP_REGION index=19 start=0x000000001bfaa000 end=0x000000001bfab000 len=0x0000000000001000 source_type=6 class=executable-and-modules allocator=ineligible reservation=none
GAXERA: MEMMAP_REGION index=20 start=0x000000001bfab000 end=0x000000001bfaf000 len=0x0000000000004000 source_type=5 class=bootloader-reclaimable allocator=ineligible reservation=none
GAXERA: MEMMAP_REGION index=21 start=0x000000001bfaf000 end=0x000000001e6a0000 len=0x00000000026f1000 source_type=0 class=usable allocator=eligible reservation=none
GAXERA: MEMMAP_REGION index=22 start=0x000000001e6a0000 end=0x000000001ed3f000 len=0x000000000069f000 source_type=5 class=bootloader-reclaimable allocator=ineligible reservation=none
GAXERA: MEMMAP_REGION index=23 start=0x000000001ed3f000 end=0x000000001ee00000 len=0x00000000000c1000 source_type=8 class=mapped-reserved allocator=ineligible reservation=none
GAXERA: MEMMAP_REGION index=24 start=0x000000001ee00000 end=0x000000001f8ed000 len=0x0000000000aed000 source_type=5 class=bootloader-reclaimable allocator=ineligible reservation=none
GAXERA: MEMMAP_REGION index=25 start=0x000000001f8ed000 end=0x000000001faed000 len=0x0000000000200000 source_type=8 class=mapped-reserved allocator=ineligible reservation=none
GAXERA: MEMMAP_REGION index=26 start=0x000000001faed000 end=0x000000001fb6d000 len=0x0000000000080000 source_type=1 class=reserved allocator=ineligible reservation=none
GAXERA: MEMMAP_REGION index=27 start=0x000000001fb6d000 end=0x000000001fb7f000 len=0x0000000000012000 source_type=2 class=acpi-reclaimable allocator=ineligible reservation=none
GAXERA: MEMMAP_REGION index=28 start=0x000000001fb7f000 end=0x000000001fbff000 len=0x0000000000080000 source_type=3 class=acpi-nvs allocator=ineligible reservation=none
GAXERA: MEMMAP_REGION index=29 start=0x000000001fbff000 end=0x000000001fef4000 len=0x00000000002f5000 source_type=5 class=bootloader-reclaimable allocator=ineligible reservation=none
GAXERA: MEMMAP_REGION index=30 start=0x000000001fef4000 end=0x000000001ff78000 len=0x0000000000084000 source_type=8 class=mapped-reserved allocator=ineligible reservation=none
GAXERA: MEMMAP_REGION index=31 start=0x000000001ff78000 end=0x0000000020000000 len=0x0000000000088000 source_type=3 class=acpi-nvs allocator=ineligible reservation=none
GAXERA: MEMMAP_REGION index=32 start=0x0000000080000000 end=0x00000000803e8000 len=0x00000000003e8000 source_type=7 class=framebuffer allocator=ineligible reservation=none
GAXERA: MEMMAP_REGION index=33 start=0x000000fd00000000 end=0x0000010000000000 len=0x0000000300000000 source_type=1 class=reserved allocator=ineligible reservation=none
GAXERA: MEMMAP_END
GAXERA: BOOTSTRAP_FRAME_ALLOCATOR_READY ranges=8
GAXERA: PAGING_HHDM_MAPPED
GAXERA: PAGING_TEXT_MAPPED
GAXERA: PAGING_FRAMEBUFFER_MAPPED
GAXERA: PAGE_TABLES_READY root=0x0000000000000000 reservations=3
GAXERA: CR3_GAXERA_OWNED
GAXERA: PHYSICAL_FRAME_ALLOCATOR_READY frames=114951 bitmap_words=1797
GAXERA: MEMORY_FOUNDATION_OK heap=0xfffffe8000001000 size=2097152 lower_guard=0xfffffe8000000000
GAXERA: KERNEL_ENTRY_OK
GAXERA: FRAMEBUFFER_OK (1280x800, pitch: 5120)
GAXERA: TEST_PATTERN_DRAWN
GAXERA: ACPI_MADT_READY local_apic_phys=0x00000000fee00000 override=false
GAXERA: ACPI_TEMPORARY_WINDOW_RELEASED
GAXERA: LOCAL_APIC_READY phys=0x00000000fee00000 vector=0xe0
GAXERA: PREEMPTION_TIMER_READY ticks_per_ms=63320
GAXERA: USERSPACE_RUNTIME_TEST_START
GAXERA: USERSPACE_RUNTIME_OK
Guest-confirmed QEMU test passed.

--- Ring-3 Memory Lifecycle Test ---
=== Building Gaxera Kernel ISO ===
Compiling kernel binary...
    Finished `dev` profile [unoptimized + debuginfo] target(s) in 0.04s
Compiling guest binary (userspace-tests)...
    Finished `dev` profile [unoptimized + debuginfo] target(s) in 0.04s
Assembling ISO directory structure...
Compiling ramfs binary...
    Finished `dev` profile [unoptimized + debuginfo] target(s) in 0.05s
Compiling script_session binary...
    Finished `dev` profile [unoptimized + debuginfo] target(s) in 0.04s
Packaging GaxFS ramfs.img...
Packaging bootable ISO image via xorriso...
xorriso 1.5.6 : RockRidge filesystem manipulator, libburnia project.

Drive current: -outdev 'stdio:target/gaxera.iso'
Media current: stdio file, overwriteable
Media status : is blank
Media summary: 0 sessions, 0 data blocks, 0 data,  943g free
Added to ISO image: directory '/'='/home/nyx/gaxera/target/iso_root'
xorriso : UPDATE :      16 files added in 1 seconds
xorriso : UPDATE :      16 files added in 1 seconds
ISO image produced: 12386 sectors
Written to medium : 12386 sectors at LBA 0
Writing to 'stdio:target/gaxera.iso' completed successfully.

Installing bootloader record sector...
Physical block size of 512 bytes.
Installing to GPT. Logical block size of 512 bytes.
Secondary header at LBA 0xc187.
Secondary header valid.
Detected ISOHYBRID with a GUID partition table (GPT).
Converting to MBR for improved compatibility...
Conversion successful.
No active partition found, some systems may not boot.
Setting partition 1 as active to work around the issue...
Installing to MBR.
Stage 2 to be located at byte offset 0x200.
Reminder: Remember to copy the limine-bios.sys file in either
          the root, /boot, /limine, or /boot/limine directories of
          one of the partitions on the device, or boot will fail!
Limine BIOS stages installed successfully.
Gaxera packaging successfully compiled to target/gaxera.iso!
=== Launching QEMU Virtual Machine ===
OVMF UEFI firmware detected. Booting in UEFI mode.
Headless mode selected.
[2J[001;001H[=3h[2J[001;001H[2J[001;001H[8;056;240t[2J[001;001H[2J[001;001H[=3h[2J[001;001H[2J[001;001H[8;042;160t[2J[001;001HBdsDxe: loading Boot0002 "UEFI QEMU DVD-ROM QM00003 " from PciRoot(0x0)/Pci(0x1,0x1)/Ata(Secondary,Master,0x0)
BdsDxe: starting Boot0002 "UEFI QEMU DVD-ROM QM00003 " from PciRoot(0x0)/Pci(0x1,0x1)/Ata(Secondary,Master,0x0)
[001;001H[001;001H[001;001Hl[001;002Hi[001;003Hm[001;004Hi[001;005Hn[001;006He[001;007H:[001;008H [001;009HL[001;010Ho[001;011Ha[001;012Hd[001;013Hi[001;014Hn[001;015Hg[001;016H [001;017He[001;018Hx[001;019He[001;020Hc[001;021Hu[001;022Ht[001;023Ha[001;024Hb[001;025Hl[001;026He[001;027H [001;028H`[001;029Hb[001;030Ho[001;031Ho[001;032Ht[001;033H([001;034H)[001;035H:[001;036H/[001;037Hb[001;038Ho[001;039Ho[001;040Ht[001;041H/[001;042Hg[001;043Ha[001;044Hx[001;045He[001;046Hr[001;047Ha[001;048H.[001;049He[001;050Hl[001;051Hf[001;052H`[001;053H.[001;054H.[001;055H.[001;056H[001;001H[002;001Hl[002;002Hi[002;003Hm[002;004Hi[002;005Hn[002;006He[002;007H:[002;008H [002;009HL[002;010Ho[002;011Ha[002;012Hd[002;013Hi[002;014Hn[002;015Hg[002;016H [002;017Hm[002;018Ho[002;019Hd[002;020Hu[002;021Hl[002;022He[002;023H [002;024H`[002;025Hb[002;026Ho[002;027Ho[002;028Ht[002;029H([002;030H)[002;031H:[002;032H/[002;033Hb[002;034Ho[002;035Ho[002;036Ht[002;037H/[002;038Hi[002;039Hn[002;040Hi[002;041Ht[002;042H.[002;043He[002;044Hl[002;045Hf[002;046H`[002;047H.[002;048H.[002;049H.[002;050H[002;001H[003;001Hl[003;002Hi[003;003Hm[003;004Hi[003;005Hn[003;006He[003;007H:[003;008H [003;009HL[003;010Ho[003;011Ha[003;012Hd[003;013Hi[003;014Hn[003;015Hg[003;016H [003;017Hm[003;018Ho[003;019Hd[003;020Hu[003;021Hl[003;022He[003;023H [003;024H`[003;025Hb[003;026Ho[003;027Ho[003;028Ht[003;029H([003;030H)[003;031H:[003;032H/[003;033Hb[003;034Ho[003;035Ho[003;036Ht[003;037H/[003;038Hr[003;039Ha[003;040Hm[003;041Hf[003;042Hs[003;043H.[003;044He[003;045Hl[003;046Hf[003;047H`[003;048H.[003;049H.[003;050H.[003;051H[003;001H[004;001Hl[004;002Hi[004;003Hm[004;004Hi[004;005Hn[004;006He[004;007H:[004;008H [004;009HL[004;010Ho[004;011Ha[004;012Hd[004;013Hi[004;014Hn[004;015Hg[004;016H [004;017Hm[004;018Ho[004;019Hd[004;020Hu[004;021Hl[004;022He[004;023H [004;024H`[004;025Hb[004;026Ho[004;027Ho[004;028Ht[004;029H([004;030H)[004;031H:[004;032H/[004;033Hb[004;034Ho[004;035Ho[004;036Ht[004;037H/[004;038Hs[004;039Hc[004;040Hr[004;041Hi[004;042Hp[004;043Ht[004;044H_[004;045Hs[004;046He[004;047Hs[004;048Hs[004;049Hi[004;050Ho[004;051Hn[004;052H.[004;053He[004;054Hl[004;055Hf[004;056H`[004;057H.[004;058H.[004;059H.[004;060H[004;001H[005;001Hl[005;002Hi[005;003Hm[005;004Hi[005;005Hn[005;006He[005;007H:[005;008H [005;009HL[005;010Ho[005;011Ha[005;012Hd[005;013Hi[005;014Hn[005;015Hg[005;016H [005;017Hm[005;018Ho[005;019Hd[005;020Hu[005;021Hl[005;022He[005;023H [005;024H`[005;025Hb[005;026Ho[005;027Ho[005;028Ht[005;029H([005;030H)[005;031H:[005;032H/[005;033Hb[005;034Ho[005;035Ho[005;036Ht[005;037H/[005;038Hr[005;039Ha[005;040Hm[005;041Hf[005;042Hs[005;043H.[005;044Hi[005;045Hm[005;046Hg[005;047H`[005;048H.[005;049H.[005;050H.[005;051H[005;001H[006;001HGAXERA: BOOT_STACK_READY
GAXERA: DESCRIPTORS_AND_IDT_READY
GAXERA: BOOT_CONTEXT_READY kernel_phys=0x0000000019a39000 kernel_virt=0xffffffff80000000 rsdp_phys=0x000000001fb7e014
GAXERA: MEMMAP_BEGIN count=34
GAXERA: MEMMAP_REGION index=0 start=0x0000000000000000 end=0x0000000000087000 len=0x0000000000087000 source_type=0 class=usable allocator=eligible reservation=none
GAXERA: MEMMAP_REGION index=1 start=0x0000000000087000 end=0x0000000000088000 len=0x0000000000001000 source_type=5 class=bootloader-reclaimable allocator=ineligible reservation=none
GAXERA: MEMMAP_REGION index=2 start=0x0000000000088000 end=0x00000000000a0000 len=0x0000000000018000 source_type=0 class=usable allocator=eligible reservation=none
GAXERA: MEMMAP_REGION index=3 start=0x0000000000100000 end=0x0000000000800000 len=0x0000000000700000 source_type=0 class=usable allocator=eligible reservation=none
GAXERA: MEMMAP_REGION index=4 start=0x0000000000800000 end=0x0000000000808000 len=0x0000000000008000 source_type=3 class=acpi-nvs allocator=ineligible reservation=none
GAXERA: MEMMAP_REGION index=5 start=0x0000000000808000 end=0x000000000080b000 len=0x0000000000003000 source_type=0 class=usable allocator=eligible reservation=none
GAXERA: MEMMAP_REGION index=6 start=0x000000000080b000 end=0x000000000080c000 len=0x0000000000001000 source_type=3 class=acpi-nvs allocator=ineligible reservation=none
GAXERA: MEMMAP_REGION index=7 start=0x000000000080c000 end=0x0000000000814000 len=0x0000000000008000 source_type=0 class=usable allocator=eligible reservation=none
GAXERA: MEMMAP_REGION index=8 start=0x0000000000814000 end=0x0000000000900000 len=0x00000000000ec000 source_type=3 class=acpi-nvs allocator=ineligible reservation=none
GAXERA: MEMMAP_REGION index=9 start=0x0000000000900000 end=0x0000000001780000 len=0x0000000000e80000 source_type=5 class=bootloader-reclaimable allocator=ineligible reservation=none
GAXERA: MEMMAP_REGION index=10 start=0x0000000001780000 end=0x000000001917a000 len=0x00000000179fa000 source_type=0 class=usable allocator=eligible reservation=none
GAXERA: MEMMAP_REGION index=11 start=0x000000001917a000 end=0x0000000019187000 len=0x000000000000d000 source_type=5 class=bootloader-reclaimable allocator=ineligible reservation=none
GAXERA: MEMMAP_REGION index=12 start=0x0000000019187000 end=0x0000000019435000 len=0x00000000002ae000 source_type=6 class=executable-and-modules allocator=ineligible reservation=none
GAXERA: MEMMAP_REGION index=13 start=0x0000000019435000 end=0x00000000196e3000 len=0x00000000002ae000 source_type=6 class=executable-and-modules allocator=ineligible reservation=none
GAXERA: MEMMAP_REGION index=14 start=0x00000000196e3000 end=0x0000000019a39000 len=0x0000000000356000 source_type=6 class=executable-and-modules allocator=ineligible reservation=none
GAXERA: MEMMAP_REGION index=15 start=0x0000000019a39000 end=0x0000000019b42000 len=0x0000000000109000 source_type=6 class=executable-and-modules allocator=ineligible reservation=none
GAXERA: MEMMAP_REGION index=16 start=0x0000000019b42000 end=0x000000001a66c000 len=0x0000000000b2a000 source_type=5 class=bootloader-reclaimable allocator=ineligible reservation=none
GAXERA: MEMMAP_REGION index=17 start=0x000000001a66c000 end=0x000000001bf6c000 len=0x0000000001900000 source_type=0 class=usable allocator=eligible reservation=none
GAXERA: MEMMAP_REGION index=18 start=0x000000001bf6c000 end=0x000000001bfaa000 len=0x000000000003e000 source_type=5 class=bootloader-reclaimable allocator=ineligible reservation=none
GAXERA: MEMMAP_REGION index=19 start=0x000000001bfaa000 end=0x000000001bfab000 len=0x0000000000001000 source_type=6 class=executable-and-modules allocator=ineligible reservation=none
GAXERA: MEMMAP_REGION index=20 start=0x000000001bfab000 end=0x000000001bfaf000 len=0x0000000000004000 source_type=5 class=bootloader-reclaimable allocator=ineligible reservation=none
GAXERA: MEMMAP_REGION index=21 start=0x000000001bfaf000 end=0x000000001e6a0000 len=0x00000000026f1000 source_type=0 class=usable allocator=eligible reservation=none
GAXERA: MEMMAP_REGION index=22 start=0x000000001e6a0000 end=0x000000001ed3f000 len=0x000000000069f000 source_type=5 class=bootloader-reclaimable allocator=ineligible reservation=none
GAXERA: MEMMAP_REGION index=23 start=0x000000001ed3f000 end=0x000000001ee00000 len=0x00000000000c1000 source_type=8 class=mapped-reserved allocator=ineligible reservation=none
GAXERA: MEMMAP_REGION index=24 start=0x000000001ee00000 end=0x000000001f8ed000 len=0x0000000000aed000 source_type=5 class=bootloader-reclaimable allocator=ineligible reservation=none
GAXERA: MEMMAP_REGION index=25 start=0x000000001f8ed000 end=0x000000001faed000 len=0x0000000000200000 source_type=8 class=mapped-reserved allocator=ineligible reservation=none
GAXERA: MEMMAP_REGION index=26 start=0x000000001faed000 end=0x000000001fb6d000 len=0x0000000000080000 source_type=1 class=reserved allocator=ineligible reservation=none
GAXERA: MEMMAP_REGION index=27 start=0x000000001fb6d000 end=0x000000001fb7f000 len=0x0000000000012000 source_type=2 class=acpi-reclaimable allocator=ineligible reservation=none
GAXERA: MEMMAP_REGION index=28 start=0x000000001fb7f000 end=0x000000001fbff000 len=0x0000000000080000 source_type=3 class=acpi-nvs allocator=ineligible reservation=none
GAXERA: MEMMAP_REGION index=29 start=0x000000001fbff000 end=0x000000001fef4000 len=0x00000000002f5000 source_type=5 class=bootloader-reclaimable allocator=ineligible reservation=none
GAXERA: MEMMAP_REGION index=30 start=0x000000001fef4000 end=0x000000001ff78000 len=0x0000000000084000 source_type=8 class=mapped-reserved allocator=ineligible reservation=none
GAXERA: MEMMAP_REGION index=31 start=0x000000001ff78000 end=0x0000000020000000 len=0x0000000000088000 source_type=3 class=acpi-nvs allocator=ineligible reservation=none
GAXERA: MEMMAP_REGION index=32 start=0x0000000080000000 end=0x00000000803e8000 len=0x00000000003e8000 source_type=7 class=framebuffer allocator=ineligible reservation=none
GAXERA: MEMMAP_REGION index=33 start=0x000000fd00000000 end=0x0000010000000000 len=0x0000000300000000 source_type=1 class=reserved allocator=ineligible reservation=none
GAXERA: MEMMAP_END
GAXERA: BOOTSTRAP_FRAME_ALLOCATOR_READY ranges=8
GAXERA: PAGING_HHDM_MAPPED
GAXERA: PAGING_TEXT_MAPPED
GAXERA: PAGING_FRAMEBUFFER_MAPPED
GAXERA: PAGE_TABLES_READY root=0x0000000000000000 reservations=3
GAXERA: CR3_GAXERA_OWNED
GAXERA: PHYSICAL_FRAME_ALLOCATOR_READY frames=115093 bitmap_words=1799
GAXERA: MEMORY_FOUNDATION_OK heap=0xfffffe8000001000 size=2097152 lower_guard=0xfffffe8000000000
GAXERA: KERNEL_ENTRY_OK
GAXERA: FRAMEBUFFER_OK (1280x800, pitch: 5120)
GAXERA: TEST_PATTERN_DRAWN
GAXERA: ACPI_MADT_READY local_apic_phys=0x00000000fee00000 override=false
GAXERA: ACPI_TEMPORARY_WINDOW_RELEASED
GAXERA: LOCAL_APIC_READY phys=0x00000000fee00000 vector=0xe0
GAXERA: PREEMPTION_TIMER_READY ticks_per_ms=62418
GAXERA: INIT_MODULE found at phys=0x00000000196e3000 size=3494280
GAXERA: KERNEL_STACK top=0xfffffe1000011000
GAXERA: USER_STACK phys=0x00000000003a9000
GAXERA: ENTER_USER_MODE entry=0x00000000002048f0 rsp=0x00007ffffffffff0 arg0=0x00007ffffffffff0
GAXERA: MEMORY_RECLAIMED_AND_QUOTA_REFUNDED
Guest-confirmed QEMU test passed.

--- Ring-3 Heap Runtime Test ---
=== Building Gaxera Kernel ISO ===
Compiling kernel binary...
    Finished `dev` profile [unoptimized + debuginfo] target(s) in 0.04s
Compiling guest binary (test_ring3_heap)...
    Finished `dev` profile [unoptimized + debuginfo] target(s) in 0.04s
Assembling ISO directory structure...
Compiling ramfs binary...
    Finished `dev` profile [unoptimized + debuginfo] target(s) in 0.03s
Compiling script_session binary...
    Finished `dev` profile [unoptimized + debuginfo] target(s) in 0.03s
Packaging GaxFS ramfs.img...
Packaging bootable ISO image via xorriso...
xorriso 1.5.6 : RockRidge filesystem manipulator, libburnia project.

Drive current: -outdev 'stdio:target/gaxera.iso'
Media current: stdio file, overwriteable
Media status : is blank
Media summary: 0 sessions, 0 data blocks, 0 data,  943g free
Added to ISO image: directory '/'='/home/nyx/gaxera/target/iso_root'
xorriso : UPDATE :      16 files added in 1 seconds
xorriso : UPDATE :      16 files added in 1 seconds
ISO image produced: 12454 sectors
Written to medium : 12454 sectors at LBA 0
Writing to 'stdio:target/gaxera.iso' completed successfully.

Installing bootloader record sector...
Physical block size of 512 bytes.
Installing to GPT. Logical block size of 512 bytes.
Secondary header at LBA 0xc297.
Secondary header valid.
Detected ISOHYBRID with a GUID partition table (GPT).
Converting to MBR for improved compatibility...
Conversion successful.
No active partition found, some systems may not boot.
Setting partition 1 as active to work around the issue...
Installing to MBR.
Stage 2 to be located at byte offset 0x200.
Reminder: Remember to copy the limine-bios.sys file in either
          the root, /boot, /limine, or /boot/limine directories of
          one of the partitions on the device, or boot will fail!
Limine BIOS stages installed successfully.
Gaxera packaging successfully compiled to target/gaxera.iso!
=== Launching QEMU Virtual Machine ===
OVMF UEFI firmware detected. Booting in UEFI mode.
Headless mode selected.
[2J[001;001H[=3h[2J[001;001H[2J[001;001H[8;056;240t[2J[001;001H[2J[001;001H[=3h[2J[001;001H[2J[001;001H[8;042;160t[2J[001;001HBdsDxe: loading Boot0002 "UEFI QEMU DVD-ROM QM00003 " from PciRoot(0x0)/Pci(0x1,0x1)/Ata(Secondary,Master,0x0)
BdsDxe: starting Boot0002 "UEFI QEMU DVD-ROM QM00003 " from PciRoot(0x0)/Pci(0x1,0x1)/Ata(Secondary,Master,0x0)
[001;001H[001;001H[001;001Hl[001;002Hi[001;003Hm[001;004Hi[001;005Hn[001;006He[001;007H:[001;008H [001;009HL[001;010Ho[001;011Ha[001;012Hd[001;013Hi[001;014Hn[001;015Hg[001;016H [001;017He[001;018Hx[001;019He[001;020Hc[001;021Hu[001;022Ht[001;023Ha[001;024Hb[001;025Hl[001;026He[001;027H [001;028H`[001;029Hb[001;030Ho[001;031Ho[001;032Ht[001;033H([001;034H)[001;035H:[001;036H/[001;037Hb[001;038Ho[001;039Ho[001;040Ht[001;041H/[001;042Hg[001;043Ha[001;044Hx[001;045He[001;046Hr[001;047Ha[001;048H.[001;049He[001;050Hl[001;051Hf[001;052H`[001;053H.[001;054H.[001;055H.[001;056H[001;001H[002;001Hl[002;002Hi[002;003Hm[002;004Hi[002;005Hn[002;006He[002;007H:[002;008H [002;009HL[002;010Ho[002;011Ha[002;012Hd[002;013Hi[002;014Hn[002;015Hg[002;016H [002;017Hm[002;018Ho[002;019Hd[002;020Hu[002;021Hl[002;022He[002;023H [002;024H`[002;025Hb[002;026Ho[002;027Ho[002;028Ht[002;029H([002;030H)[002;031H:[002;032H/[002;033Hb[002;034Ho[002;035Ho[002;036Ht[002;037H/[002;038Hi[002;039Hn[002;040Hi[002;041Ht[002;042H.[002;043He[002;044Hl[002;045Hf[002;046H`[002;047H.[002;048H.[002;049H.[002;050H[002;001H[003;001Hl[003;002Hi[003;003Hm[003;004Hi[003;005Hn[003;006He[003;007H:[003;008H [003;009HL[003;010Ho[003;011Ha[003;012Hd[003;013Hi[003;014Hn[003;015Hg[003;016H [003;017Hm[003;018Ho[003;019Hd[003;020Hu[003;021Hl[003;022He[003;023H [003;024H`[003;025Hb[003;026Ho[003;027Ho[003;028Ht[003;029H([003;030H)[003;031H:[003;032H/[003;033Hb[003;034Ho[003;035Ho[003;036Ht[003;037H/[003;038Hr[003;039Ha[003;040Hm[003;041Hf[003;042Hs[003;043H.[003;044He[003;045Hl[003;046Hf[003;047H`[003;048H.[003;049H.[003;050H.[003;051H[003;001H[004;001Hl[004;002Hi[004;003Hm[004;004Hi[004;005Hn[004;006He[004;007H:[004;008H [004;009HL[004;010Ho[004;011Ha[004;012Hd[004;013Hi[004;014Hn[004;015Hg[004;016H [004;017Hm[004;018Ho[004;019Hd[004;020Hu[004;021Hl[004;022He[004;023H [004;024H`[004;025Hb[004;026Ho[004;027Ho[004;028Ht[004;029H([004;030H)[004;031H:[004;032H/[004;033Hb[004;034Ho[004;035Ho[004;036Ht[004;037H/[004;038Hs[004;039Hc[004;040Hr[004;041Hi[004;042Hp[004;043Ht[004;044H_[004;045Hs[004;046He[004;047Hs[004;048Hs[004;049Hi[004;050Ho[004;051Hn[004;052H.[004;053He[004;054Hl[004;055Hf[004;056H`[004;057H.[004;058H.[004;059H.[004;060H[004;001H[005;001Hl[005;002Hi[005;003Hm[005;004Hi[005;005Hn[005;006He[005;007H:[005;008H [005;009HL[005;010Ho[005;011Ha[005;012Hd[005;013Hi[005;014Hn[005;015Hg[005;016H [005;017Hm[005;018Ho[005;019Hd[005;020Hu[005;021Hl[005;022He[005;023H [005;024H`[005;025Hb[005;026Ho[005;027Ho[005;028Ht[005;029H([005;030H)[005;031H:[005;032H/[005;033Hb[005;034Ho[005;035Ho[005;036Ht[005;037H/[005;038Hr[005;039Ha[005;040Hm[005;041Hf[005;042Hs[005;043H.[005;044Hi[005;045Hm[005;046Hg[005;047H`[005;048H.[005;049H.[005;050H.[005;051H[005;001H[006;001HGAXERA: BOOT_STACK_READY
GAXERA: DESCRIPTORS_AND_IDT_READY
GAXERA: BOOT_CONTEXT_READY kernel_phys=0x0000000019a39000 kernel_virt=0xffffffff80000000 rsdp_phys=0x000000001fb7e014
GAXERA: MEMMAP_BEGIN count=34
GAXERA: MEMMAP_REGION index=0 start=0x0000000000000000 end=0x0000000000087000 len=0x0000000000087000 source_type=0 class=usable allocator=eligible reservation=none
GAXERA: MEMMAP_REGION index=1 start=0x0000000000087000 end=0x0000000000088000 len=0x0000000000001000 source_type=5 class=bootloader-reclaimable allocator=ineligible reservation=none
GAXERA: MEMMAP_REGION index=2 start=0x0000000000088000 end=0x00000000000a0000 len=0x0000000000018000 source_type=0 class=usable allocator=eligible reservation=none
GAXERA: MEMMAP_REGION index=3 start=0x0000000000100000 end=0x0000000000800000 len=0x0000000000700000 source_type=0 class=usable allocator=eligible reservation=none
GAXERA: MEMMAP_REGION index=4 start=0x0000000000800000 end=0x0000000000808000 len=0x0000000000008000 source_type=3 class=acpi-nvs allocator=ineligible reservation=none
GAXERA: MEMMAP_REGION index=5 start=0x0000000000808000 end=0x000000000080b000 len=0x0000000000003000 source_type=0 class=usable allocator=eligible reservation=none
GAXERA: MEMMAP_REGION index=6 start=0x000000000080b000 end=0x000000000080c000 len=0x0000000000001000 source_type=3 class=acpi-nvs allocator=ineligible reservation=none
GAXERA: MEMMAP_REGION index=7 start=0x000000000080c000 end=0x0000000000814000 len=0x0000000000008000 source_type=0 class=usable allocator=eligible reservation=none
GAXERA: MEMMAP_REGION index=8 start=0x0000000000814000 end=0x0000000000900000 len=0x00000000000ec000 source_type=3 class=acpi-nvs allocator=ineligible reservation=none
GAXERA: MEMMAP_REGION index=9 start=0x0000000000900000 end=0x0000000001780000 len=0x0000000000e80000 source_type=5 class=bootloader-reclaimable allocator=ineligible reservation=none
GAXERA: MEMMAP_REGION index=10 start=0x0000000001780000 end=0x0000000019158000 len=0x00000000179d8000 source_type=0 class=usable allocator=eligible reservation=none
GAXERA: MEMMAP_REGION index=11 start=0x0000000019158000 end=0x0000000019165000 len=0x000000000000d000 source_type=5 class=bootloader-reclaimable allocator=ineligible reservation=none
GAXERA: MEMMAP_REGION index=12 start=0x0000000019165000 end=0x0000000019413000 len=0x00000000002ae000 source_type=6 class=executable-and-modules allocator=ineligible reservation=none
GAXERA: MEMMAP_REGION index=13 start=0x0000000019413000 end=0x00000000196c1000 len=0x00000000002ae000 source_type=6 class=executable-and-modules allocator=ineligible reservation=none
GAXERA: MEMMAP_REGION index=14 start=0x00000000196c1000 end=0x0000000019a39000 len=0x0000000000378000 source_type=6 class=executable-and-modules allocator=ineligible reservation=none
GAXERA: MEMMAP_REGION index=15 start=0x0000000019a39000 end=0x0000000019b42000 len=0x0000000000109000 source_type=6 class=executable-and-modules allocator=ineligible reservation=none
GAXERA: MEMMAP_REGION index=16 start=0x0000000019b42000 end=0x000000001a66c000 len=0x0000000000b2a000 source_type=5 class=bootloader-reclaimable allocator=ineligible reservation=none
GAXERA: MEMMAP_REGION index=17 start=0x000000001a66c000 end=0x000000001bf6c000 len=0x0000000001900000 source_type=0 class=usable allocator=eligible reservation=none
GAXERA: MEMMAP_REGION index=18 start=0x000000001bf6c000 end=0x000000001bfaa000 len=0x000000000003e000 source_type=5 class=bootloader-reclaimable allocator=ineligible reservation=none
GAXERA: MEMMAP_REGION index=19 start=0x000000001bfaa000 end=0x000000001bfab000 len=0x0000000000001000 source_type=6 class=executable-and-modules allocator=ineligible reservation=none
GAXERA: MEMMAP_REGION index=20 start=0x000000001bfab000 end=0x000000001bfaf000 len=0x0000000000004000 source_type=5 class=bootloader-reclaimable allocator=ineligible reservation=none
GAXERA: MEMMAP_REGION index=21 start=0x000000001bfaf000 end=0x000000001e6a0000 len=0x00000000026f1000 source_type=0 class=usable allocator=eligible reservation=none
GAXERA: MEMMAP_REGION index=22 start=0x000000001e6a0000 end=0x000000001ed3f000 len=0x000000000069f000 source_type=5 class=bootloader-reclaimable allocator=ineligible reservation=none
GAXERA: MEMMAP_REGION index=23 start=0x000000001ed3f000 end=0x000000001ee00000 len=0x00000000000c1000 source_type=8 class=mapped-reserved allocator=ineligible reservation=none
GAXERA: MEMMAP_REGION index=24 start=0x000000001ee00000 end=0x000000001f8ed000 len=0x0000000000aed000 source_type=5 class=bootloader-reclaimable allocator=ineligible reservation=none
GAXERA: MEMMAP_REGION index=25 start=0x000000001f8ed000 end=0x000000001faed000 len=0x0000000000200000 source_type=8 class=mapped-reserved allocator=ineligible reservation=none
GAXERA: MEMMAP_REGION index=26 start=0x000000001faed000 end=0x000000001fb6d000 len=0x0000000000080000 source_type=1 class=reserved allocator=ineligible reservation=none
GAXERA: MEMMAP_REGION index=27 start=0x000000001fb6d000 end=0x000000001fb7f000 len=0x0000000000012000 source_type=2 class=acpi-reclaimable allocator=ineligible reservation=none
GAXERA: MEMMAP_REGION index=28 start=0x000000001fb7f000 end=0x000000001fbff000 len=0x0000000000080000 source_type=3 class=acpi-nvs allocator=ineligible reservation=none
GAXERA: MEMMAP_REGION index=29 start=0x000000001fbff000 end=0x000000001fef4000 len=0x00000000002f5000 source_type=5 class=bootloader-reclaimable allocator=ineligible reservation=none
GAXERA: MEMMAP_REGION index=30 start=0x000000001fef4000 end=0x000000001ff78000 len=0x0000000000084000 source_type=8 class=mapped-reserved allocator=ineligible reservation=none
GAXERA: MEMMAP_REGION index=31 start=0x000000001ff78000 end=0x0000000020000000 len=0x0000000000088000 source_type=3 class=acpi-nvs allocator=ineligible reservation=none
GAXERA: MEMMAP_REGION index=32 start=0x0000000080000000 end=0x00000000803e8000 len=0x00000000003e8000 source_type=7 class=framebuffer allocator=ineligible reservation=none
GAXERA: MEMMAP_REGION index=33 start=0x000000fd00000000 end=0x0000010000000000 len=0x0000000300000000 source_type=1 class=reserved allocator=ineligible reservation=none
GAXERA: MEMMAP_END
GAXERA: BOOTSTRAP_FRAME_ALLOCATOR_READY ranges=8
GAXERA: PAGING_HHDM_MAPPED
GAXERA: PAGING_TEXT_MAPPED
GAXERA: PAGING_FRAMEBUFFER_MAPPED
GAXERA: PAGE_TABLES_READY root=0x0000000000000000 reservations=3
GAXERA: CR3_GAXERA_OWNED
GAXERA: PHYSICAL_FRAME_ALLOCATOR_READY frames=115059 bitmap_words=1798
GAXERA: MEMORY_FOUNDATION_OK heap=0xfffffe8000001000 size=2097152 lower_guard=0xfffffe8000000000
GAXERA: KERNEL_ENTRY_OK
GAXERA: FRAMEBUFFER_OK (1280x800, pitch: 5120)
GAXERA: TEST_PATTERN_DRAWN
GAXERA: ACPI_MADT_READY local_apic_phys=0x00000000fee00000 override=false
GAXERA: ACPI_TEMPORARY_WINDOW_RELEASED
GAXERA: LOCAL_APIC_READY phys=0x00000000fee00000 vector=0xe0
GAXERA: PREEMPTION_TIMER_READY ticks_per_ms=64006
GAXERA: INIT_MODULE found at phys=0x00000000196c1000 size=3633328
GAXERA: KERNEL_STACK top=0xfffffe1000011000
GAXERA: USER_STACK phys=0x00000000003b3000
GAXERA: ENTER_USER_MODE entry=0x0000000000207f20 rsp=0x00007ffffffffff0 arg0=0x00007ffffffffff0
GAXERA: RING3_HEAP_TEST_SUCCESS
Guest-confirmed QEMU test passed.

--- Service Registry Test ---
=== Building Gaxera Kernel ISO ===
Compiling kernel binary...
    Finished `dev` profile [unoptimized + debuginfo] target(s) in 0.07s
Compiling guest binary (init)...
    Finished `dev` profile [unoptimized + debuginfo] target(s) in 0.03s
Assembling ISO directory structure...
Compiling ramfs binary...
    Finished `dev` profile [unoptimized + debuginfo] target(s) in 0.03s
Compiling script_session binary...
    Finished `dev` profile [unoptimized + debuginfo] target(s) in 0.03s
Packaging GaxFS ramfs.img...
Packaging bootable ISO image via xorriso...
xorriso 1.5.6 : RockRidge filesystem manipulator, libburnia project.

Drive current: -outdev 'stdio:target/gaxera.iso'
Media current: stdio file, overwriteable
Media status : is blank
Media summary: 0 sessions, 0 data blocks, 0 data,  943g free
Added to ISO image: directory '/'='/home/nyx/gaxera/target/iso_root'
xorriso : UPDATE :      16 files added in 1 seconds
xorriso : UPDATE :      16 files added in 1 seconds
ISO image produced: 12676 sectors
Written to medium : 12676 sectors at LBA 0
Writing to 'stdio:target/gaxera.iso' completed successfully.

Installing bootloader record sector...
Physical block size of 512 bytes.
Installing to GPT. Logical block size of 512 bytes.
Secondary header at LBA 0xc60f.
Secondary header valid.
Detected ISOHYBRID with a GUID partition table (GPT).
Converting to MBR for improved compatibility...
Conversion successful.
No active partition found, some systems may not boot.
Setting partition 1 as active to work around the issue...
Installing to MBR.
Stage 2 to be located at byte offset 0x200.
Reminder: Remember to copy the limine-bios.sys file in either
          the root, /boot, /limine, or /boot/limine directories of
          one of the partitions on the device, or boot will fail!
Limine BIOS stages installed successfully.
Gaxera packaging successfully compiled to target/gaxera.iso!
=== Launching QEMU Virtual Machine ===
OVMF UEFI firmware detected. Booting in UEFI mode.
Headless mode selected.
[2J[001;001H[=3h[2J[001;001H[2J[001;001H[8;056;240t[2J[001;001H[2J[001;001H[=3h[2J[001;001H[2J[001;001H[8;042;160t[2J[001;001HBdsDxe: loading Boot0002 "UEFI QEMU DVD-ROM QM00003 " from PciRoot(0x0)/Pci(0x1,0x1)/Ata(Secondary,Master,0x0)
BdsDxe: starting Boot0002 "UEFI QEMU DVD-ROM QM00003 " from PciRoot(0x0)/Pci(0x1,0x1)/Ata(Secondary,Master,0x0)
[001;001H[001;001H[001;001Hl[001;002Hi[001;003Hm[001;004Hi[001;005Hn[001;006He[001;007H:[001;008H [001;009HL[001;010Ho[001;011Ha[001;012Hd[001;013Hi[001;014Hn[001;015Hg[001;016H [001;017He[001;018Hx[001;019He[001;020Hc[001;021Hu[001;022Ht[001;023Ha[001;024Hb[001;025Hl[001;026He[001;027H [001;028H`[001;029Hb[001;030Ho[001;031Ho[001;032Ht[001;033H([001;034H)[001;035H:[001;036H/[001;037Hb[001;038Ho[001;039Ho[001;040Ht[001;041H/[001;042Hg[001;043Ha[001;044Hx[001;045He[001;046Hr[001;047Ha[001;048H.[001;049He[001;050Hl[001;051Hf[001;052H`[001;053H.[001;054H.[001;055H.[001;056H[001;001H[002;001Hl[002;002Hi[002;003Hm[002;004Hi[002;005Hn[002;006He[002;007H:[002;008H [002;009HL[002;010Ho[002;011Ha[002;012Hd[002;013Hi[002;014Hn[002;015Hg[002;016H [002;017Hm[002;018Ho[002;019Hd[002;020Hu[002;021Hl[002;022He[002;023H [002;024H`[002;025Hb[002;026Ho[002;027Ho[002;028Ht[002;029H([002;030H)[002;031H:[002;032H/[002;033Hb[002;034Ho[002;035Ho[002;036Ht[002;037H/[002;038Hi[002;039Hn[002;040Hi[002;041Ht[002;042H.[002;043He[002;044Hl[002;045Hf[002;046H`[002;047H.[002;048H.[002;049H.[002;050H[002;001H[003;001Hl[003;002Hi[003;003Hm[003;004Hi[003;005Hn[003;006He[003;007H:[003;008H [003;009HL[003;010Ho[003;011Ha[003;012Hd[003;013Hi[003;014Hn[003;015Hg[003;016H [003;017Hm[003;018Ho[003;019Hd[003;020Hu[003;021Hl[003;022He[003;023H [003;024H`[003;025Hb[003;026Ho[003;027Ho[003;028Ht[003;029H([003;030H)[003;031H:[003;032H/[003;033Hb[003;034Ho[003;035Ho[003;036Ht[003;037H/[003;038Hr[003;039Ha[003;040Hm[003;041Hf[003;042Hs[003;043H.[003;044He[003;045Hl[003;046Hf[003;047H`[003;048H.[003;049H.[003;050H.[003;051H[003;001H[004;001Hl[004;002Hi[004;003Hm[004;004Hi[004;005Hn[004;006He[004;007H:[004;008H [004;009HL[004;010Ho[004;011Ha[004;012Hd[004;013Hi[004;014Hn[004;015Hg[004;016H [004;017Hm[004;018Ho[004;019Hd[004;020Hu[004;021Hl[004;022He[004;023H [004;024H`[004;025Hb[004;026Ho[004;027Ho[004;028Ht[004;029H([004;030H)[004;031H:[004;032H/[004;033Hb[004;034Ho[004;035Ho[004;036Ht[004;037H/[004;038Hs[004;039Hc[004;040Hr[004;041Hi[004;042Hp[004;043Ht[004;044H_[004;045Hs[004;046He[004;047Hs[004;048Hs[004;049Hi[004;050Ho[004;051Hn[004;052H.[004;053He[004;054Hl[004;055Hf[004;056H`[004;057H.[004;058H.[004;059H.[004;060H[004;001H[005;001Hl[005;002Hi[005;003Hm[005;004Hi[005;005Hn[005;006He[005;007H:[005;008H [005;009HL[005;010Ho[005;011Ha[005;012Hd[005;013Hi[005;014Hn[005;015Hg[005;016H [005;017Hm[005;018Ho[005;019Hd[005;020Hu[005;021Hl[005;022He[005;023H [005;024H`[005;025Hb[005;026Ho[005;027Ho[005;028Ht[005;029H([005;030H)[005;031H:[005;032H/[005;033Hb[005;034Ho[005;035Ho[005;036Ht[005;037H/[005;038Hr[005;039Ha[005;040Hm[005;041Hf[005;042Hs[005;043H.[005;044Hi[005;045Hm[005;046Hg[005;047H`[005;048H.[005;049H.[005;050H.[005;051H[005;001H[006;001HGAXERA: BOOT_STACK_READY
GAXERA: DESCRIPTORS_AND_IDT_READY
GAXERA: BOOT_CONTEXT_READY kernel_phys=0x0000000019a62000 kernel_virt=0xffffffff80000000 rsdp_phys=0x000000001fb7e014
GAXERA: MEMMAP_BEGIN count=34
GAXERA: MEMMAP_REGION index=0 start=0x0000000000000000 end=0x0000000000087000 len=0x0000000000087000 source_type=0 class=usable allocator=eligible reservation=none
GAXERA: MEMMAP_REGION index=1 start=0x0000000000087000 end=0x0000000000088000 len=0x0000000000001000 source_type=5 class=bootloader-reclaimable allocator=ineligible reservation=none
GAXERA: MEMMAP_REGION index=2 start=0x0000000000088000 end=0x00000000000a0000 len=0x0000000000018000 source_type=0 class=usable allocator=eligible reservation=none
GAXERA: MEMMAP_REGION index=3 start=0x0000000000100000 end=0x0000000000800000 len=0x0000000000700000 source_type=0 class=usable allocator=eligible reservation=none
GAXERA: MEMMAP_REGION index=4 start=0x0000000000800000 end=0x0000000000808000 len=0x0000000000008000 source_type=3 class=acpi-nvs allocator=ineligible reservation=none
GAXERA: MEMMAP_REGION index=5 start=0x0000000000808000 end=0x000000000080b000 len=0x0000000000003000 source_type=0 class=usable allocator=eligible reservation=none
GAXERA: MEMMAP_REGION index=6 start=0x000000000080b000 end=0x000000000080c000 len=0x0000000000001000 source_type=3 class=acpi-nvs allocator=ineligible reservation=none
GAXERA: MEMMAP_REGION index=7 start=0x000000000080c000 end=0x0000000000814000 len=0x0000000000008000 source_type=0 class=usable allocator=eligible reservation=none
GAXERA: MEMMAP_REGION index=8 start=0x0000000000814000 end=0x0000000000900000 len=0x00000000000ec000 source_type=3 class=acpi-nvs allocator=ineligible reservation=none
GAXERA: MEMMAP_REGION index=9 start=0x0000000000900000 end=0x0000000001780000 len=0x0000000000e80000 source_type=5 class=bootloader-reclaimable allocator=ineligible reservation=none
GAXERA: MEMMAP_REGION index=10 start=0x0000000001780000 end=0x00000000190f8000 len=0x0000000017978000 source_type=0 class=usable allocator=eligible reservation=none
GAXERA: MEMMAP_REGION index=11 start=0x00000000190f8000 end=0x0000000019105000 len=0x000000000000d000 source_type=5 class=bootloader-reclaimable allocator=ineligible reservation=none
GAXERA: MEMMAP_REGION index=12 start=0x0000000019105000 end=0x00000000193b3000 len=0x00000000002ae000 source_type=6 class=executable-and-modules allocator=ineligible reservation=none
GAXERA: MEMMAP_REGION index=13 start=0x00000000193b3000 end=0x0000000019661000 len=0x00000000002ae000 source_type=6 class=executable-and-modules allocator=ineligible reservation=none
GAXERA: MEMMAP_REGION index=14 start=0x0000000019661000 end=0x0000000019a62000 len=0x0000000000401000 source_type=6 class=executable-and-modules allocator=ineligible reservation=none
GAXERA: MEMMAP_REGION index=15 start=0x0000000019a62000 end=0x0000000019b5c000 len=0x00000000000fa000 source_type=6 class=executable-and-modules allocator=ineligible reservation=none
GAXERA: MEMMAP_REGION index=16 start=0x0000000019b5c000 end=0x000000001a66c000 len=0x0000000000b10000 source_type=5 class=bootloader-reclaimable allocator=ineligible reservation=none
GAXERA: MEMMAP_REGION index=17 start=0x000000001a66c000 end=0x000000001bf6c000 len=0x0000000001900000 source_type=0 class=usable allocator=eligible reservation=none
GAXERA: MEMMAP_REGION index=18 start=0x000000001bf6c000 end=0x000000001bfaa000 len=0x000000000003e000 source_type=5 class=bootloader-reclaimable allocator=ineligible reservation=none
GAXERA: MEMMAP_REGION index=19 start=0x000000001bfaa000 end=0x000000001bfab000 len=0x0000000000001000 source_type=6 class=executable-and-modules allocator=ineligible reservation=none
GAXERA: MEMMAP_REGION index=20 start=0x000000001bfab000 end=0x000000001bfaf000 len=0x0000000000004000 source_type=5 class=bootloader-reclaimable allocator=ineligible reservation=none
GAXERA: MEMMAP_REGION index=21 start=0x000000001bfaf000 end=0x000000001e6a0000 len=0x00000000026f1000 source_type=0 class=usable allocator=eligible reservation=none
GAXERA: MEMMAP_REGION index=22 start=0x000000001e6a0000 end=0x000000001ed3f000 len=0x000000000069f000 source_type=5 class=bootloader-reclaimable allocator=ineligible reservation=none
GAXERA: MEMMAP_REGION index=23 start=0x000000001ed3f000 end=0x000000001ee00000 len=0x00000000000c1000 source_type=8 class=mapped-reserved allocator=ineligible reservation=none
GAXERA: MEMMAP_REGION index=24 start=0x000000001ee00000 end=0x000000001f8ed000 len=0x0000000000aed000 source_type=5 class=bootloader-reclaimable allocator=ineligible reservation=none
GAXERA: MEMMAP_REGION index=25 start=0x000000001f8ed000 end=0x000000001faed000 len=0x0000000000200000 source_type=8 class=mapped-reserved allocator=ineligible reservation=none
GAXERA: MEMMAP_REGION index=26 start=0x000000001faed000 end=0x000000001fb6d000 len=0x0000000000080000 source_type=1 class=reserved allocator=ineligible reservation=none
GAXERA: MEMMAP_REGION index=27 start=0x000000001fb6d000 end=0x000000001fb7f000 len=0x0000000000012000 source_type=2 class=acpi-reclaimable allocator=ineligible reservation=none
GAXERA: MEMMAP_REGION index=28 start=0x000000001fb7f000 end=0x000000001fbff000 len=0x0000000000080000 source_type=3 class=acpi-nvs allocator=ineligible reservation=none
GAXERA: MEMMAP_REGION index=29 start=0x000000001fbff000 end=0x000000001fef4000 len=0x00000000002f5000 source_type=5 class=bootloader-reclaimable allocator=ineligible reservation=none
GAXERA: MEMMAP_REGION index=30 start=0x000000001fef4000 end=0x000000001ff78000 len=0x0000000000084000 source_type=8 class=mapped-reserved allocator=ineligible reservation=none
GAXERA: MEMMAP_REGION index=31 start=0x000000001ff78000 end=0x0000000020000000 len=0x0000000000088000 source_type=3 class=acpi-nvs allocator=ineligible reservation=none
GAXERA: MEMMAP_REGION index=32 start=0x0000000080000000 end=0x00000000803e8000 len=0x00000000003e8000 source_type=7 class=framebuffer allocator=ineligible reservation=none
GAXERA: MEMMAP_REGION index=33 start=0x000000fd00000000 end=0x0000010000000000 len=0x0000000300000000 source_type=1 class=reserved allocator=ineligible reservation=none
GAXERA: MEMMAP_END
GAXERA: BOOTSTRAP_FRAME_ALLOCATOR_READY ranges=8
GAXERA: PAGING_HHDM_MAPPED
GAXERA: PAGING_TEXT_MAPPED
GAXERA: PAGING_FRAMEBUFFER_MAPPED
GAXERA: PAGE_TABLES_READY root=0x0000000000000000 reservations=3
GAXERA: CR3_GAXERA_OWNED
GAXERA: PHYSICAL_FRAME_ALLOCATOR_READY frames=114963 bitmap_words=1797
GAXERA: MEMORY_FOUNDATION_OK heap=0xfffffe8000001000 size=2097152 lower_guard=0xfffffe8000000000
GAXERA: KERNEL_ENTRY_OK
GAXERA: FRAMEBUFFER_OK (1280x800, pitch: 5120)
GAXERA: TEST_PATTERN_DRAWN
GAXERA: ACPI_MADT_READY local_apic_phys=0x00000000fee00000 override=false
GAXERA: ACPI_TEMPORARY_WINDOW_RELEASED
GAXERA: LOCAL_APIC_READY phys=0x00000000fee00000 vector=0xe0
GAXERA: PREEMPTION_TIMER_READY ticks_per_ms=63070
GAXERA: SERVICE_REGISTRY_TEST_START
GAXERA: SERVICE_REGISTRY_OK
Guest-confirmed QEMU test passed.

--- IPC Fast-Path Benchmark ---
=== Building Gaxera Kernel ISO ===
Compiling kernel binary...
    Finished `dev` profile [unoptimized + debuginfo] target(s) in 0.04s
Compiling guest binary (init)...
    Finished `dev` profile [unoptimized + debuginfo] target(s) in 0.03s
Assembling ISO directory structure...
Compiling ramfs binary...
    Finished `dev` profile [unoptimized + debuginfo] target(s) in 0.03s
Compiling script_session binary...
    Finished `dev` profile [unoptimized + debuginfo] target(s) in 0.03s
Packaging GaxFS ramfs.img...
Packaging bootable ISO image via xorriso...
xorriso 1.5.6 : RockRidge filesystem manipulator, libburnia project.

Drive current: -outdev 'stdio:target/gaxera.iso'
Media current: stdio file, overwriteable
Media status : is blank
Media summary: 0 sessions, 0 data blocks, 0 data,  943g free
Added to ISO image: directory '/'='/home/nyx/gaxera/target/iso_root'
xorriso : UPDATE :      16 files added in 1 seconds
xorriso : UPDATE :      16 files added in 1 seconds
ISO image produced: 12667 sectors
Written to medium : 12667 sectors at LBA 0
Writing to 'stdio:target/gaxera.iso' completed successfully.

Installing bootloader record sector...
Physical block size of 512 bytes.
Installing to GPT. Logical block size of 512 bytes.
Secondary header at LBA 0xc5eb.
Secondary header valid.
Detected ISOHYBRID with a GUID partition table (GPT).
Converting to MBR for improved compatibility...
Conversion successful.
No active partition found, some systems may not boot.
Setting partition 1 as active to work around the issue...
Installing to MBR.
Stage 2 to be located at byte offset 0x200.
Reminder: Remember to copy the limine-bios.sys file in either
          the root, /boot, /limine, or /boot/limine directories of
          one of the partitions on the device, or boot will fail!
Limine BIOS stages installed successfully.
Gaxera packaging successfully compiled to target/gaxera.iso!
=== Launching QEMU Virtual Machine ===
OVMF UEFI firmware detected. Booting in UEFI mode.
Headless mode selected.
[2J[001;001H[=3h[2J[001;001H[2J[001;001H[8;056;240t[2J[001;001H[2J[001;001H[=3h[2J[001;001H[2J[001;001H[8;042;160t[2J[001;001HBdsDxe: loading Boot0002 "UEFI QEMU DVD-ROM QM00003 " from PciRoot(0x0)/Pci(0x1,0x1)/Ata(Secondary,Master,0x0)
BdsDxe: starting Boot0002 "UEFI QEMU DVD-ROM QM00003 " from PciRoot(0x0)/Pci(0x1,0x1)/Ata(Secondary,Master,0x0)
[001;001H[001;001H[001;001Hl[001;002Hi[001;003Hm[001;004Hi[001;005Hn[001;006He[001;007H:[001;008H [001;009HL[001;010Ho[001;011Ha[001;012Hd[001;013Hi[001;014Hn[001;015Hg[001;016H [001;017He[001;018Hx[001;019He[001;020Hc[001;021Hu[001;022Ht[001;023Ha[001;024Hb[001;025Hl[001;026He[001;027H [001;028H`[001;029Hb[001;030Ho[001;031Ho[001;032Ht[001;033H([001;034H)[001;035H:[001;036H/[001;037Hb[001;038Ho[001;039Ho[001;040Ht[001;041H/[001;042Hg[001;043Ha[001;044Hx[001;045He[001;046Hr[001;047Ha[001;048H.[001;049He[001;050Hl[001;051Hf[001;052H`[001;053H.[001;054H.[001;055H.[001;056H[001;001H[002;001Hl[002;002Hi[002;003Hm[002;004Hi[002;005Hn[002;006He[002;007H:[002;008H [002;009HL[002;010Ho[002;011Ha[002;012Hd[002;013Hi[002;014Hn[002;015Hg[002;016H [002;017Hm[002;018Ho[002;019Hd[002;020Hu[002;021Hl[002;022He[002;023H [002;024H`[002;025Hb[002;026Ho[002;027Ho[002;028Ht[002;029H([002;030H)[002;031H:[002;032H/[002;033Hb[002;034Ho[002;035Ho[002;036Ht[002;037H/[002;038Hi[002;039Hn[002;040Hi[002;041Ht[002;042H.[002;043He[002;044Hl[002;045Hf[002;046H`[002;047H.[002;048H.[002;049H.[002;050H[002;001H[003;001Hl[003;002Hi[003;003Hm[003;004Hi[003;005Hn[003;006He[003;007H:[003;008H [003;009HL[003;010Ho[003;011Ha[003;012Hd[003;013Hi[003;014Hn[003;015Hg[003;016H [003;017Hm[003;018Ho[003;019Hd[003;020Hu[003;021Hl[003;022He[003;023H [003;024H`[003;025Hb[003;026Ho[003;027Ho[003;028Ht[003;029H([003;030H)[003;031H:[003;032H/[003;033Hb[003;034Ho[003;035Ho[003;036Ht[003;037H/[003;038Hr[003;039Ha[003;040Hm[003;041Hf[003;042Hs[003;043H.[003;044He[003;045Hl[003;046Hf[003;047H`[003;048H.[003;049H.[003;050H.[003;051H[003;001H[004;001Hl[004;002Hi[004;003Hm[004;004Hi[004;005Hn[004;006He[004;007H:[004;008H [004;009HL[004;010Ho[004;011Ha[004;012Hd[004;013Hi[004;014Hn[004;015Hg[004;016H [004;017Hm[004;018Ho[004;019Hd[004;020Hu[004;021Hl[004;022He[004;023H [004;024H`[004;025Hb[004;026Ho[004;027Ho[004;028Ht[004;029H([004;030H)[004;031H:[004;032H/[004;033Hb[004;034Ho[004;035Ho[004;036Ht[004;037H/[004;038Hs[004;039Hc[004;040Hr[004;041Hi[004;042Hp[004;043Ht[004;044H_[004;045Hs[004;046He[004;047Hs[004;048Hs[004;049Hi[004;050Ho[004;051Hn[004;052H.[004;053He[004;054Hl[004;055Hf[004;056H`[004;057H.[004;058H.[004;059H.[004;060H[004;001H[005;001Hl[005;002Hi[005;003Hm[005;004Hi[005;005Hn[005;006He[005;007H:[005;008H [005;009HL[005;010Ho[005;011Ha[005;012Hd[005;013Hi[005;014Hn[005;015Hg[005;016H [005;017Hm[005;018Ho[005;019Hd[005;020Hu[005;021Hl[005;022He[005;023H [005;024H`[005;025Hb[005;026Ho[005;027Ho[005;028Ht[005;029H([005;030H)[005;031H:[005;032H/[005;033Hb[005;034Ho[005;035Ho[005;036Ht[005;037H/[005;038Hr[005;039Ha[005;040Hm[005;041Hf[005;042Hs[005;043H.[005;044Hi[005;045Hm[005;046Hg[005;047H`[005;048H.[005;049H.[005;050H.[005;051H[005;001H[006;001HGAXERA: BOOT_STACK_READY
GAXERA: DESCRIPTORS_AND_IDT_READY
GAXERA: BOOT_CONTEXT_READY kernel_phys=0x0000000019a67000 kernel_virt=0xffffffff80000000 rsdp_phys=0x000000001fb7e014
GAXERA: MEMMAP_BEGIN count=34
GAXERA: MEMMAP_REGION index=0 start=0x0000000000000000 end=0x0000000000087000 len=0x0000000000087000 source_type=0 class=usable allocator=eligible reservation=none
GAXERA: MEMMAP_REGION index=1 start=0x0000000000087000 end=0x0000000000088000 len=0x0000000000001000 source_type=5 class=bootloader-reclaimable allocator=ineligible reservation=none
GAXERA: MEMMAP_REGION index=2 start=0x0000000000088000 end=0x00000000000a0000 len=0x0000000000018000 source_type=0 class=usable allocator=eligible reservation=none
GAXERA: MEMMAP_REGION index=3 start=0x0000000000100000 end=0x0000000000800000 len=0x0000000000700000 source_type=0 class=usable allocator=eligible reservation=none
GAXERA: MEMMAP_REGION index=4 start=0x0000000000800000 end=0x0000000000808000 len=0x0000000000008000 source_type=3 class=acpi-nvs allocator=ineligible reservation=none
GAXERA: MEMMAP_REGION index=5 start=0x0000000000808000 end=0x000000000080b000 len=0x0000000000003000 source_type=0 class=usable allocator=eligible reservation=none
GAXERA: MEMMAP_REGION index=6 start=0x000000000080b000 end=0x000000000080c000 len=0x0000000000001000 source_type=3 class=acpi-nvs allocator=ineligible reservation=none
GAXERA: MEMMAP_REGION index=7 start=0x000000000080c000 end=0x0000000000814000 len=0x0000000000008000 source_type=0 class=usable allocator=eligible reservation=none
GAXERA: MEMMAP_REGION index=8 start=0x0000000000814000 end=0x0000000000900000 len=0x00000000000ec000 source_type=3 class=acpi-nvs allocator=ineligible reservation=none
GAXERA: MEMMAP_REGION index=9 start=0x0000000000900000 end=0x0000000001780000 len=0x0000000000e80000 source_type=5 class=bootloader-reclaimable allocator=ineligible reservation=none
GAXERA: MEMMAP_REGION index=10 start=0x0000000001780000 end=0x00000000190fd000 len=0x000000001797d000 source_type=0 class=usable allocator=eligible reservation=none
GAXERA: MEMMAP_REGION index=11 start=0x00000000190fd000 end=0x000000001910a000 len=0x000000000000d000 source_type=5 class=bootloader-reclaimable allocator=ineligible reservation=none
GAXERA: MEMMAP_REGION index=12 start=0x000000001910a000 end=0x00000000193b8000 len=0x00000000002ae000 source_type=6 class=executable-and-modules allocator=ineligible reservation=none
GAXERA: MEMMAP_REGION index=13 start=0x00000000193b8000 end=0x0000000019666000 len=0x00000000002ae000 source_type=6 class=executable-and-modules allocator=ineligible reservation=none
GAXERA: MEMMAP_REGION index=14 start=0x0000000019666000 end=0x0000000019a67000 len=0x0000000000401000 source_type=6 class=executable-and-modules allocator=ineligible reservation=none
GAXERA: MEMMAP_REGION index=15 start=0x0000000019a67000 end=0x0000000019b61000 len=0x00000000000fa000 source_type=6 class=executable-and-modules allocator=ineligible reservation=none
GAXERA: MEMMAP_REGION index=16 start=0x0000000019b61000 end=0x000000001a66c000 len=0x0000000000b0b000 source_type=5 class=bootloader-reclaimable allocator=ineligible reservation=none
GAXERA: MEMMAP_REGION index=17 start=0x000000001a66c000 end=0x000000001bf6c000 len=0x0000000001900000 source_type=0 class=usable allocator=eligible reservation=none
GAXERA: MEMMAP_REGION index=18 start=0x000000001bf6c000 end=0x000000001bfaa000 len=0x000000000003e000 source_type=5 class=bootloader-reclaimable allocator=ineligible reservation=none
GAXERA: MEMMAP_REGION index=19 start=0x000000001bfaa000 end=0x000000001bfab000 len=0x0000000000001000 source_type=6 class=executable-and-modules allocator=ineligible reservation=none
GAXERA: MEMMAP_REGION index=20 start=0x000000001bfab000 end=0x000000001bfaf000 len=0x0000000000004000 source_type=5 class=bootloader-reclaimable allocator=ineligible reservation=none
GAXERA: MEMMAP_REGION index=21 start=0x000000001bfaf000 end=0x000000001e6a0000 len=0x00000000026f1000 source_type=0 class=usable allocator=eligible reservation=none
GAXERA: MEMMAP_REGION index=22 start=0x000000001e6a0000 end=0x000000001ed3f000 len=0x000000000069f000 source_type=5 class=bootloader-reclaimable allocator=ineligible reservation=none
GAXERA: MEMMAP_REGION index=23 start=0x000000001ed3f000 end=0x000000001ee00000 len=0x00000000000c1000 source_type=8 class=mapped-reserved allocator=ineligible reservation=none
GAXERA: MEMMAP_REGION index=24 start=0x000000001ee00000 end=0x000000001f8ed000 len=0x0000000000aed000 source_type=5 class=bootloader-reclaimable allocator=ineligible reservation=none
GAXERA: MEMMAP_REGION index=25 start=0x000000001f8ed000 end=0x000000001faed000 len=0x0000000000200000 source_type=8 class=mapped-reserved allocator=ineligible reservation=none
GAXERA: MEMMAP_REGION index=26 start=0x000000001faed000 end=0x000000001fb6d000 len=0x0000000000080000 source_type=1 class=reserved allocator=ineligible reservation=none
GAXERA: MEMMAP_REGION index=27 start=0x000000001fb6d000 end=0x000000001fb7f000 len=0x0000000000012000 source_type=2 class=acpi-reclaimable allocator=ineligible reservation=none
GAXERA: MEMMAP_REGION index=28 start=0x000000001fb7f000 end=0x000000001fbff000 len=0x0000000000080000 source_type=3 class=acpi-nvs allocator=ineligible reservation=none
GAXERA: MEMMAP_REGION index=29 start=0x000000001fbff000 end=0x000000001fef4000 len=0x00000000002f5000 source_type=5 class=bootloader-reclaimable allocator=ineligible reservation=none
GAXERA: MEMMAP_REGION index=30 start=0x000000001fef4000 end=0x000000001ff78000 len=0x0000000000084000 source_type=8 class=mapped-reserved allocator=ineligible reservation=none
GAXERA: MEMMAP_REGION index=31 start=0x000000001ff78000 end=0x0000000020000000 len=0x0000000000088000 source_type=3 class=acpi-nvs allocator=ineligible reservation=none
GAXERA: MEMMAP_REGION index=32 start=0x0000000080000000 end=0x00000000803e8000 len=0x00000000003e8000 source_type=7 class=framebuffer allocator=ineligible reservation=none
GAXERA: MEMMAP_REGION index=33 start=0x000000fd00000000 end=0x0000010000000000 len=0x0000000300000000 source_type=1 class=reserved allocator=ineligible reservation=none
GAXERA: MEMMAP_END
GAXERA: BOOTSTRAP_FRAME_ALLOCATOR_READY ranges=8
GAXERA: PAGING_HHDM_MAPPED
GAXERA: PAGING_TEXT_MAPPED
GAXERA: PAGING_FRAMEBUFFER_MAPPED
GAXERA: PAGE_TABLES_READY root=0x0000000000000000 reservations=3
GAXERA: CR3_GAXERA_OWNED
GAXERA: PHYSICAL_FRAME_ALLOCATOR_READY frames=114968 bitmap_words=1797
GAXERA: MEMORY_FOUNDATION_OK heap=0xfffffe8000001000 size=2097152 lower_guard=0xfffffe8000000000
GAXERA: KERNEL_ENTRY_OK
GAXERA: FRAMEBUFFER_OK (1280x800, pitch: 5120)
GAXERA: TEST_PATTERN_DRAWN
GAXERA: ACPI_MADT_READY local_apic_phys=0x00000000fee00000 override=false
GAXERA: ACPI_TEMPORARY_WINDOW_RELEASED
GAXERA: LOCAL_APIC_READY phys=0x00000000fee00000 vector=0xe0
GAXERA: PREEMPTION_TIMER_READY ticks_per_ms=63362
GAXERA: IPC_BENCHMARK_TEST_START
GAXERA: IPC_BENCHMARK_METRICS min_cycles=176 avg_cycles=275 max_cycles=64138
GAXERA: IPC_BENCHMARK_OK
Guest-confirmed QEMU test passed.

--- Hardware Exceptions ---
=== Building Gaxera Kernel ISO ===
Compiling kernel binary...
    Finished `dev` profile [unoptimized + debuginfo] target(s) in 0.04s
Compiling guest binary (init)...
    Finished `dev` profile [unoptimized + debuginfo] target(s) in 0.03s
Assembling ISO directory structure...
Compiling ramfs binary...
    Finished `dev` profile [unoptimized + debuginfo] target(s) in 0.03s
Compiling script_session binary...
    Finished `dev` profile [unoptimized + debuginfo] target(s) in 0.03s
Packaging GaxFS ramfs.img...
Packaging bootable ISO image via xorriso...
xorriso 1.5.6 : RockRidge filesystem manipulator, libburnia project.

Drive current: -outdev 'stdio:target/gaxera.iso'
Media current: stdio file, overwriteable
Media status : is blank
Media summary: 0 sessions, 0 data blocks, 0 data,  943g free
Added to ISO image: directory '/'='/home/nyx/gaxera/target/iso_root'
xorriso : UPDATE :      16 files added in 1 seconds
xorriso : UPDATE :      16 files added in 1 seconds
ISO image produced: 12570 sectors
Written to medium : 12570 sectors at LBA 0
Writing to 'stdio:target/gaxera.iso' completed successfully.

Installing bootloader record sector...
Physical block size of 512 bytes.
Installing to GPT. Logical block size of 512 bytes.
Secondary header at LBA 0xc467.
Secondary header valid.
Detected ISOHYBRID with a GUID partition table (GPT).
Converting to MBR for improved compatibility...
Conversion successful.
No active partition found, some systems may not boot.
Setting partition 1 as active to work around the issue...
Installing to MBR.
Stage 2 to be located at byte offset 0x200.
Reminder: Remember to copy the limine-bios.sys file in either
          the root, /boot, /limine, or /boot/limine directories of
          one of the partitions on the device, or boot will fail!
Limine BIOS stages installed successfully.
Gaxera packaging successfully compiled to target/gaxera.iso!
=== Launching QEMU Virtual Machine ===
OVMF UEFI firmware detected. Booting in UEFI mode.
Headless mode selected.
[2J[001;001H[=3h[2J[001;001H[2J[001;001H[8;056;240t[2J[001;001H[2J[001;001H[=3h[2J[001;001H[2J[001;001H[8;042;160t[2J[001;001HBdsDxe: loading Boot0002 "UEFI QEMU DVD-ROM QM00003 " from PciRoot(0x0)/Pci(0x1,0x1)/Ata(Secondary,Master,0x0)
BdsDxe: starting Boot0002 "UEFI QEMU DVD-ROM QM00003 " from PciRoot(0x0)/Pci(0x1,0x1)/Ata(Secondary,Master,0x0)
[001;001H[001;001H[001;001Hl[001;002Hi[001;003Hm[001;004Hi[001;005Hn[001;006He[001;007H:[001;008H [001;009HL[001;010Ho[001;011Ha[001;012Hd[001;013Hi[001;014Hn[001;015Hg[001;016H [001;017He[001;018Hx[001;019He[001;020Hc[001;021Hu[001;022Ht[001;023Ha[001;024Hb[001;025Hl[001;026He[001;027H [001;028H`[001;029Hb[001;030Ho[001;031Ho[001;032Ht[001;033H([001;034H)[001;035H:[001;036H/[001;037Hb[001;038Ho[001;039Ho[001;040Ht[001;041H/[001;042Hg[001;043Ha[001;044Hx[001;045He[001;046Hr[001;047Ha[001;048H.[001;049He[001;050Hl[001;051Hf[001;052H`[001;053H.[001;054H.[001;055H.[001;056H[001;001H[002;001Hl[002;002Hi[002;003Hm[002;004Hi[002;005Hn[002;006He[002;007H:[002;008H [002;009HL[002;010Ho[002;011Ha[002;012Hd[002;013Hi[002;014Hn[002;015Hg[002;016H [002;017Hm[002;018Ho[002;019Hd[002;020Hu[002;021Hl[002;022He[002;023H [002;024H`[002;025Hb[002;026Ho[002;027Ho[002;028Ht[002;029H([002;030H)[002;031H:[002;032H/[002;033Hb[002;034Ho[002;035Ho[002;036Ht[002;037H/[002;038Hi[002;039Hn[002;040Hi[002;041Ht[002;042H.[002;043He[002;044Hl[002;045Hf[002;046H`[002;047H.[002;048H.[002;049H.[002;050H[002;001H[003;001Hl[003;002Hi[003;003Hm[003;004Hi[003;005Hn[003;006He[003;007H:[003;008H [003;009HL[003;010Ho[003;011Ha[003;012Hd[003;013Hi[003;014Hn[003;015Hg[003;016H [003;017Hm[003;018Ho[003;019Hd[003;020Hu[003;021Hl[003;022He[003;023H [003;024H`[003;025Hb[003;026Ho[003;027Ho[003;028Ht[003;029H([003;030H)[003;031H:[003;032H/[003;033Hb[003;034Ho[003;035Ho[003;036Ht[003;037H/[003;038Hr[003;039Ha[003;040Hm[003;041Hf[003;042Hs[003;043H.[003;044He[003;045Hl[003;046Hf[003;047H`[003;048H.[003;049H.[003;050H.[003;051H[003;001H[004;001Hl[004;002Hi[004;003Hm[004;004Hi[004;005Hn[004;006He[004;007H:[004;008H [004;009HL[004;010Ho[004;011Ha[004;012Hd[004;013Hi[004;014Hn[004;015Hg[004;016H [004;017Hm[004;018Ho[004;019Hd[004;020Hu[004;021Hl[004;022He[004;023H [004;024H`[004;025Hb[004;026Ho[004;027Ho[004;028Ht[004;029H([004;030H)[004;031H:[004;032H/[004;033Hb[004;034Ho[004;035Ho[004;036Ht[004;037H/[004;038Hs[004;039Hc[004;040Hr[004;041Hi[004;042Hp[004;043Ht[004;044H_[004;045Hs[004;046He[004;047Hs[004;048Hs[004;049Hi[004;050Ho[004;051Hn[004;052H.[004;053He[004;054Hl[004;055Hf[004;056H`[004;057H.[004;058H.[004;059H.[004;060H[004;001H[005;001Hl[005;002Hi[005;003Hm[005;004Hi[005;005Hn[005;006He[005;007H:[005;008H [005;009HL[005;010Ho[005;011Ha[005;012Hd[005;013Hi[005;014Hn[005;015Hg[005;016H [005;017Hm[005;018Ho[005;019Hd[005;020Hu[005;021Hl[005;022He[005;023H [005;024H`[005;025Hb[005;026Ho[005;027Ho[005;028Ht[005;029H([005;030H)[005;031H:[005;032H/[005;033Hb[005;034Ho[005;035Ho[005;036Ht[005;037H/[005;038Hr[005;039Ha[005;040Hm[005;041Hf[005;042Hs[005;043H.[005;044Hi[005;045Hm[005;046Hg[005;047H`[005;048H.[005;049H.[005;050H.[005;051H[005;001H[006;001HGAXERA: BOOT_STACK_READY
GAXERA: DESCRIPTORS_AND_IDT_READY
GAXERA: BOOT_CONTEXT_READY kernel_phys=0x0000000019aa3000 kernel_virt=0xffffffff80000000 rsdp_phys=0x000000001fb7e014
GAXERA: MEMMAP_BEGIN count=34
GAXERA: MEMMAP_REGION index=0 start=0x0000000000000000 end=0x0000000000087000 len=0x0000000000087000 source_type=0 class=usable allocator=eligible reservation=none
GAXERA: MEMMAP_REGION index=1 start=0x0000000000087000 end=0x0000000000088000 len=0x0000000000001000 source_type=5 class=bootloader-reclaimable allocator=ineligible reservation=none
GAXERA: MEMMAP_REGION index=2 start=0x0000000000088000 end=0x00000000000a0000 len=0x0000000000018000 source_type=0 class=usable allocator=eligible reservation=none
GAXERA: MEMMAP_REGION index=3 start=0x0000000000100000 end=0x0000000000800000 len=0x0000000000700000 source_type=0 class=usable allocator=eligible reservation=none
GAXERA: MEMMAP_REGION index=4 start=0x0000000000800000 end=0x0000000000808000 len=0x0000000000008000 source_type=3 class=acpi-nvs allocator=ineligible reservation=none
GAXERA: MEMMAP_REGION index=5 start=0x0000000000808000 end=0x000000000080b000 len=0x0000000000003000 source_type=0 class=usable allocator=eligible reservation=none
GAXERA: MEMMAP_REGION index=6 start=0x000000000080b000 end=0x000000000080c000 len=0x0000000000001000 source_type=3 class=acpi-nvs allocator=ineligible reservation=none
GAXERA: MEMMAP_REGION index=7 start=0x000000000080c000 end=0x0000000000814000 len=0x0000000000008000 source_type=0 class=usable allocator=eligible reservation=none
GAXERA: MEMMAP_REGION index=8 start=0x0000000000814000 end=0x0000000000900000 len=0x00000000000ec000 source_type=3 class=acpi-nvs allocator=ineligible reservation=none
GAXERA: MEMMAP_REGION index=9 start=0x0000000000900000 end=0x0000000001780000 len=0x0000000000e80000 source_type=5 class=bootloader-reclaimable allocator=ineligible reservation=none
GAXERA: MEMMAP_REGION index=10 start=0x0000000001780000 end=0x0000000019139000 len=0x00000000179b9000 source_type=0 class=usable allocator=eligible reservation=none
GAXERA: MEMMAP_REGION index=11 start=0x0000000019139000 end=0x0000000019146000 len=0x000000000000d000 source_type=5 class=bootloader-reclaimable allocator=ineligible reservation=none
GAXERA: MEMMAP_REGION index=12 start=0x0000000019146000 end=0x00000000193f4000 len=0x00000000002ae000 source_type=6 class=executable-and-modules allocator=ineligible reservation=none
GAXERA: MEMMAP_REGION index=13 start=0x00000000193f4000 end=0x00000000196a2000 len=0x00000000002ae000 source_type=6 class=executable-and-modules allocator=ineligible reservation=none
GAXERA: MEMMAP_REGION index=14 start=0x00000000196a2000 end=0x0000000019aa3000 len=0x0000000000401000 source_type=6 class=executable-and-modules allocator=ineligible reservation=none
GAXERA: MEMMAP_REGION index=15 start=0x0000000019aa3000 end=0x0000000019b91000 len=0x00000000000ee000 source_type=6 class=executable-and-modules allocator=ineligible reservation=none
GAXERA: MEMMAP_REGION index=16 start=0x0000000019b91000 end=0x000000001a66c000 len=0x0000000000adb000 source_type=5 class=bootloader-reclaimable allocator=ineligible reservation=none
GAXERA: MEMMAP_REGION index=17 start=0x000000001a66c000 end=0x000000001bf6c000 len=0x0000000001900000 source_type=0 class=usable allocator=eligible reservation=none
GAXERA: MEMMAP_REGION index=18 start=0x000000001bf6c000 end=0x000000001bfaa000 len=0x000000000003e000 source_type=5 class=bootloader-reclaimable allocator=ineligible reservation=none
GAXERA: MEMMAP_REGION index=19 start=0x000000001bfaa000 end=0x000000001bfab000 len=0x0000000000001000 source_type=6 class=executable-and-modules allocator=ineligible reservation=none
GAXERA: MEMMAP_REGION index=20 start=0x000000001bfab000 end=0x000000001bfaf000 len=0x0000000000004000 source_type=5 class=bootloader-reclaimable allocator=ineligible reservation=none
GAXERA: MEMMAP_REGION index=21 start=0x000000001bfaf000 end=0x000000001e6a0000 len=0x00000000026f1000 source_type=0 class=usable allocator=eligible reservation=none
GAXERA: MEMMAP_REGION index=22 start=0x000000001e6a0000 end=0x000000001ed3f000 len=0x000000000069f000 source_type=5 class=bootloader-reclaimable allocator=ineligible reservation=none
GAXERA: MEMMAP_REGION index=23 start=0x000000001ed3f000 end=0x000000001ee00000 len=0x00000000000c1000 source_type=8 class=mapped-reserved allocator=ineligible reservation=none
GAXERA: MEMMAP_REGION index=24 start=0x000000001ee00000 end=0x000000001f8ed000 len=0x0000000000aed000 source_type=5 class=bootloader-reclaimable allocator=ineligible reservation=none
GAXERA: MEMMAP_REGION index=25 start=0x000000001f8ed000 end=0x000000001faed000 len=0x0000000000200000 source_type=8 class=mapped-reserved allocator=ineligible reservation=none
GAXERA: MEMMAP_REGION index=26 start=0x000000001faed000 end=0x000000001fb6d000 len=0x0000000000080000 source_type=1 class=reserved allocator=ineligible reservation=none
GAXERA: MEMMAP_REGION index=27 start=0x000000001fb6d000 end=0x000000001fb7f000 len=0x0000000000012000 source_type=2 class=acpi-reclaimable allocator=ineligible reservation=none
GAXERA: MEMMAP_REGION index=28 start=0x000000001fb7f000 end=0x000000001fbff000 len=0x0000000000080000 source_type=3 class=acpi-nvs allocator=ineligible reservation=none
GAXERA: MEMMAP_REGION index=29 start=0x000000001fbff000 end=0x000000001fef4000 len=0x00000000002f5000 source_type=5 class=bootloader-reclaimable allocator=ineligible reservation=none
GAXERA: MEMMAP_REGION index=30 start=0x000000001fef4000 end=0x000000001ff78000 len=0x0000000000084000 source_type=8 class=mapped-reserved allocator=ineligible reservation=none
GAXERA: MEMMAP_REGION index=31 start=0x000000001ff78000 end=0x0000000020000000 len=0x0000000000088000 source_type=3 class=acpi-nvs allocator=ineligible reservation=none
GAXERA: MEMMAP_REGION index=32 start=0x0000000080000000 end=0x00000000803e8000 len=0x00000000003e8000 source_type=7 class=framebuffer allocator=ineligible reservation=none
GAXERA: MEMMAP_REGION index=33 start=0x000000fd00000000 end=0x0000010000000000 len=0x0000000300000000 source_type=1 class=reserved allocator=ineligible reservation=none
GAXERA: MEMMAP_END
GAXERA: BOOTSTRAP_FRAME_ALLOCATOR_READY ranges=8
GAXERA: PAGING_HHDM_MAPPED
GAXERA: PAGING_TEXT_MAPPED
GAXERA: PAGING_FRAMEBUFFER_MAPPED
GAXERA: PAGE_TABLES_READY root=0x0000000000000000 reservations=3
GAXERA: CR3_GAXERA_OWNED
GAXERA: PHYSICAL_FRAME_ALLOCATOR_READY frames=115028 bitmap_words=1798
GAXERA: MEMORY_FOUNDATION_OK heap=0xfffffe8000001000 size=2097152 lower_guard=0xfffffe8000000000
GAXERA: KERNEL_ENTRY_OK
GAXERA: FRAMEBUFFER_OK (1280x800, pitch: 5120)
GAXERA: TEST_PATTERN_DRAWN
Guest-confirmed QEMU test passed.
=== Building Gaxera Kernel ISO ===
Compiling kernel binary...
    Finished `dev` profile [unoptimized + debuginfo] target(s) in 0.04s
Compiling guest binary (init)...
    Finished `dev` profile [unoptimized + debuginfo] target(s) in 0.03s
Assembling ISO directory structure...
Compiling ramfs binary...
    Finished `dev` profile [unoptimized + debuginfo] target(s) in 0.03s
Compiling script_session binary...
    Finished `dev` profile [unoptimized + debuginfo] target(s) in 0.03s
Packaging GaxFS ramfs.img...
Packaging bootable ISO image via xorriso...
xorriso 1.5.6 : RockRidge filesystem manipulator, libburnia project.

Drive current: -outdev 'stdio:target/gaxera.iso'
Media current: stdio file, overwriteable
Media status : is blank
Media summary: 0 sessions, 0 data blocks, 0 data,  943g free
Added to ISO image: directory '/'='/home/nyx/gaxera/target/iso_root'
xorriso : UPDATE :      16 files added in 1 seconds
xorriso : UPDATE :      16 files added in 1 seconds
ISO image produced: 12562 sectors
Written to medium : 12562 sectors at LBA 0
Writing to 'stdio:target/gaxera.iso' completed successfully.

Installing bootloader record sector...
Physical block size of 512 bytes.
Installing to GPT. Logical block size of 512 bytes.
Secondary header at LBA 0xc447.
Secondary header valid.
Detected ISOHYBRID with a GUID partition table (GPT).
Converting to MBR for improved compatibility...
Conversion successful.
No active partition found, some systems may not boot.
Setting partition 1 as active to work around the issue...
Installing to MBR.
Stage 2 to be located at byte offset 0x200.
Reminder: Remember to copy the limine-bios.sys file in either
          the root, /boot, /limine, or /boot/limine directories of
          one of the partitions on the device, or boot will fail!
Limine BIOS stages installed successfully.
Gaxera packaging successfully compiled to target/gaxera.iso!
=== Launching QEMU Virtual Machine ===
OVMF UEFI firmware detected. Booting in UEFI mode.
Headless mode selected.
[2J[001;001H[=3h[2J[001;001H[2J[001;001H[8;056;240t[2J[001;001H[2J[001;001H[=3h[2J[001;001H[2J[001;001H[8;042;160t[2J[001;001HBdsDxe: loading Boot0002 "UEFI QEMU DVD-ROM QM00003 " from PciRoot(0x0)/Pci(0x1,0x1)/Ata(Secondary,Master,0x0)
BdsDxe: starting Boot0002 "UEFI QEMU DVD-ROM QM00003 " from PciRoot(0x0)/Pci(0x1,0x1)/Ata(Secondary,Master,0x0)
[001;001H[001;001H[001;001Hl[001;002Hi[001;003Hm[001;004Hi[001;005Hn[001;006He[001;007H:[001;008H [001;009HL[001;010Ho[001;011Ha[001;012Hd[001;013Hi[001;014Hn[001;015Hg[001;016H [001;017He[001;018Hx[001;019He[001;020Hc[001;021Hu[001;022Ht[001;023Ha[001;024Hb[001;025Hl[001;026He[001;027H [001;028H`[001;029Hb[001;030Ho[001;031Ho[001;032Ht[001;033H([001;034H)[001;035H:[001;036H/[001;037Hb[001;038Ho[001;039Ho[001;040Ht[001;041H/[001;042Hg[001;043Ha[001;044Hx[001;045He[001;046Hr[001;047Ha[001;048H.[001;049He[001;050Hl[001;051Hf[001;052H`[001;053H.[001;054H.[001;055H.[001;056H[001;001H[002;001Hl[002;002Hi[002;003Hm[002;004Hi[002;005Hn[002;006He[002;007H:[002;008H [002;009HL[002;010Ho[002;011Ha[002;012Hd[002;013Hi[002;014Hn[002;015Hg[002;016H [002;017Hm[002;018Ho[002;019Hd[002;020Hu[002;021Hl[002;022He[002;023H [002;024H`[002;025Hb[002;026Ho[002;027Ho[002;028Ht[002;029H([002;030H)[002;031H:[002;032H/[002;033Hb[002;034Ho[002;035Ho[002;036Ht[002;037H/[002;038Hi[002;039Hn[002;040Hi[002;041Ht[002;042H.[002;043He[002;044Hl[002;045Hf[002;046H`[002;047H.[002;048H.[002;049H.[002;050H[002;001H[003;001Hl[003;002Hi[003;003Hm[003;004Hi[003;005Hn[003;006He[003;007H:[003;008H [003;009HL[003;010Ho[003;011Ha[003;012Hd[003;013Hi[003;014Hn[003;015Hg[003;016H [003;017Hm[003;018Ho[003;019Hd[003;020Hu[003;021Hl[003;022He[003;023H [003;024H`[003;025Hb[003;026Ho[003;027Ho[003;028Ht[003;029H([003;030H)[003;031H:[003;032H/[003;033Hb[003;034Ho[003;035Ho[003;036Ht[003;037H/[003;038Hr[003;039Ha[003;040Hm[003;041Hf[003;042Hs[003;043H.[003;044He[003;045Hl[003;046Hf[003;047H`[003;048H.[003;049H.[003;050H.[003;051H[003;001H[004;001Hl[004;002Hi[004;003Hm[004;004Hi[004;005Hn[004;006He[004;007H:[004;008H [004;009HL[004;010Ho[004;011Ha[004;012Hd[004;013Hi[004;014Hn[004;015Hg[004;016H [004;017Hm[004;018Ho[004;019Hd[004;020Hu[004;021Hl[004;022He[004;023H [004;024H`[004;025Hb[004;026Ho[004;027Ho[004;028Ht[004;029H([004;030H)[004;031H:[004;032H/[004;033Hb[004;034Ho[004;035Ho[004;036Ht[004;037H/[004;038Hs[004;039Hc[004;040Hr[004;041Hi[004;042Hp[004;043Ht[004;044H_[004;045Hs[004;046He[004;047Hs[004;048Hs[004;049Hi[004;050Ho[004;051Hn[004;052H.[004;053He[004;054Hl[004;055Hf[004;056H`[004;057H.[004;058H.[004;059H.[004;060H[004;001H[005;001Hl[005;002Hi[005;003Hm[005;004Hi[005;005Hn[005;006He[005;007H:[005;008H [005;009HL[005;010Ho[005;011Ha[005;012Hd[005;013Hi[005;014Hn[005;015Hg[005;016H [005;017Hm[005;018Ho[005;019Hd[005;020Hu[005;021Hl[005;022He[005;023H [005;024H`[005;025Hb[005;026Ho[005;027Ho[005;028Ht[005;029H([005;030H)[005;031H:[005;032H/[005;033Hb[005;034Ho[005;035Ho[005;036Ht[005;037H/[005;038Hr[005;039Ha[005;040Hm[005;041Hf[005;042Hs[005;043H.[005;044Hi[005;045Hm[005;046Hg[005;047H`[005;048H.[005;049H.[005;050H.[005;051H[005;001H[006;001HGAXERA: BOOT_STACK_READY
GAXERA: DESCRIPTORS_AND_IDT_READY
GAXERA: BOOT_CONTEXT_READY kernel_phys=0x0000000019aa9000 kernel_virt=0xffffffff80000000 rsdp_phys=0x000000001fb7e014
GAXERA: MEMMAP_BEGIN count=34
GAXERA: MEMMAP_REGION index=0 start=0x0000000000000000 end=0x0000000000087000 len=0x0000000000087000 source_type=0 class=usable allocator=eligible reservation=none
GAXERA: MEMMAP_REGION index=1 start=0x0000000000087000 end=0x0000000000088000 len=0x0000000000001000 source_type=5 class=bootloader-reclaimable allocator=ineligible reservation=none
GAXERA: MEMMAP_REGION index=2 start=0x0000000000088000 end=0x00000000000a0000 len=0x0000000000018000 source_type=0 class=usable allocator=eligible reservation=none
GAXERA: MEMMAP_REGION index=3 start=0x0000000000100000 end=0x0000000000800000 len=0x0000000000700000 source_type=0 class=usable allocator=eligible reservation=none
GAXERA: MEMMAP_REGION index=4 start=0x0000000000800000 end=0x0000000000808000 len=0x0000000000008000 source_type=3 class=acpi-nvs allocator=ineligible reservation=none
GAXERA: MEMMAP_REGION index=5 start=0x0000000000808000 end=0x000000000080b000 len=0x0000000000003000 source_type=0 class=usable allocator=eligible reservation=none
GAXERA: MEMMAP_REGION index=6 start=0x000000000080b000 end=0x000000000080c000 len=0x0000000000001000 source_type=3 class=acpi-nvs allocator=ineligible reservation=none
GAXERA: MEMMAP_REGION index=7 start=0x000000000080c000 end=0x0000000000814000 len=0x0000000000008000 source_type=0 class=usable allocator=eligible reservation=none
GAXERA: MEMMAP_REGION index=8 start=0x0000000000814000 end=0x0000000000900000 len=0x00000000000ec000 source_type=3 class=acpi-nvs allocator=ineligible reservation=none
GAXERA: MEMMAP_REGION index=9 start=0x0000000000900000 end=0x0000000001780000 len=0x0000000000e80000 source_type=5 class=bootloader-reclaimable allocator=ineligible reservation=none
GAXERA: MEMMAP_REGION index=10 start=0x0000000001780000 end=0x000000001913f000 len=0x00000000179bf000 source_type=0 class=usable allocator=eligible reservation=none
GAXERA: MEMMAP_REGION index=11 start=0x000000001913f000 end=0x000000001914c000 len=0x000000000000d000 source_type=5 class=bootloader-reclaimable allocator=ineligible reservation=none
GAXERA: MEMMAP_REGION index=12 start=0x000000001914c000 end=0x00000000193fa000 len=0x00000000002ae000 source_type=6 class=executable-and-modules allocator=ineligible reservation=none
GAXERA: MEMMAP_REGION index=13 start=0x00000000193fa000 end=0x00000000196a8000 len=0x00000000002ae000 source_type=6 class=executable-and-modules allocator=ineligible reservation=none
GAXERA: MEMMAP_REGION index=14 start=0x00000000196a8000 end=0x0000000019aa9000 len=0x0000000000401000 source_type=6 class=executable-and-modules allocator=ineligible reservation=none
GAXERA: MEMMAP_REGION index=15 start=0x0000000019aa9000 end=0x0000000019b95000 len=0x00000000000ec000 source_type=6 class=executable-and-modules allocator=ineligible reservation=none
GAXERA: MEMMAP_REGION index=16 start=0x0000000019b95000 end=0x000000001a66c000 len=0x0000000000ad7000 source_type=5 class=bootloader-reclaimable allocator=ineligible reservation=none
GAXERA: MEMMAP_REGION index=17 start=0x000000001a66c000 end=0x000000001bf6c000 len=0x0000000001900000 source_type=0 class=usable allocator=eligible reservation=none
GAXERA: MEMMAP_REGION index=18 start=0x000000001bf6c000 end=0x000000001bfaa000 len=0x000000000003e000 source_type=5 class=bootloader-reclaimable allocator=ineligible reservation=none
GAXERA: MEMMAP_REGION index=19 start=0x000000001bfaa000 end=0x000000001bfab000 len=0x0000000000001000 source_type=6 class=executable-and-modules allocator=ineligible reservation=none
GAXERA: MEMMAP_REGION index=20 start=0x000000001bfab000 end=0x000000001bfaf000 len=0x0000000000004000 source_type=5 class=bootloader-reclaimable allocator=ineligible reservation=none
GAXERA: MEMMAP_REGION index=21 start=0x000000001bfaf000 end=0x000000001e6a0000 len=0x00000000026f1000 source_type=0 class=usable allocator=eligible reservation=none
GAXERA: MEMMAP_REGION index=22 start=0x000000001e6a0000 end=0x000000001ed3f000 len=0x000000000069f000 source_type=5 class=bootloader-reclaimable allocator=ineligible reservation=none
GAXERA: MEMMAP_REGION index=23 start=0x000000001ed3f000 end=0x000000001ee00000 len=0x00000000000c1000 source_type=8 class=mapped-reserved allocator=ineligible reservation=none
GAXERA: MEMMAP_REGION index=24 start=0x000000001ee00000 end=0x000000001f8ed000 len=0x0000000000aed000 source_type=5 class=bootloader-reclaimable allocator=ineligible reservation=none
GAXERA: MEMMAP_REGION index=25 start=0x000000001f8ed000 end=0x000000001faed000 len=0x0000000000200000 source_type=8 class=mapped-reserved allocator=ineligible reservation=none
GAXERA: MEMMAP_REGION index=26 start=0x000000001faed000 end=0x000000001fb6d000 len=0x0000000000080000 source_type=1 class=reserved allocator=ineligible reservation=none
GAXERA: MEMMAP_REGION index=27 start=0x000000001fb6d000 end=0x000000001fb7f000 len=0x0000000000012000 source_type=2 class=acpi-reclaimable allocator=ineligible reservation=none
GAXERA: MEMMAP_REGION index=28 start=0x000000001fb7f000 end=0x000000001fbff000 len=0x0000000000080000 source_type=3 class=acpi-nvs allocator=ineligible reservation=none
GAXERA: MEMMAP_REGION index=29 start=0x000000001fbff000 end=0x000000001fef4000 len=0x00000000002f5000 source_type=5 class=bootloader-reclaimable allocator=ineligible reservation=none
GAXERA: MEMMAP_REGION index=30 start=0x000000001fef4000 end=0x000000001ff78000 len=0x0000000000084000 source_type=8 class=mapped-reserved allocator=ineligible reservation=none
GAXERA: MEMMAP_REGION index=31 start=0x000000001ff78000 end=0x0000000020000000 len=0x0000000000088000 source_type=3 class=acpi-nvs allocator=ineligible reservation=none
GAXERA: MEMMAP_REGION index=32 start=0x0000000080000000 end=0x00000000803e8000 len=0x00000000003e8000 source_type=7 class=framebuffer allocator=ineligible reservation=none
GAXERA: MEMMAP_REGION index=33 start=0x000000fd00000000 end=0x0000010000000000 len=0x0000000300000000 source_type=1 class=reserved allocator=ineligible reservation=none
GAXERA: MEMMAP_END
GAXERA: BOOTSTRAP_FRAME_ALLOCATOR_READY ranges=8
GAXERA: PAGING_HHDM_MAPPED
GAXERA: PAGING_TEXT_MAPPED
GAXERA: PAGING_FRAMEBUFFER_MAPPED
GAXERA: PAGE_TABLES_READY root=0x0000000000000000 reservations=3
GAXERA: CR3_GAXERA_OWNED
GAXERA: PHYSICAL_FRAME_ALLOCATOR_READY frames=115034 bitmap_words=1798
GAXERA: MEMORY_FOUNDATION_OK heap=0xfffffe8000001000 size=2097152 lower_guard=0xfffffe8000000000
GAXERA KERNEL PANIC at kernel/src/main.rs:321:5: intentional Phase 2 panic proof
GAXERA: PANIC_DIAGNOSTICS_BEGIN
GAXERA: PANIC_CPU_STATE rsp=0xffffffff800d9c10 rbp=0xffffffff800d9c80 rflags=0x0000000000000082 cr2=0x0000000000000000 cr3=0x0000000000000000
GAXERA: PANIC_BACKTRACE_BEGIN
GAXERA: PANIC_BACKTRACE_FRAME index=0 ip=0xffffffff80074861
GAXERA: PANIC_BACKTRACE_FRAME index=1 ip=0xffffffff80000978
GAXERA: PANIC_BACKTRACE_FRAME index=2 ip=0xffffffff8009dc13
GAXERA: PANIC_BACKTRACE_FRAME index=3 ip=0xffffffff80001965
GAXERA: PANIC_BACKTRACE_FRAME index=4 ip=0xffffffff80008350
GAXERA: PANIC_BACKTRACE_END frames=5 reason=chain-end
GAXERA: PANIC_DIAGNOSTICS_COMPLETE frames=5
Guest-confirmed QEMU test passed.
=== Building Gaxera Kernel ISO ===
Compiling kernel binary...
    Finished `dev` profile [unoptimized + debuginfo] target(s) in 0.04s
Compiling guest binary (init)...
    Finished `dev` profile [unoptimized + debuginfo] target(s) in 0.03s
Assembling ISO directory structure...
Compiling ramfs binary...
    Finished `dev` profile [unoptimized + debuginfo] target(s) in 0.03s
Compiling script_session binary...
    Finished `dev` profile [unoptimized + debuginfo] target(s) in 0.03s
Packaging GaxFS ramfs.img...
Packaging bootable ISO image via xorriso...
xorriso 1.5.6 : RockRidge filesystem manipulator, libburnia project.

Drive current: -outdev 'stdio:target/gaxera.iso'
Media current: stdio file, overwriteable
Media status : is blank
Media summary: 0 sessions, 0 data blocks, 0 data,  943g free
Added to ISO image: directory '/'='/home/nyx/gaxera/target/iso_root'
xorriso : UPDATE :      16 files added in 1 seconds
xorriso : UPDATE :      16 files added in 1 seconds
ISO image produced: 12562 sectors
Written to medium : 12562 sectors at LBA 0
Writing to 'stdio:target/gaxera.iso' completed successfully.

Installing bootloader record sector...
Physical block size of 512 bytes.
Installing to GPT. Logical block size of 512 bytes.
Secondary header at LBA 0xc447.
Secondary header valid.
Detected ISOHYBRID with a GUID partition table (GPT).
Converting to MBR for improved compatibility...
Conversion successful.
No active partition found, some systems may not boot.
Setting partition 1 as active to work around the issue...
Installing to MBR.
Stage 2 to be located at byte offset 0x200.
Reminder: Remember to copy the limine-bios.sys file in either
          the root, /boot, /limine, or /boot/limine directories of
          one of the partitions on the device, or boot will fail!
Limine BIOS stages installed successfully.
Gaxera packaging successfully compiled to target/gaxera.iso!
=== Launching QEMU Virtual Machine ===
OVMF UEFI firmware detected. Booting in UEFI mode.
Headless mode selected.
[2J[001;001H[=3h[2J[001;001H[2J[001;001H[8;056;240t[2J[001;001H[2J[001;001H[=3h[2J[001;001H[2J[001;001H[8;042;160t[2J[001;001HBdsDxe: loading Boot0002 "UEFI QEMU DVD-ROM QM00003 " from PciRoot(0x0)/Pci(0x1,0x1)/Ata(Secondary,Master,0x0)
BdsDxe: starting Boot0002 "UEFI QEMU DVD-ROM QM00003 " from PciRoot(0x0)/Pci(0x1,0x1)/Ata(Secondary,Master,0x0)
[001;001H[001;001H[001;001Hl[001;002Hi[001;003Hm[001;004Hi[001;005Hn[001;006He[001;007H:[001;008H [001;009HL[001;010Ho[001;011Ha[001;012Hd[001;013Hi[001;014Hn[001;015Hg[001;016H [001;017He[001;018Hx[001;019He[001;020Hc[001;021Hu[001;022Ht[001;023Ha[001;024Hb[001;025Hl[001;026He[001;027H [001;028H`[001;029Hb[001;030Ho[001;031Ho[001;032Ht[001;033H([001;034H)[001;035H:[001;036H/[001;037Hb[001;038Ho[001;039Ho[001;040Ht[001;041H/[001;042Hg[001;043Ha[001;044Hx[001;045He[001;046Hr[001;047Ha[001;048H.[001;049He[001;050Hl[001;051Hf[001;052H`[001;053H.[001;054H.[001;055H.[001;056H[001;001H[002;001Hl[002;002Hi[002;003Hm[002;004Hi[002;005Hn[002;006He[002;007H:[002;008H [002;009HL[002;010Ho[002;011Ha[002;012Hd[002;013Hi[002;014Hn[002;015Hg[002;016H [002;017Hm[002;018Ho[002;019Hd[002;020Hu[002;021Hl[002;022He[002;023H [002;024H`[002;025Hb[002;026Ho[002;027Ho[002;028Ht[002;029H([002;030H)[002;031H:[002;032H/[002;033Hb[002;034Ho[002;035Ho[002;036Ht[002;037H/[002;038Hi[002;039Hn[002;040Hi[002;041Ht[002;042H.[002;043He[002;044Hl[002;045Hf[002;046H`[002;047H.[002;048H.[002;049H.[002;050H[002;001H[003;001Hl[003;002Hi[003;003Hm[003;004Hi[003;005Hn[003;006He[003;007H:[003;008H [003;009HL[003;010Ho[003;011Ha[003;012Hd[003;013Hi[003;014Hn[003;015Hg[003;016H [003;017Hm[003;018Ho[003;019Hd[003;020Hu[003;021Hl[003;022He[003;023H [003;024H`[003;025Hb[003;026Ho[003;027Ho[003;028Ht[003;029H([003;030H)[003;031H:[003;032H/[003;033Hb[003;034Ho[003;035Ho[003;036Ht[003;037H/[003;038Hr[003;039Ha[003;040Hm[003;041Hf[003;042Hs[003;043H.[003;044He[003;045Hl[003;046Hf[003;047H`[003;048H.[003;049H.[003;050H.[003;051H[003;001H[004;001Hl[004;002Hi[004;003Hm[004;004Hi[004;005Hn[004;006He[004;007H:[004;008H [004;009HL[004;010Ho[004;011Ha[004;012Hd[004;013Hi[004;014Hn[004;015Hg[004;016H [004;017Hm[004;018Ho[004;019Hd[004;020Hu[004;021Hl[004;022He[004;023H [004;024H`[004;025Hb[004;026Ho[004;027Ho[004;028Ht[004;029H([004;030H)[004;031H:[004;032H/[004;033Hb[004;034Ho[004;035Ho[004;036Ht[004;037H/[004;038Hs[004;039Hc[004;040Hr[004;041Hi[004;042Hp[004;043Ht[004;044H_[004;045Hs[004;046He[004;047Hs[004;048Hs[004;049Hi[004;050Ho[004;051Hn[004;052H.[004;053He[004;054Hl[004;055Hf[004;056H`[004;057H.[004;058H.[004;059H.[004;060H[004;001H[005;001Hl[005;002Hi[005;003Hm[005;004Hi[005;005Hn[005;006He[005;007H:[005;008H [005;009HL[005;010Ho[005;011Ha[005;012Hd[005;013Hi[005;014Hn[005;015Hg[005;016H [005;017Hm[005;018Ho[005;019Hd[005;020Hu[005;021Hl[005;022He[005;023H [005;024H`[005;025Hb[005;026Ho[005;027Ho[005;028Ht[005;029H([005;030H)[005;031H:[005;032H/[005;033Hb[005;034Ho[005;035Ho[005;036Ht[005;037H/[005;038Hr[005;039Ha[005;040Hm[005;041Hf[005;042Hs[005;043H.[005;044Hi[005;045Hm[005;046Hg[005;047H`[005;048H.[005;049H.[005;050H.[005;051H[005;001H[006;001HGAXERA: BOOT_STACK_READY
GAXERA: DESCRIPTORS_AND_IDT_READY
GAXERA: BOOT_CONTEXT_READY kernel_phys=0x0000000019aa9000 kernel_virt=0xffffffff80000000 rsdp_phys=0x000000001fb7e014
GAXERA: MEMMAP_BEGIN count=34
GAXERA: MEMMAP_REGION index=0 start=0x0000000000000000 end=0x0000000000087000 len=0x0000000000087000 source_type=0 class=usable allocator=eligible reservation=none
GAXERA: MEMMAP_REGION index=1 start=0x0000000000087000 end=0x0000000000088000 len=0x0000000000001000 source_type=5 class=bootloader-reclaimable allocator=ineligible reservation=none
GAXERA: MEMMAP_REGION index=2 start=0x0000000000088000 end=0x00000000000a0000 len=0x0000000000018000 source_type=0 class=usable allocator=eligible reservation=none
GAXERA: MEMMAP_REGION index=3 start=0x0000000000100000 end=0x0000000000800000 len=0x0000000000700000 source_type=0 class=usable allocator=eligible reservation=none
GAXERA: MEMMAP_REGION index=4 start=0x0000000000800000 end=0x0000000000808000 len=0x0000000000008000 source_type=3 class=acpi-nvs allocator=ineligible reservation=none
GAXERA: MEMMAP_REGION index=5 start=0x0000000000808000 end=0x000000000080b000 len=0x0000000000003000 source_type=0 class=usable allocator=eligible reservation=none
GAXERA: MEMMAP_REGION index=6 start=0x000000000080b000 end=0x000000000080c000 len=0x0000000000001000 source_type=3 class=acpi-nvs allocator=ineligible reservation=none
GAXERA: MEMMAP_REGION index=7 start=0x000000000080c000 end=0x0000000000814000 len=0x0000000000008000 source_type=0 class=usable allocator=eligible reservation=none
GAXERA: MEMMAP_REGION index=8 start=0x0000000000814000 end=0x0000000000900000 len=0x00000000000ec000 source_type=3 class=acpi-nvs allocator=ineligible reservation=none
GAXERA: MEMMAP_REGION index=9 start=0x0000000000900000 end=0x0000000001780000 len=0x0000000000e80000 source_type=5 class=bootloader-reclaimable allocator=ineligible reservation=none
GAXERA: MEMMAP_REGION index=10 start=0x0000000001780000 end=0x000000001913f000 len=0x00000000179bf000 source_type=0 class=usable allocator=eligible reservation=none
GAXERA: MEMMAP_REGION index=11 start=0x000000001913f000 end=0x000000001914c000 len=0x000000000000d000 source_type=5 class=bootloader-reclaimable allocator=ineligible reservation=none
GAXERA: MEMMAP_REGION index=12 start=0x000000001914c000 end=0x00000000193fa000 len=0x00000000002ae000 source_type=6 class=executable-and-modules allocator=ineligible reservation=none
GAXERA: MEMMAP_REGION index=13 start=0x00000000193fa000 end=0x00000000196a8000 len=0x00000000002ae000 source_type=6 class=executable-and-modules allocator=ineligible reservation=none
GAXERA: MEMMAP_REGION index=14 start=0x00000000196a8000 end=0x0000000019aa9000 len=0x0000000000401000 source_type=6 class=executable-and-modules allocator=ineligible reservation=none
GAXERA: MEMMAP_REGION index=15 start=0x0000000019aa9000 end=0x0000000019b95000 len=0x00000000000ec000 source_type=6 class=executable-and-modules allocator=ineligible reservation=none
GAXERA: MEMMAP_REGION index=16 start=0x0000000019b95000 end=0x000000001a66c000 len=0x0000000000ad7000 source_type=5 class=bootloader-reclaimable allocator=ineligible reservation=none
GAXERA: MEMMAP_REGION index=17 start=0x000000001a66c000 end=0x000000001bf6c000 len=0x0000000001900000 source_type=0 class=usable allocator=eligible reservation=none
GAXERA: MEMMAP_REGION index=18 start=0x000000001bf6c000 end=0x000000001bfaa000 len=0x000000000003e000 source_type=5 class=bootloader-reclaimable allocator=ineligible reservation=none
GAXERA: MEMMAP_REGION index=19 start=0x000000001bfaa000 end=0x000000001bfab000 len=0x0000000000001000 source_type=6 class=executable-and-modules allocator=ineligible reservation=none
GAXERA: MEMMAP_REGION index=20 start=0x000000001bfab000 end=0x000000001bfaf000 len=0x0000000000004000 source_type=5 class=bootloader-reclaimable allocator=ineligible reservation=none
GAXERA: MEMMAP_REGION index=21 start=0x000000001bfaf000 end=0x000000001e6a0000 len=0x00000000026f1000 source_type=0 class=usable allocator=eligible reservation=none
GAXERA: MEMMAP_REGION index=22 start=0x000000001e6a0000 end=0x000000001ed3f000 len=0x000000000069f000 source_type=5 class=bootloader-reclaimable allocator=ineligible reservation=none
GAXERA: MEMMAP_REGION index=23 start=0x000000001ed3f000 end=0x000000001ee00000 len=0x00000000000c1000 source_type=8 class=mapped-reserved allocator=ineligible reservation=none
GAXERA: MEMMAP_REGION index=24 start=0x000000001ee00000 end=0x000000001f8ed000 len=0x0000000000aed000 source_type=5 class=bootloader-reclaimable allocator=ineligible reservation=none
GAXERA: MEMMAP_REGION index=25 start=0x000000001f8ed000 end=0x000000001faed000 len=0x0000000000200000 source_type=8 class=mapped-reserved allocator=ineligible reservation=none
GAXERA: MEMMAP_REGION index=26 start=0x000000001faed000 end=0x000000001fb6d000 len=0x0000000000080000 source_type=1 class=reserved allocator=ineligible reservation=none
GAXERA: MEMMAP_REGION index=27 start=0x000000001fb6d000 end=0x000000001fb7f000 len=0x0000000000012000 source_type=2 class=acpi-reclaimable allocator=ineligible reservation=none
GAXERA: MEMMAP_REGION index=28 start=0x000000001fb7f000 end=0x000000001fbff000 len=0x0000000000080000 source_type=3 class=acpi-nvs allocator=ineligible reservation=none
GAXERA: MEMMAP_REGION index=29 start=0x000000001fbff000 end=0x000000001fef4000 len=0x00000000002f5000 source_type=5 class=bootloader-reclaimable allocator=ineligible reservation=none
GAXERA: MEMMAP_REGION index=30 start=0x000000001fef4000 end=0x000000001ff78000 len=0x0000000000084000 source_type=8 class=mapped-reserved allocator=ineligible reservation=none
GAXERA: MEMMAP_REGION index=31 start=0x000000001ff78000 end=0x0000000020000000 len=0x0000000000088000 source_type=3 class=acpi-nvs allocator=ineligible reservation=none
GAXERA: MEMMAP_REGION index=32 start=0x0000000080000000 end=0x00000000803e8000 len=0x00000000003e8000 source_type=7 class=framebuffer allocator=ineligible reservation=none
GAXERA: MEMMAP_REGION index=33 start=0x000000fd00000000 end=0x0000010000000000 len=0x0000000300000000 source_type=1 class=reserved allocator=ineligible reservation=none
GAXERA: MEMMAP_END
GAXERA: BOOTSTRAP_FRAME_ALLOCATOR_READY ranges=8
GAXERA: PAGING_HHDM_MAPPED
GAXERA: PAGING_TEXT_MAPPED
GAXERA: PAGING_FRAMEBUFFER_MAPPED
GAXERA: PAGE_TABLES_READY root=0x0000000000000000 reservations=3
GAXERA: CR3_GAXERA_OWNED
GAXERA: PHYSICAL_FRAME_ALLOCATOR_READY frames=115034 bitmap_words=1798
GAXERA: MEMORY_FOUNDATION_OK heap=0xfffffe8000001000 size=2097152 lower_guard=0xfffffe8000000000
Guest-confirmed QEMU test passed.
=== Building Gaxera Kernel ISO ===
Compiling kernel binary...
    Finished `dev` profile [unoptimized + debuginfo] target(s) in 0.03s
Compiling guest binary (init)...
    Finished `dev` profile [unoptimized + debuginfo] target(s) in 0.03s
Assembling ISO directory structure...
Compiling ramfs binary...
    Finished `dev` profile [unoptimized + debuginfo] target(s) in 0.03s
Compiling script_session binary...
    Finished `dev` profile [unoptimized + debuginfo] target(s) in 0.03s
Packaging GaxFS ramfs.img...
Packaging bootable ISO image via xorriso...
xorriso 1.5.6 : RockRidge filesystem manipulator, libburnia project.

Drive current: -outdev 'stdio:target/gaxera.iso'
Media current: stdio file, overwriteable
Media status : is blank
Media summary: 0 sessions, 0 data blocks, 0 data,  943g free
Added to ISO image: directory '/'='/home/nyx/gaxera/target/iso_root'
xorriso : UPDATE :      16 files added in 1 seconds
xorriso : UPDATE :      16 files added in 1 seconds
ISO image produced: 12721 sectors
Written to medium : 12721 sectors at LBA 0
Writing to 'stdio:target/gaxera.iso' completed successfully.

Installing bootloader record sector...
Physical block size of 512 bytes.
Installing to GPT. Logical block size of 512 bytes.
Secondary header at LBA 0xc6c3.
Secondary header valid.
Detected ISOHYBRID with a GUID partition table (GPT).
Converting to MBR for improved compatibility...
Conversion successful.
No active partition found, some systems may not boot.
Setting partition 1 as active to work around the issue...
Installing to MBR.
Stage 2 to be located at byte offset 0x200.
Reminder: Remember to copy the limine-bios.sys file in either
          the root, /boot, /limine, or /boot/limine directories of
          one of the partitions on the device, or boot will fail!
Limine BIOS stages installed successfully.
Gaxera packaging successfully compiled to target/gaxera.iso!
=== Launching QEMU Virtual Machine ===
OVMF UEFI firmware detected. Booting in UEFI mode.
Headless mode selected.
[2J[001;001H[=3h[2J[001;001H[2J[001;001H[8;056;240t[2J[001;001H[2J[001;001H[=3h[2J[001;001H[2J[001;001H[8;042;160t[2J[001;001HBdsDxe: loading Boot0002 "UEFI QEMU DVD-ROM QM00003 " from PciRoot(0x0)/Pci(0x1,0x1)/Ata(Secondary,Master,0x0)
BdsDxe: starting Boot0002 "UEFI QEMU DVD-ROM QM00003 " from PciRoot(0x0)/Pci(0x1,0x1)/Ata(Secondary,Master,0x0)
[001;001H[001;001H[001;001Hl[001;002Hi[001;003Hm[001;004Hi[001;005Hn[001;006He[001;007H:[001;008H [001;009HL[001;010Ho[001;011Ha[001;012Hd[001;013Hi[001;014Hn[001;015Hg[001;016H [001;017He[001;018Hx[001;019He[001;020Hc[001;021Hu[001;022Ht[001;023Ha[001;024Hb[001;025Hl[001;026He[001;027H [001;028H`[001;029Hb[001;030Ho[001;031Ho[001;032Ht[001;033H([001;034H)[001;035H:[001;036H/[001;037Hb[001;038Ho[001;039Ho[001;040Ht[001;041H/[001;042Hg[001;043Ha[001;044Hx[001;045He[001;046Hr[001;047Ha[001;048H.[001;049He[001;050Hl[001;051Hf[001;052H`[001;053H.[001;054H.[001;055H.[001;056H[001;001H[002;001Hl[002;002Hi[002;003Hm[002;004Hi[002;005Hn[002;006He[002;007H:[002;008H [002;009HL[002;010Ho[002;011Ha[002;012Hd[002;013Hi[002;014Hn[002;015Hg[002;016H [002;017Hm[002;018Ho[002;019Hd[002;020Hu[002;021Hl[002;022He[002;023H [002;024H`[002;025Hb[002;026Ho[002;027Ho[002;028Ht[002;029H([002;030H)[002;031H:[002;032H/[002;033Hb[002;034Ho[002;035Ho[002;036Ht[002;037H/[002;038Hi[002;039Hn[002;040Hi[002;041Ht[002;042H.[002;043He[002;044Hl[002;045Hf[002;046H`[002;047H.[002;048H.[002;049H.[002;050H[002;001H[003;001Hl[003;002Hi[003;003Hm[003;004Hi[003;005Hn[003;006He[003;007H:[003;008H [003;009HL[003;010Ho[003;011Ha[003;012Hd[003;013Hi[003;014Hn[003;015Hg[003;016H [003;017Hm[003;018Ho[003;019Hd[003;020Hu[003;021Hl[003;022He[003;023H [003;024H`[003;025Hb[003;026Ho[003;027Ho[003;028Ht[003;029H([003;030H)[003;031H:[003;032H/[003;033Hb[003;034Ho[003;035Ho[003;036Ht[003;037H/[003;038Hr[003;039Ha[003;040Hm[003;041Hf[003;042Hs[003;043H.[003;044He[003;045Hl[003;046Hf[003;047H`[003;048H.[003;049H.[003;050H.[003;051H[003;001H[004;001Hl[004;002Hi[004;003Hm[004;004Hi[004;005Hn[004;006He[004;007H:[004;008H [004;009HL[004;010Ho[004;011Ha[004;012Hd[004;013Hi[004;014Hn[004;015Hg[004;016H [004;017Hm[004;018Ho[004;019Hd[004;020Hu[004;021Hl[004;022He[004;023H [004;024H`[004;025Hb[004;026Ho[004;027Ho[004;028Ht[004;029H([004;030H)[004;031H:[004;032H/[004;033Hb[004;034Ho[004;035Ho[004;036Ht[004;037H/[004;038Hs[004;039Hc[004;040Hr[004;041Hi[004;042Hp[004;043Ht[004;044H_[004;045Hs[004;046He[004;047Hs[004;048Hs[004;049Hi[004;050Ho[004;051Hn[004;052H.[004;053He[004;054Hl[004;055Hf[004;056H`[004;057H.[004;058H.[004;059H.[004;060H[004;001H[005;001Hl[005;002Hi[005;003Hm[005;004Hi[005;005Hn[005;006He[005;007H:[005;008H [005;009HL[005;010Ho[005;011Ha[005;012Hd[005;013Hi[005;014Hn[005;015Hg[005;016H [005;017Hm[005;018Ho[005;019Hd[005;020Hu[005;021Hl[005;022He[005;023H [005;024H`[005;025Hb[005;026Ho[005;027Ho[005;028Ht[005;029H([005;030H)[005;031H:[005;032H/[005;033Hb[005;034Ho[005;035Ho[005;036Ht[005;037H/[005;038Hr[005;039Ha[005;040Hm[005;041Hf[005;042Hs[005;043H.[005;044Hi[005;045Hm[005;046Hg[005;047H`[005;048H.[005;049H.[005;050H.[005;051H[005;001H[006;001HGAXERA: BOOT_STACK_READY
GAXERA: DESCRIPTORS_AND_IDT_READY
GAXERA: BOOT_CONTEXT_READY kernel_phys=0x0000000019a3e000 kernel_virt=0xffffffff80000000 rsdp_phys=0x000000001fb7e014
GAXERA: MEMMAP_BEGIN count=34
GAXERA: MEMMAP_REGION index=0 start=0x0000000000000000 end=0x0000000000087000 len=0x0000000000087000 source_type=0 class=usable allocator=eligible reservation=none
GAXERA: MEMMAP_REGION index=1 start=0x0000000000087000 end=0x0000000000088000 len=0x0000000000001000 source_type=5 class=bootloader-reclaimable allocator=ineligible reservation=none
GAXERA: MEMMAP_REGION index=2 start=0x0000000000088000 end=0x00000000000a0000 len=0x0000000000018000 source_type=0 class=usable allocator=eligible reservation=none
GAXERA: MEMMAP_REGION index=3 start=0x0000000000100000 end=0x0000000000800000 len=0x0000000000700000 source_type=0 class=usable allocator=eligible reservation=none
GAXERA: MEMMAP_REGION index=4 start=0x0000000000800000 end=0x0000000000808000 len=0x0000000000008000 source_type=3 class=acpi-nvs allocator=ineligible reservation=none
GAXERA: MEMMAP_REGION index=5 start=0x0000000000808000 end=0x000000000080b000 len=0x0000000000003000 source_type=0 class=usable allocator=eligible reservation=none
GAXERA: MEMMAP_REGION index=6 start=0x000000000080b000 end=0x000000000080c000 len=0x0000000000001000 source_type=3 class=acpi-nvs allocator=ineligible reservation=none
GAXERA: MEMMAP_REGION index=7 start=0x000000000080c000 end=0x0000000000814000 len=0x0000000000008000 source_type=0 class=usable allocator=eligible reservation=none
GAXERA: MEMMAP_REGION index=8 start=0x0000000000814000 end=0x0000000000900000 len=0x00000000000ec000 source_type=3 class=acpi-nvs allocator=ineligible reservation=none
GAXERA: MEMMAP_REGION index=9 start=0x0000000000900000 end=0x0000000001780000 len=0x0000000000e80000 source_type=5 class=bootloader-reclaimable allocator=ineligible reservation=none
GAXERA: MEMMAP_REGION index=10 start=0x0000000001780000 end=0x00000000190d4000 len=0x0000000017954000 source_type=0 class=usable allocator=eligible reservation=none
GAXERA: MEMMAP_REGION index=11 start=0x00000000190d4000 end=0x00000000190e1000 len=0x000000000000d000 source_type=5 class=bootloader-reclaimable allocator=ineligible reservation=none
GAXERA: MEMMAP_REGION index=12 start=0x00000000190e1000 end=0x000000001938f000 len=0x00000000002ae000 source_type=6 class=executable-and-modules allocator=ineligible reservation=none
GAXERA: MEMMAP_REGION index=13 start=0x000000001938f000 end=0x000000001963d000 len=0x00000000002ae000 source_type=6 class=executable-and-modules allocator=ineligible reservation=none
GAXERA: MEMMAP_REGION index=14 start=0x000000001963d000 end=0x0000000019a3e000 len=0x0000000000401000 source_type=6 class=executable-and-modules allocator=ineligible reservation=none
GAXERA: MEMMAP_REGION index=15 start=0x0000000019a3e000 end=0x0000000019b46000 len=0x0000000000108000 source_type=6 class=executable-and-modules allocator=ineligible reservation=none
GAXERA: MEMMAP_REGION index=16 start=0x0000000019b46000 end=0x000000001a66c000 len=0x0000000000b26000 source_type=5 class=bootloader-reclaimable allocator=ineligible reservation=none
GAXERA: MEMMAP_REGION index=17 start=0x000000001a66c000 end=0x000000001bf6c000 len=0x0000000001900000 source_type=0 class=usable allocator=eligible reservation=none
GAXERA: MEMMAP_REGION index=18 start=0x000000001bf6c000 end=0x000000001bfaa000 len=0x000000000003e000 source_type=5 class=bootloader-reclaimable allocator=ineligible reservation=none
GAXERA: MEMMAP_REGION index=19 start=0x000000001bfaa000 end=0x000000001bfab000 len=0x0000000000001000 source_type=6 class=executable-and-modules allocator=ineligible reservation=none
GAXERA: MEMMAP_REGION index=20 start=0x000000001bfab000 end=0x000000001bfaf000 len=0x0000000000004000 source_type=5 class=bootloader-reclaimable allocator=ineligible reservation=none
GAXERA: MEMMAP_REGION index=21 start=0x000000001bfaf000 end=0x000000001e6a0000 len=0x00000000026f1000 source_type=0 class=usable allocator=eligible reservation=none
GAXERA: MEMMAP_REGION index=22 start=0x000000001e6a0000 end=0x000000001ed3f000 len=0x000000000069f000 source_type=5 class=bootloader-reclaimable allocator=ineligible reservation=none
GAXERA: MEMMAP_REGION index=23 start=0x000000001ed3f000 end=0x000000001ee00000 len=0x00000000000c1000 source_type=8 class=mapped-reserved allocator=ineligible reservation=none
GAXERA: MEMMAP_REGION index=24 start=0x000000001ee00000 end=0x000000001f8ed000 len=0x0000000000aed000 source_type=5 class=bootloader-reclaimable allocator=ineligible reservation=none
GAXERA: MEMMAP_REGION index=25 start=0x000000001f8ed000 end=0x000000001faed000 len=0x0000000000200000 source_type=8 class=mapped-reserved allocator=ineligible reservation=none
GAXERA: MEMMAP_REGION index=26 start=0x000000001faed000 end=0x000000001fb6d000 len=0x0000000000080000 source_type=1 class=reserved allocator=ineligible reservation=none
GAXERA: MEMMAP_REGION index=27 start=0x000000001fb6d000 end=0x000000001fb7f000 len=0x0000000000012000 source_type=2 class=acpi-reclaimable allocator=ineligible reservation=none
GAXERA: MEMMAP_REGION index=28 start=0x000000001fb7f000 end=0x000000001fbff000 len=0x0000000000080000 source_type=3 class=acpi-nvs allocator=ineligible reservation=none
GAXERA: MEMMAP_REGION index=29 start=0x000000001fbff000 end=0x000000001fef4000 len=0x00000000002f5000 source_type=5 class=bootloader-reclaimable allocator=ineligible reservation=none
GAXERA: MEMMAP_REGION index=30 start=0x000000001fef4000 end=0x000000001ff78000 len=0x0000000000084000 source_type=8 class=mapped-reserved allocator=ineligible reservation=none
GAXERA: MEMMAP_REGION index=31 start=0x000000001ff78000 end=0x0000000020000000 len=0x0000000000088000 source_type=3 class=acpi-nvs allocator=ineligible reservation=none
GAXERA: MEMMAP_REGION index=32 start=0x0000000080000000 end=0x00000000803e8000 len=0x00000000003e8000 source_type=7 class=framebuffer allocator=ineligible reservation=none
GAXERA: MEMMAP_REGION index=33 start=0x000000fd00000000 end=0x0000010000000000 len=0x0000000300000000 source_type=1 class=reserved allocator=ineligible reservation=none
GAXERA: MEMMAP_END
GAXERA: BOOTSTRAP_FRAME_ALLOCATOR_READY ranges=8
GAXERA: PAGING_HHDM_MAPPED
GAXERA: PAGING_TEXT_MAPPED
GAXERA: PAGING_FRAMEBUFFER_MAPPED
GAXERA: PAGE_TABLES_READY root=0x0000000000000000 reservations=3
GAXERA: CR3_GAXERA_OWNED
GAXERA: PHYSICAL_FRAME_ALLOCATOR_READY frames=114927 bitmap_words=1796
GAXERA: MEMORY_FOUNDATION_OK heap=0xfffffe8000001000 size=2097152 lower_guard=0xfffffe8000000000
GAXERA: HEAP_GUARD_PAGE_FAULT_CAUGHT cr2=0xfffffe8000000000 error=PageFaultErrorCode(0x0)
Guest-confirmed QEMU test passed.
=== Building Gaxera Kernel ISO ===
Compiling kernel binary...
    Finished `dev` profile [unoptimized + debuginfo] target(s) in 0.04s
Compiling guest binary (init)...
    Finished `dev` profile [unoptimized + debuginfo] target(s) in 0.03s
Assembling ISO directory structure...
Compiling ramfs binary...
    Finished `dev` profile [unoptimized + debuginfo] target(s) in 0.04s
Compiling script_session binary...
    Finished `dev` profile [unoptimized + debuginfo] target(s) in 0.03s
Packaging GaxFS ramfs.img...
Packaging bootable ISO image via xorriso...
xorriso 1.5.6 : RockRidge filesystem manipulator, libburnia project.

Drive current: -outdev 'stdio:target/gaxera.iso'
Media current: stdio file, overwriteable
Media status : is blank
Media summary: 0 sessions, 0 data blocks, 0 data,  943g free
Added to ISO image: directory '/'='/home/nyx/gaxera/target/iso_root'
xorriso : UPDATE :      16 files added in 1 seconds
xorriso : UPDATE :      16 files added in 1 seconds
ISO image produced: 12635 sectors
Written to medium : 12635 sectors at LBA 0
Writing to 'stdio:target/gaxera.iso' completed successfully.

Installing bootloader record sector...
Physical block size of 512 bytes.
Installing to GPT. Logical block size of 512 bytes.
Secondary header at LBA 0xc56b.
Secondary header valid.
Detected ISOHYBRID with a GUID partition table (GPT).
Converting to MBR for improved compatibility...
Conversion successful.
No active partition found, some systems may not boot.
Setting partition 1 as active to work around the issue...
Installing to MBR.
Stage 2 to be located at byte offset 0x200.
Reminder: Remember to copy the limine-bios.sys file in either
          the root, /boot, /limine, or /boot/limine directories of
          one of the partitions on the device, or boot will fail!
Limine BIOS stages installed successfully.
Gaxera packaging successfully compiled to target/gaxera.iso!
=== Launching QEMU Virtual Machine ===
OVMF UEFI firmware detected. Booting in UEFI mode.
Headless mode selected.
[2J[001;001H[=3h[2J[001;001H[2J[001;001H[8;056;240t[2J[001;001H[2J[001;001H[=3h[2J[001;001H[2J[001;001H[8;042;160t[2J[001;001HBdsDxe: loading Boot0002 "UEFI QEMU DVD-ROM QM00003 " from PciRoot(0x0)/Pci(0x1,0x1)/Ata(Secondary,Master,0x0)
BdsDxe: starting Boot0002 "UEFI QEMU DVD-ROM QM00003 " from PciRoot(0x0)/Pci(0x1,0x1)/Ata(Secondary,Master,0x0)
[001;001H[001;001H[001;001Hl[001;002Hi[001;003Hm[001;004Hi[001;005Hn[001;006He[001;007H:[001;008H [001;009HL[001;010Ho[001;011Ha[001;012Hd[001;013Hi[001;014Hn[001;015Hg[001;016H [001;017He[001;018Hx[001;019He[001;020Hc[001;021Hu[001;022Ht[001;023Ha[001;024Hb[001;025Hl[001;026He[001;027H [001;028H`[001;029Hb[001;030Ho[001;031Ho[001;032Ht[001;033H([001;034H)[001;035H:[001;036H/[001;037Hb[001;038Ho[001;039Ho[001;040Ht[001;041H/[001;042Hg[001;043Ha[001;044Hx[001;045He[001;046Hr[001;047Ha[001;048H.[001;049He[001;050Hl[001;051Hf[001;052H`[001;053H.[001;054H.[001;055H.[001;056H[001;001H[002;001Hl[002;002Hi[002;003Hm[002;004Hi[002;005Hn[002;006He[002;007H:[002;008H [002;009HL[002;010Ho[002;011Ha[002;012Hd[002;013Hi[002;014Hn[002;015Hg[002;016H [002;017Hm[002;018Ho[002;019Hd[002;020Hu[002;021Hl[002;022He[002;023H [002;024H`[002;025Hb[002;026Ho[002;027Ho[002;028Ht[002;029H([002;030H)[002;031H:[002;032H/[002;033Hb[002;034Ho[002;035Ho[002;036Ht[002;037H/[002;038Hi[002;039Hn[002;040Hi[002;041Ht[002;042H.[002;043He[002;044Hl[002;045Hf[002;046H`[002;047H.[002;048H.[002;049H.[002;050H[002;001H[003;001Hl[003;002Hi[003;003Hm[003;004Hi[003;005Hn[003;006He[003;007H:[003;008H [003;009HL[003;010Ho[003;011Ha[003;012Hd[003;013Hi[003;014Hn[003;015Hg[003;016H [003;017Hm[003;018Ho[003;019Hd[003;020Hu[003;021Hl[003;022He[003;023H [003;024H`[003;025Hb[003;026Ho[003;027Ho[003;028Ht[003;029H([003;030H)[003;031H:[003;032H/[003;033Hb[003;034Ho[003;035Ho[003;036Ht[003;037H/[003;038Hr[003;039Ha[003;040Hm[003;041Hf[003;042Hs[003;043H.[003;044He[003;045Hl[003;046Hf[003;047H`[003;048H.[003;049H.[003;050H.[003;051H[003;001H[004;001Hl[004;002Hi[004;003Hm[004;004Hi[004;005Hn[004;006He[004;007H:[004;008H [004;009HL[004;010Ho[004;011Ha[004;012Hd[004;013Hi[004;014Hn[004;015Hg[004;016H [004;017Hm[004;018Ho[004;019Hd[004;020Hu[004;021Hl[004;022He[004;023H [004;024H`[004;025Hb[004;026Ho[004;027Ho[004;028Ht[004;029H([004;030H)[004;031H:[004;032H/[004;033Hb[004;034Ho[004;035Ho[004;036Ht[004;037H/[004;038Hs[004;039Hc[004;040Hr[004;041Hi[004;042Hp[004;043Ht[004;044H_[004;045Hs[004;046He[004;047Hs[004;048Hs[004;049Hi[004;050Ho[004;051Hn[004;052H.[004;053He[004;054Hl[004;055Hf[004;056H`[004;057H.[004;058H.[004;059H.[004;060H[004;001H[005;001Hl[005;002Hi[005;003Hm[005;004Hi[005;005Hn[005;006He[005;007H:[005;008H [005;009HL[005;010Ho[005;011Ha[005;012Hd[005;013Hi[005;014Hn[005;015Hg[005;016H [005;017Hm[005;018Ho[005;019Hd[005;020Hu[005;021Hl[005;022He[005;023H [005;024H`[005;025Hb[005;026Ho[005;027Ho[005;028Ht[005;029H([005;030H)[005;031H:[005;032H/[005;033Hb[005;034Ho[005;035Ho[005;036Ht[005;037H/[005;038Hr[005;039Ha[005;040Hm[005;041Hf[005;042Hs[005;043H.[005;044Hi[005;045Hm[005;046Hg[005;047H`[005;048H.[005;049H.[005;050H.[005;051H[005;001H[006;001HGAXERA: BOOT_STACK_READY
GAXERA: DESCRIPTORS_AND_IDT_READY
GAXERA: BOOT_CONTEXT_READY kernel_phys=0x0000000019a7b000 kernel_virt=0xffffffff80000000 rsdp_phys=0x000000001fb7e014
GAXERA: MEMMAP_BEGIN count=34
GAXERA: MEMMAP_REGION index=0 start=0x0000000000000000 end=0x0000000000087000 len=0x0000000000087000 source_type=0 class=usable allocator=eligible reservation=none
GAXERA: MEMMAP_REGION index=1 start=0x0000000000087000 end=0x0000000000088000 len=0x0000000000001000 source_type=5 class=bootloader-reclaimable allocator=ineligible reservation=none
GAXERA: MEMMAP_REGION index=2 start=0x0000000000088000 end=0x00000000000a0000 len=0x0000000000018000 source_type=0 class=usable allocator=eligible reservation=none
GAXERA: MEMMAP_REGION index=3 start=0x0000000000100000 end=0x0000000000800000 len=0x0000000000700000 source_type=0 class=usable allocator=eligible reservation=none
GAXERA: MEMMAP_REGION index=4 start=0x0000000000800000 end=0x0000000000808000 len=0x0000000000008000 source_type=3 class=acpi-nvs allocator=ineligible reservation=none
GAXERA: MEMMAP_REGION index=5 start=0x0000000000808000 end=0x000000000080b000 len=0x0000000000003000 source_type=0 class=usable allocator=eligible reservation=none
GAXERA: MEMMAP_REGION index=6 start=0x000000000080b000 end=0x000000000080c000 len=0x0000000000001000 source_type=3 class=acpi-nvs allocator=ineligible reservation=none
GAXERA: MEMMAP_REGION index=7 start=0x000000000080c000 end=0x0000000000814000 len=0x0000000000008000 source_type=0 class=usable allocator=eligible reservation=none
GAXERA: MEMMAP_REGION index=8 start=0x0000000000814000 end=0x0000000000900000 len=0x00000000000ec000 source_type=3 class=acpi-nvs allocator=ineligible reservation=none
GAXERA: MEMMAP_REGION index=9 start=0x0000000000900000 end=0x0000000001780000 len=0x0000000000e80000 source_type=5 class=bootloader-reclaimable allocator=ineligible reservation=none
GAXERA: MEMMAP_REGION index=10 start=0x0000000001780000 end=0x0000000019111000 len=0x0000000017991000 source_type=0 class=usable allocator=eligible reservation=none
GAXERA: MEMMAP_REGION index=11 start=0x0000000019111000 end=0x000000001911e000 len=0x000000000000d000 source_type=5 class=bootloader-reclaimable allocator=ineligible reservation=none
GAXERA: MEMMAP_REGION index=12 start=0x000000001911e000 end=0x00000000193cc000 len=0x00000000002ae000 source_type=6 class=executable-and-modules allocator=ineligible reservation=none
GAXERA: MEMMAP_REGION index=13 start=0x00000000193cc000 end=0x000000001967a000 len=0x00000000002ae000 source_type=6 class=executable-and-modules allocator=ineligible reservation=none
GAXERA: MEMMAP_REGION index=14 start=0x000000001967a000 end=0x0000000019a7b000 len=0x0000000000401000 source_type=6 class=executable-and-modules allocator=ineligible reservation=none
GAXERA: MEMMAP_REGION index=15 start=0x0000000019a7b000 end=0x0000000019b71000 len=0x00000000000f6000 source_type=6 class=executable-and-modules allocator=ineligible reservation=none
GAXERA: MEMMAP_REGION index=16 start=0x0000000019b71000 end=0x000000001a66c000 len=0x0000000000afb000 source_type=5 class=bootloader-reclaimable allocator=ineligible reservation=none
GAXERA: MEMMAP_REGION index=17 start=0x000000001a66c000 end=0x000000001bf6c000 len=0x0000000001900000 source_type=0 class=usable allocator=eligible reservation=none
GAXERA: MEMMAP_REGION index=18 start=0x000000001bf6c000 end=0x000000001bfaa000 len=0x000000000003e000 source_type=5 class=bootloader-reclaimable allocator=ineligible reservation=none
GAXERA: MEMMAP_REGION index=19 start=0x000000001bfaa000 end=0x000000001bfab000 len=0x0000000000001000 source_type=6 class=executable-and-modules allocator=ineligible reservation=none
GAXERA: MEMMAP_REGION index=20 start=0x000000001bfab000 end=0x000000001bfaf000 len=0x0000000000004000 source_type=5 class=bootloader-reclaimable allocator=ineligible reservation=none
GAXERA: MEMMAP_REGION index=21 start=0x000000001bfaf000 end=0x000000001e6a0000 len=0x00000000026f1000 source_type=0 class=usable allocator=eligible reservation=none
GAXERA: MEMMAP_REGION index=22 start=0x000000001e6a0000 end=0x000000001ed3f000 len=0x000000000069f000 source_type=5 class=bootloader-reclaimable allocator=ineligible reservation=none
GAXERA: MEMMAP_REGION index=23 start=0x000000001ed3f000 end=0x000000001ee00000 len=0x00000000000c1000 source_type=8 class=mapped-reserved allocator=ineligible reservation=none
GAXERA: MEMMAP_REGION index=24 start=0x000000001ee00000 end=0x000000001f8ed000 len=0x0000000000aed000 source_type=5 class=bootloader-reclaimable allocator=ineligible reservation=none
GAXERA: MEMMAP_REGION index=25 start=0x000000001f8ed000 end=0x000000001faed000 len=0x0000000000200000 source_type=8 class=mapped-reserved allocator=ineligible reservation=none
GAXERA: MEMMAP_REGION index=26 start=0x000000001faed000 end=0x000000001fb6d000 len=0x0000000000080000 source_type=1 class=reserved allocator=ineligible reservation=none
GAXERA: MEMMAP_REGION index=27 start=0x000000001fb6d000 end=0x000000001fb7f000 len=0x0000000000012000 source_type=2 class=acpi-reclaimable allocator=ineligible reservation=none
GAXERA: MEMMAP_REGION index=28 start=0x000000001fb7f000 end=0x000000001fbff000 len=0x0000000000080000 source_type=3 class=acpi-nvs allocator=ineligible reservation=none
GAXERA: MEMMAP_REGION index=29 start=0x000000001fbff000 end=0x000000001fef4000 len=0x00000000002f5000 source_type=5 class=bootloader-reclaimable allocator=ineligible reservation=none
GAXERA: MEMMAP_REGION index=30 start=0x000000001fef4000 end=0x000000001ff78000 len=0x0000000000084000 source_type=8 class=mapped-reserved allocator=ineligible reservation=none
GAXERA: MEMMAP_REGION index=31 start=0x000000001ff78000 end=0x0000000020000000 len=0x0000000000088000 source_type=3 class=acpi-nvs allocator=ineligible reservation=none
GAXERA: MEMMAP_REGION index=32 start=0x0000000080000000 end=0x00000000803e8000 len=0x00000000003e8000 source_type=7 class=framebuffer allocator=ineligible reservation=none
GAXERA: MEMMAP_REGION index=33 start=0x000000fd00000000 end=0x0000010000000000 len=0x0000000300000000 source_type=1 class=reserved allocator=ineligible reservation=none
GAXERA: MEMMAP_END
GAXERA: BOOTSTRAP_FRAME_ALLOCATOR_READY ranges=8
GAXERA: PAGING_HHDM_MAPPED
GAXERA: PAGING_TEXT_MAPPED
GAXERA: PAGING_FRAMEBUFFER_MAPPED
GAXERA: PAGE_TABLES_READY root=0x0000000000000000 reservations=3
GAXERA: CR3_GAXERA_OWNED
GAXERA: PHYSICAL_FRAME_ALLOCATOR_READY frames=114988 bitmap_words=1797
GAXERA: MEMORY_FOUNDATION_OK heap=0xfffffe8000001000 size=2097152 lower_guard=0xfffffe8000000000
GAXERA: KERNEL_ENTRY_OK
GAXERA: FRAMEBUFFER_OK (1280x800, pitch: 5120)
GAXERA: TEST_PATTERN_DRAWN
GAXERA: ACPI_MADT_READY local_apic_phys=0x00000000fee00000 override=false
GAXERA: ACPI_TEMPORARY_WINDOW_RELEASED
GAXERA: LOCAL_APIC_READY phys=0x00000000fee00000 vector=0xe0
GAXERA: APIC_TIMER_DELIVERY_OK ticks=3
Guest-confirmed QEMU test passed.
=== Building Gaxera Kernel ISO ===
Compiling kernel binary...
    Finished `dev` profile [unoptimized + debuginfo] target(s) in 0.04s
Compiling guest binary (init)...
    Finished `dev` profile [unoptimized + debuginfo] target(s) in 0.03s
Assembling ISO directory structure...
Compiling ramfs binary...
    Finished `dev` profile [unoptimized + debuginfo] target(s) in 0.03s
Compiling script_session binary...
    Finished `dev` profile [unoptimized + debuginfo] target(s) in 0.03s
Packaging GaxFS ramfs.img...
Packaging bootable ISO image via xorriso...
xorriso 1.5.6 : RockRidge filesystem manipulator, libburnia project.

Drive current: -outdev 'stdio:target/gaxera.iso'
Media current: stdio file, overwriteable
Media status : is blank
Media summary: 0 sessions, 0 data blocks, 0 data,  943g free
Added to ISO image: directory '/'='/home/nyx/gaxera/target/iso_root'
xorriso : UPDATE :      16 files added in 1 seconds
xorriso : UPDATE :      16 files added in 1 seconds
ISO image produced: 12663 sectors
Written to medium : 12663 sectors at LBA 0
Writing to 'stdio:target/gaxera.iso' completed successfully.

Installing bootloader record sector...
Physical block size of 512 bytes.
Installing to GPT. Logical block size of 512 bytes.
Secondary header at LBA 0xc5db.
Secondary header valid.
Detected ISOHYBRID with a GUID partition table (GPT).
Converting to MBR for improved compatibility...
Conversion successful.
No active partition found, some systems may not boot.
Setting partition 1 as active to work around the issue...
Installing to MBR.
Stage 2 to be located at byte offset 0x200.
Reminder: Remember to copy the limine-bios.sys file in either
          the root, /boot, /limine, or /boot/limine directories of
          one of the partitions on the device, or boot will fail!
Limine BIOS stages installed successfully.
Gaxera packaging successfully compiled to target/gaxera.iso!
=== Launching QEMU Virtual Machine ===
OVMF UEFI firmware detected. Booting in UEFI mode.
Headless mode selected.
[2J[001;001H[=3h[2J[001;001H[2J[001;001H[8;056;240t[2J[001;001H[2J[001;001H[=3h[2J[001;001H[2J[001;001H[8;042;160t[2J[001;001HBdsDxe: loading Boot0002 "UEFI QEMU DVD-ROM QM00003 " from PciRoot(0x0)/Pci(0x1,0x1)/Ata(Secondary,Master,0x0)
BdsDxe: starting Boot0002 "UEFI QEMU DVD-ROM QM00003 " from PciRoot(0x0)/Pci(0x1,0x1)/Ata(Secondary,Master,0x0)
[001;001H[001;001H[001;001Hl[001;002Hi[001;003Hm[001;004Hi[001;005Hn[001;006He[001;007H:[001;008H [001;009HL[001;010Ho[001;011Ha[001;012Hd[001;013Hi[001;014Hn[001;015Hg[001;016H [001;017He[001;018Hx[001;019He[001;020Hc[001;021Hu[001;022Ht[001;023Ha[001;024Hb[001;025Hl[001;026He[001;027H [001;028H`[001;029Hb[001;030Ho[001;031Ho[001;032Ht[001;033H([001;034H)[001;035H:[001;036H/[001;037Hb[001;038Ho[001;039Ho[001;040Ht[001;041H/[001;042Hg[001;043Ha[001;044Hx[001;045He[001;046Hr[001;047Ha[001;048H.[001;049He[001;050Hl[001;051Hf[001;052H`[001;053H.[001;054H.[001;055H.[001;056H[001;001H[002;001Hl[002;002Hi[002;003Hm[002;004Hi[002;005Hn[002;006He[002;007H:[002;008H [002;009HL[002;010Ho[002;011Ha[002;012Hd[002;013Hi[002;014Hn[002;015Hg[002;016H [002;017Hm[002;018Ho[002;019Hd[002;020Hu[002;021Hl[002;022He[002;023H [002;024H`[002;025Hb[002;026Ho[002;027Ho[002;028Ht[002;029H([002;030H)[002;031H:[002;032H/[002;033Hb[002;034Ho[002;035Ho[002;036Ht[002;037H/[002;038Hi[002;039Hn[002;040Hi[002;041Ht[002;042H.[002;043He[002;044Hl[002;045Hf[002;046H`[002;047H.[002;048H.[002;049H.[002;050H[002;001H[003;001Hl[003;002Hi[003;003Hm[003;004Hi[003;005Hn[003;006He[003;007H:[003;008H [003;009HL[003;010Ho[003;011Ha[003;012Hd[003;013Hi[003;014Hn[003;015Hg[003;016H [003;017Hm[003;018Ho[003;019Hd[003;020Hu[003;021Hl[003;022He[003;023H [003;024H`[003;025Hb[003;026Ho[003;027Ho[003;028Ht[003;029H([003;030H)[003;031H:[003;032H/[003;033Hb[003;034Ho[003;035Ho[003;036Ht[003;037H/[003;038Hr[003;039Ha[003;040Hm[003;041Hf[003;042Hs[003;043H.[003;044He[003;045Hl[003;046Hf[003;047H`[003;048H.[003;049H.[003;050H.[003;051H[003;001H[004;001Hl[004;002Hi[004;003Hm[004;004Hi[004;005Hn[004;006He[004;007H:[004;008H [004;009HL[004;010Ho[004;011Ha[004;012Hd[004;013Hi[004;014Hn[004;015Hg[004;016H [004;017Hm[004;018Ho[004;019Hd[004;020Hu[004;021Hl[004;022He[004;023H [004;024H`[004;025Hb[004;026Ho[004;027Ho[004;028Ht[004;029H([004;030H)[004;031H:[004;032H/[004;033Hb[004;034Ho[004;035Ho[004;036Ht[004;037H/[004;038Hs[004;039Hc[004;040Hr[004;041Hi[004;042Hp[004;043Ht[004;044H_[004;045Hs[004;046He[004;047Hs[004;048Hs[004;049Hi[004;050Ho[004;051Hn[004;052H.[004;053He[004;054Hl[004;055Hf[004;056H`[004;057H.[004;058H.[004;059H.[004;060H[004;001H[005;001Hl[005;002Hi[005;003Hm[005;004Hi[005;005Hn[005;006He[005;007H:[005;008H [005;009HL[005;010Ho[005;011Ha[005;012Hd[005;013Hi[005;014Hn[005;015Hg[005;016H [005;017Hm[005;018Ho[005;019Hd[005;020Hu[005;021Hl[005;022He[005;023H [005;024H`[005;025Hb[005;026Ho[005;027Ho[005;028Ht[005;029H([005;030H)[005;031H:[005;032H/[005;033Hb[005;034Ho[005;035Ho[005;036Ht[005;037H/[005;038Hr[005;039Ha[005;040Hm[005;041Hf[005;042Hs[005;043H.[005;044Hi[005;045Hm[005;046Hg[005;047H`[005;048H.[005;049H.[005;050H.[005;051H[005;001H[006;001HGAXERA: BOOT_STACK_READY
GAXERA: DESCRIPTORS_AND_IDT_READY
GAXERA: BOOT_CONTEXT_READY kernel_phys=0x0000000019a68000 kernel_virt=0xffffffff80000000 rsdp_phys=0x000000001fb7e014
GAXERA: MEMMAP_BEGIN count=34
GAXERA: MEMMAP_REGION index=0 start=0x0000000000000000 end=0x0000000000087000 len=0x0000000000087000 source_type=0 class=usable allocator=eligible reservation=none
GAXERA: MEMMAP_REGION index=1 start=0x0000000000087000 end=0x0000000000088000 len=0x0000000000001000 source_type=5 class=bootloader-reclaimable allocator=ineligible reservation=none
GAXERA: MEMMAP_REGION index=2 start=0x0000000000088000 end=0x00000000000a0000 len=0x0000000000018000 source_type=0 class=usable allocator=eligible reservation=none
GAXERA: MEMMAP_REGION index=3 start=0x0000000000100000 end=0x0000000000800000 len=0x0000000000700000 source_type=0 class=usable allocator=eligible reservation=none
GAXERA: MEMMAP_REGION index=4 start=0x0000000000800000 end=0x0000000000808000 len=0x0000000000008000 source_type=3 class=acpi-nvs allocator=ineligible reservation=none
GAXERA: MEMMAP_REGION index=5 start=0x0000000000808000 end=0x000000000080b000 len=0x0000000000003000 source_type=0 class=usable allocator=eligible reservation=none
GAXERA: MEMMAP_REGION index=6 start=0x000000000080b000 end=0x000000000080c000 len=0x0000000000001000 source_type=3 class=acpi-nvs allocator=ineligible reservation=none
GAXERA: MEMMAP_REGION index=7 start=0x000000000080c000 end=0x0000000000814000 len=0x0000000000008000 source_type=0 class=usable allocator=eligible reservation=none
GAXERA: MEMMAP_REGION index=8 start=0x0000000000814000 end=0x0000000000900000 len=0x00000000000ec000 source_type=3 class=acpi-nvs allocator=ineligible reservation=none
GAXERA: MEMMAP_REGION index=9 start=0x0000000000900000 end=0x0000000001780000 len=0x0000000000e80000 source_type=5 class=bootloader-reclaimable allocator=ineligible reservation=none
GAXERA: MEMMAP_REGION index=10 start=0x0000000001780000 end=0x00000000190fe000 len=0x000000001797e000 source_type=0 class=usable allocator=eligible reservation=none
GAXERA: MEMMAP_REGION index=11 start=0x00000000190fe000 end=0x000000001910b000 len=0x000000000000d000 source_type=5 class=bootloader-reclaimable allocator=ineligible reservation=none
GAXERA: MEMMAP_REGION index=12 start=0x000000001910b000 end=0x00000000193b9000 len=0x00000000002ae000 source_type=6 class=executable-and-modules allocator=ineligible reservation=none
GAXERA: MEMMAP_REGION index=13 start=0x00000000193b9000 end=0x0000000019667000 len=0x00000000002ae000 source_type=6 class=executable-and-modules allocator=ineligible reservation=none
GAXERA: MEMMAP_REGION index=14 start=0x0000000019667000 end=0x0000000019a68000 len=0x0000000000401000 source_type=6 class=executable-and-modules allocator=ineligible reservation=none
GAXERA: MEMMAP_REGION index=15 start=0x0000000019a68000 end=0x0000000019b63000 len=0x00000000000fb000 source_type=6 class=executable-and-modules allocator=ineligible reservation=none
GAXERA: MEMMAP_REGION index=16 start=0x0000000019b63000 end=0x000000001a66c000 len=0x0000000000b09000 source_type=5 class=bootloader-reclaimable allocator=ineligible reservation=none
GAXERA: MEMMAP_REGION index=17 start=0x000000001a66c000 end=0x000000001bf6c000 len=0x0000000001900000 source_type=0 class=usable allocator=eligible reservation=none
GAXERA: MEMMAP_REGION index=18 start=0x000000001bf6c000 end=0x000000001bfaa000 len=0x000000000003e000 source_type=5 class=bootloader-reclaimable allocator=ineligible reservation=none
GAXERA: MEMMAP_REGION index=19 start=0x000000001bfaa000 end=0x000000001bfab000 len=0x0000000000001000 source_type=6 class=executable-and-modules allocator=ineligible reservation=none
GAXERA: MEMMAP_REGION index=20 start=0x000000001bfab000 end=0x000000001bfaf000 len=0x0000000000004000 source_type=5 class=bootloader-reclaimable allocator=ineligible reservation=none
GAXERA: MEMMAP_REGION index=21 start=0x000000001bfaf000 end=0x000000001e6a0000 len=0x00000000026f1000 source_type=0 class=usable allocator=eligible reservation=none
GAXERA: MEMMAP_REGION index=22 start=0x000000001e6a0000 end=0x000000001ed3f000 len=0x000000000069f000 source_type=5 class=bootloader-reclaimable allocator=ineligible reservation=none
GAXERA: MEMMAP_REGION index=23 start=0x000000001ed3f000 end=0x000000001ee00000 len=0x00000000000c1000 source_type=8 class=mapped-reserved allocator=ineligible reservation=none
GAXERA: MEMMAP_REGION index=24 start=0x000000001ee00000 end=0x000000001f8ed000 len=0x0000000000aed000 source_type=5 class=bootloader-reclaimable allocator=ineligible reservation=none
GAXERA: MEMMAP_REGION index=25 start=0x000000001f8ed000 end=0x000000001faed000 len=0x0000000000200000 source_type=8 class=mapped-reserved allocator=ineligible reservation=none
GAXERA: MEMMAP_REGION index=26 start=0x000000001faed000 end=0x000000001fb6d000 len=0x0000000000080000 source_type=1 class=reserved allocator=ineligible reservation=none
GAXERA: MEMMAP_REGION index=27 start=0x000000001fb6d000 end=0x000000001fb7f000 len=0x0000000000012000 source_type=2 class=acpi-reclaimable allocator=ineligible reservation=none
GAXERA: MEMMAP_REGION index=28 start=0x000000001fb7f000 end=0x000000001fbff000 len=0x0000000000080000 source_type=3 class=acpi-nvs allocator=ineligible reservation=none
GAXERA: MEMMAP_REGION index=29 start=0x000000001fbff000 end=0x000000001fef4000 len=0x00000000002f5000 source_type=5 class=bootloader-reclaimable allocator=ineligible reservation=none
GAXERA: MEMMAP_REGION index=30 start=0x000000001fef4000 end=0x000000001ff78000 len=0x0000000000084000 source_type=8 class=mapped-reserved allocator=ineligible reservation=none
GAXERA: MEMMAP_REGION index=31 start=0x000000001ff78000 end=0x0000000020000000 len=0x0000000000088000 source_type=3 class=acpi-nvs allocator=ineligible reservation=none
GAXERA: MEMMAP_REGION index=32 start=0x0000000080000000 end=0x00000000803e8000 len=0x00000000003e8000 source_type=7 class=framebuffer allocator=ineligible reservation=none
GAXERA: MEMMAP_REGION index=33 start=0x000000fd00000000 end=0x0000010000000000 len=0x0000000300000000 source_type=1 class=reserved allocator=ineligible reservation=none
GAXERA: MEMMAP_END
GAXERA: BOOTSTRAP_FRAME_ALLOCATOR_READY ranges=8
GAXERA: PAGING_HHDM_MAPPED
GAXERA: PAGING_TEXT_MAPPED
GAXERA: PAGING_FRAMEBUFFER_MAPPED
GAXERA: PAGE_TABLES_READY root=0x0000000000000000 reservations=3
GAXERA: CR3_GAXERA_OWNED
GAXERA: PHYSICAL_FRAME_ALLOCATOR_READY frames=114969 bitmap_words=1797
GAXERA: MEMORY_FOUNDATION_OK heap=0xfffffe8000001000 size=2097152 lower_guard=0xfffffe8000000000
GAXERA: KERNEL_ENTRY_OK
GAXERA: FRAMEBUFFER_OK (1280x800, pitch: 5120)
GAXERA: TEST_PATTERN_DRAWN
GAXERA: ACPI_MADT_READY local_apic_phys=0x00000000fee00000 override=false
GAXERA: ACPI_TEMPORARY_WINDOW_RELEASED
GAXERA: LOCAL_APIC_READY phys=0x00000000fee00000 vector=0xe0
GAXERA: PREEMPTION_TIMER_READY ticks_per_ms=63220
GAXERA: USER_INVALID_FRAME_REJECTED
Guest-confirmed QEMU test passed.
=== Building Gaxera Kernel ISO ===
Compiling kernel binary...
    Finished `dev` profile [unoptimized + debuginfo] target(s) in 0.04s
Compiling guest binary (init)...
    Finished `dev` profile [unoptimized + debuginfo] target(s) in 0.03s
Assembling ISO directory structure...
Compiling ramfs binary...
    Finished `dev` profile [unoptimized + debuginfo] target(s) in 0.03s
Compiling script_session binary...
    Finished `dev` profile [unoptimized + debuginfo] target(s) in 0.03s
Packaging GaxFS ramfs.img...
Packaging bootable ISO image via xorriso...
xorriso 1.5.6 : RockRidge filesystem manipulator, libburnia project.

Drive current: -outdev 'stdio:target/gaxera.iso'
Media current: stdio file, overwriteable
Media status : is blank
Media summary: 0 sessions, 0 data blocks, 0 data,  943g free
Added to ISO image: directory '/'='/home/nyx/gaxera/target/iso_root'
xorriso : UPDATE :      16 files added in 1 seconds
xorriso : UPDATE :      16 files added in 1 seconds
ISO image produced: 12562 sectors
Written to medium : 12562 sectors at LBA 0
Writing to 'stdio:target/gaxera.iso' completed successfully.

Installing bootloader record sector...
Physical block size of 512 bytes.
Installing to GPT. Logical block size of 512 bytes.
Secondary header at LBA 0xc447.
Secondary header valid.
Detected ISOHYBRID with a GUID partition table (GPT).
Converting to MBR for improved compatibility...
Conversion successful.
No active partition found, some systems may not boot.
Setting partition 1 as active to work around the issue...
Installing to MBR.
Stage 2 to be located at byte offset 0x200.
Reminder: Remember to copy the limine-bios.sys file in either
          the root, /boot, /limine, or /boot/limine directories of
          one of the partitions on the device, or boot will fail!
Limine BIOS stages installed successfully.
Gaxera packaging successfully compiled to target/gaxera.iso!
=== Launching QEMU Virtual Machine ===
OVMF UEFI firmware detected. Booting in UEFI mode.
Headless mode selected.
[2J[001;001H[=3h[2J[001;001H[2J[001;001H[8;056;240t[2J[001;001H[2J[001;001H[=3h[2J[001;001H[2J[001;001H[8;042;160t[2J[001;001HBdsDxe: loading Boot0002 "UEFI QEMU DVD-ROM QM00003 " from PciRoot(0x0)/Pci(0x1,0x1)/Ata(Secondary,Master,0x0)
BdsDxe: starting Boot0002 "UEFI QEMU DVD-ROM QM00003 " from PciRoot(0x0)/Pci(0x1,0x1)/Ata(Secondary,Master,0x0)
[001;001H[001;001H[001;001Hl[001;002Hi[001;003Hm[001;004Hi[001;005Hn[001;006He[001;007H:[001;008H [001;009HL[001;010Ho[001;011Ha[001;012Hd[001;013Hi[001;014Hn[001;015Hg[001;016H [001;017He[001;018Hx[001;019He[001;020Hc[001;021Hu[001;022Ht[001;023Ha[001;024Hb[001;025Hl[001;026He[001;027H [001;028H`[001;029Hb[001;030Ho[001;031Ho[001;032Ht[001;033H([001;034H)[001;035H:[001;036H/[001;037Hb[001;038Ho[001;039Ho[001;040Ht[001;041H/[001;042Hg[001;043Ha[001;044Hx[001;045He[001;046Hr[001;047Ha[001;048H.[001;049He[001;050Hl[001;051Hf[001;052H`[001;053H.[001;054H.[001;055H.[001;056H[001;001H[002;001Hl[002;002Hi[002;003Hm[002;004Hi[002;005Hn[002;006He[002;007H:[002;008H [002;009HL[002;010Ho[002;011Ha[002;012Hd[002;013Hi[002;014Hn[002;015Hg[002;016H [002;017Hm[002;018Ho[002;019Hd[002;020Hu[002;021Hl[002;022He[002;023H [002;024H`[002;025Hb[002;026Ho[002;027Ho[002;028Ht[002;029H([002;030H)[002;031H:[002;032H/[002;033Hb[002;034Ho[002;035Ho[002;036Ht[002;037H/[002;038Hi[002;039Hn[002;040Hi[002;041Ht[002;042H.[002;043He[002;044Hl[002;045Hf[002;046H`[002;047H.[002;048H.[002;049H.[002;050H[002;001H[003;001Hl[003;002Hi[003;003Hm[003;004Hi[003;005Hn[003;006He[003;007H:[003;008H [003;009HL[003;010Ho[003;011Ha[003;012Hd[003;013Hi[003;014Hn[003;015Hg[003;016H [003;017Hm[003;018Ho[003;019Hd[003;020Hu[003;021Hl[003;022He[003;023H [003;024H`[003;025Hb[003;026Ho[003;027Ho[003;028Ht[003;029H([003;030H)[003;031H:[003;032H/[003;033Hb[003;034Ho[003;035Ho[003;036Ht[003;037H/[003;038Hr[003;039Ha[003;040Hm[003;041Hf[003;042Hs[003;043H.[003;044He[003;045Hl[003;046Hf[003;047H`[003;048H.[003;049H.[003;050H.[003;051H[003;001H[004;001Hl[004;002Hi[004;003Hm[004;004Hi[004;005Hn[004;006He[004;007H:[004;008H [004;009HL[004;010Ho[004;011Ha[004;012Hd[004;013Hi[004;014Hn[004;015Hg[004;016H [004;017Hm[004;018Ho[004;019Hd[004;020Hu[004;021Hl[004;022He[004;023H [004;024H`[004;025Hb[004;026Ho[004;027Ho[004;028Ht[004;029H([004;030H)[004;031H:[004;032H/[004;033Hb[004;034Ho[004;035Ho[004;036Ht[004;037H/[004;038Hs[004;039Hc[004;040Hr[004;041Hi[004;042Hp[004;043Ht[004;044H_[004;045Hs[004;046He[004;047Hs[004;048Hs[004;049Hi[004;050Ho[004;051Hn[004;052H.[004;053He[004;054Hl[004;055Hf[004;056H`[004;057H.[004;058H.[004;059H.[004;060H[004;001H[005;001Hl[005;002Hi[005;003Hm[005;004Hi[005;005Hn[005;006He[005;007H:[005;008H [005;009HL[005;010Ho[005;011Ha[005;012Hd[005;013Hi[005;014Hn[005;015Hg[005;016H [005;017Hm[005;018Ho[005;019Hd[005;020Hu[005;021Hl[005;022He[005;023H [005;024H`[005;025Hb[005;026Ho[005;027Ho[005;028Ht[005;029H([005;030H)[005;031H:[005;032H/[005;033Hb[005;034Ho[005;035Ho[005;036Ht[005;037H/[005;038Hr[005;039Ha[005;040Hm[005;041Hf[005;042Hs[005;043H.[005;044Hi[005;045Hm[005;046Hg[005;047H`[005;048H.[005;049H.[005;050H.[005;051H[005;001H[006;001HGAXERA: BOOT_STACK_READY
GAXERA: DESCRIPTORS_AND_IDT_READY
GAXERA: BOOT_CONTEXT_READY kernel_phys=0x0000000019aa9000 kernel_virt=0xffffffff80000000 rsdp_phys=0x000000001fb7e014
GAXERA: MEMMAP_BEGIN count=34
GAXERA: MEMMAP_REGION index=0 start=0x0000000000000000 end=0x0000000000087000 len=0x0000000000087000 source_type=0 class=usable allocator=eligible reservation=none
GAXERA: MEMMAP_REGION index=1 start=0x0000000000087000 end=0x0000000000088000 len=0x0000000000001000 source_type=5 class=bootloader-reclaimable allocator=ineligible reservation=none
GAXERA: MEMMAP_REGION index=2 start=0x0000000000088000 end=0x00000000000a0000 len=0x0000000000018000 source_type=0 class=usable allocator=eligible reservation=none
GAXERA: MEMMAP_REGION index=3 start=0x0000000000100000 end=0x0000000000800000 len=0x0000000000700000 source_type=0 class=usable allocator=eligible reservation=none
GAXERA: MEMMAP_REGION index=4 start=0x0000000000800000 end=0x0000000000808000 len=0x0000000000008000 source_type=3 class=acpi-nvs allocator=ineligible reservation=none
GAXERA: MEMMAP_REGION index=5 start=0x0000000000808000 end=0x000000000080b000 len=0x0000000000003000 source_type=0 class=usable allocator=eligible reservation=none
GAXERA: MEMMAP_REGION index=6 start=0x000000000080b000 end=0x000000000080c000 len=0x0000000000001000 source_type=3 class=acpi-nvs allocator=ineligible reservation=none
GAXERA: MEMMAP_REGION index=7 start=0x000000000080c000 end=0x0000000000814000 len=0x0000000000008000 source_type=0 class=usable allocator=eligible reservation=none
GAXERA: MEMMAP_REGION index=8 start=0x0000000000814000 end=0x0000000000900000 len=0x00000000000ec000 source_type=3 class=acpi-nvs allocator=ineligible reservation=none
GAXERA: MEMMAP_REGION index=9 start=0x0000000000900000 end=0x0000000001780000 len=0x0000000000e80000 source_type=5 class=bootloader-reclaimable allocator=ineligible reservation=none
GAXERA: MEMMAP_REGION index=10 start=0x0000000001780000 end=0x000000001913f000 len=0x00000000179bf000 source_type=0 class=usable allocator=eligible reservation=none
GAXERA: MEMMAP_REGION index=11 start=0x000000001913f000 end=0x000000001914c000 len=0x000000000000d000 source_type=5 class=bootloader-reclaimable allocator=ineligible reservation=none
GAXERA: MEMMAP_REGION index=12 start=0x000000001914c000 end=0x00000000193fa000 len=0x00000000002ae000 source_type=6 class=executable-and-modules allocator=ineligible reservation=none
GAXERA: MEMMAP_REGION index=13 start=0x00000000193fa000 end=0x00000000196a8000 len=0x00000000002ae000 source_type=6 class=executable-and-modules allocator=ineligible reservation=none
GAXERA: MEMMAP_REGION index=14 start=0x00000000196a8000 end=0x0000000019aa9000 len=0x0000000000401000 source_type=6 class=executable-and-modules allocator=ineligible reservation=none
GAXERA: MEMMAP_REGION index=15 start=0x0000000019aa9000 end=0x0000000019b95000 len=0x00000000000ec000 source_type=6 class=executable-and-modules allocator=ineligible reservation=none
GAXERA: MEMMAP_REGION index=16 start=0x0000000019b95000 end=0x000000001a66c000 len=0x0000000000ad7000 source_type=5 class=bootloader-reclaimable allocator=ineligible reservation=none
GAXERA: MEMMAP_REGION index=17 start=0x000000001a66c000 end=0x000000001bf6c000 len=0x0000000001900000 source_type=0 class=usable allocator=eligible reservation=none
GAXERA: MEMMAP_REGION index=18 start=0x000000001bf6c000 end=0x000000001bfaa000 len=0x000000000003e000 source_type=5 class=bootloader-reclaimable allocator=ineligible reservation=none
GAXERA: MEMMAP_REGION index=19 start=0x000000001bfaa000 end=0x000000001bfab000 len=0x0000000000001000 source_type=6 class=executable-and-modules allocator=ineligible reservation=none
GAXERA: MEMMAP_REGION index=20 start=0x000000001bfab000 end=0x000000001bfaf000 len=0x0000000000004000 source_type=5 class=bootloader-reclaimable allocator=ineligible reservation=none
GAXERA: MEMMAP_REGION index=21 start=0x000000001bfaf000 end=0x000000001e6a0000 len=0x00000000026f1000 source_type=0 class=usable allocator=eligible reservation=none
GAXERA: MEMMAP_REGION index=22 start=0x000000001e6a0000 end=0x000000001ed3f000 len=0x000000000069f000 source_type=5 class=bootloader-reclaimable allocator=ineligible reservation=none
GAXERA: MEMMAP_REGION index=23 start=0x000000001ed3f000 end=0x000000001ee00000 len=0x00000000000c1000 source_type=8 class=mapped-reserved allocator=ineligible reservation=none
GAXERA: MEMMAP_REGION index=24 start=0x000000001ee00000 end=0x000000001f8ed000 len=0x0000000000aed000 source_type=5 class=bootloader-reclaimable allocator=ineligible reservation=none
GAXERA: MEMMAP_REGION index=25 start=0x000000001f8ed000 end=0x000000001faed000 len=0x0000000000200000 source_type=8 class=mapped-reserved allocator=ineligible reservation=none
GAXERA: MEMMAP_REGION index=26 start=0x000000001faed000 end=0x000000001fb6d000 len=0x0000000000080000 source_type=1 class=reserved allocator=ineligible reservation=none
GAXERA: MEMMAP_REGION index=27 start=0x000000001fb6d000 end=0x000000001fb7f000 len=0x0000000000012000 source_type=2 class=acpi-reclaimable allocator=ineligible reservation=none
GAXERA: MEMMAP_REGION index=28 start=0x000000001fb7f000 end=0x000000001fbff000 len=0x0000000000080000 source_type=3 class=acpi-nvs allocator=ineligible reservation=none
GAXERA: MEMMAP_REGION index=29 start=0x000000001fbff000 end=0x000000001fef4000 len=0x00000000002f5000 source_type=5 class=bootloader-reclaimable allocator=ineligible reservation=none
GAXERA: MEMMAP_REGION index=30 start=0x000000001fef4000 end=0x000000001ff78000 len=0x0000000000084000 source_type=8 class=mapped-reserved allocator=ineligible reservation=none
GAXERA: MEMMAP_REGION index=31 start=0x000000001ff78000 end=0x0000000020000000 len=0x0000000000088000 source_type=3 class=acpi-nvs allocator=ineligible reservation=none
GAXERA: MEMMAP_REGION index=32 start=0x0000000080000000 end=0x00000000803e8000 len=0x00000000003e8000 source_type=7 class=framebuffer allocator=ineligible reservation=none
GAXERA: MEMMAP_REGION index=33 start=0x000000fd00000000 end=0x0000010000000000 len=0x0000000300000000 source_type=1 class=reserved allocator=ineligible reservation=none
GAXERA: MEMMAP_END
GAXERA: BOOTSTRAP_FRAME_ALLOCATOR_READY ranges=8
GAXERA: PAGING_HHDM_MAPPED
GAXERA: PAGING_TEXT_MAPPED
GAXERA: PAGING_FRAMEBUFFER_MAPPED
GAXERA: PAGE_TABLES_READY root=0x0000000000000000 reservations=3
GAXERA: CR3_GAXERA_OWNED
GAXERA: PHYSICAL_FRAME_ALLOCATOR_READY frames=115034 bitmap_words=1798
GAXERA: MEMORY_FOUNDATION_OK heap=0xfffffe8000001000 size=2097152 lower_guard=0xfffffe8000000000
GAXERA: KERNEL_ENTRY_OK
GAXERA: EXCEPTION_BREAKPOINT_CAUGHT ip=0xffffffff8000d495
GAXERA: EXCEPTION_BREAKPOINT_RESUMED
Guest-confirmed QEMU test passed.
=== Building Gaxera Kernel ISO ===
Compiling kernel binary...
    Finished `dev` profile [unoptimized + debuginfo] target(s) in 0.04s
Compiling guest binary (init)...
    Finished `dev` profile [unoptimized + debuginfo] target(s) in 0.03s
Assembling ISO directory structure...
Compiling ramfs binary...
    Finished `dev` profile [unoptimized + debuginfo] target(s) in 0.03s
Compiling script_session binary...
    Finished `dev` profile [unoptimized + debuginfo] target(s) in 0.03s
Packaging GaxFS ramfs.img...
Packaging bootable ISO image via xorriso...
xorriso 1.5.6 : RockRidge filesystem manipulator, libburnia project.

Drive current: -outdev 'stdio:target/gaxera.iso'
Media current: stdio file, overwriteable
Media status : is blank
Media summary: 0 sessions, 0 data blocks, 0 data,  943g free
Added to ISO image: directory '/'='/home/nyx/gaxera/target/iso_root'
xorriso : UPDATE :      16 files added in 1 seconds
xorriso : UPDATE :      16 files added in 1 seconds
ISO image produced: 12562 sectors
Written to medium : 12562 sectors at LBA 0
Writing to 'stdio:target/gaxera.iso' completed successfully.

Installing bootloader record sector...
Physical block size of 512 bytes.
Installing to GPT. Logical block size of 512 bytes.
Secondary header at LBA 0xc447.
Secondary header valid.
Detected ISOHYBRID with a GUID partition table (GPT).
Converting to MBR for improved compatibility...
Conversion successful.
No active partition found, some systems may not boot.
Setting partition 1 as active to work around the issue...
Installing to MBR.
Stage 2 to be located at byte offset 0x200.
Reminder: Remember to copy the limine-bios.sys file in either
          the root, /boot, /limine, or /boot/limine directories of
          one of the partitions on the device, or boot will fail!
Limine BIOS stages installed successfully.
Gaxera packaging successfully compiled to target/gaxera.iso!
=== Launching QEMU Virtual Machine ===
OVMF UEFI firmware detected. Booting in UEFI mode.
Headless mode selected.
[2J[001;001H[=3h[2J[001;001H[2J[001;001H[8;056;240t[2J[001;001H[2J[001;001H[=3h[2J[001;001H[2J[001;001H[8;042;160t[2J[001;001HBdsDxe: loading Boot0002 "UEFI QEMU DVD-ROM QM00003 " from PciRoot(0x0)/Pci(0x1,0x1)/Ata(Secondary,Master,0x0)
BdsDxe: starting Boot0002 "UEFI QEMU DVD-ROM QM00003 " from PciRoot(0x0)/Pci(0x1,0x1)/Ata(Secondary,Master,0x0)
[001;001H[001;001H[001;001Hl[001;002Hi[001;003Hm[001;004Hi[001;005Hn[001;006He[001;007H:[001;008H [001;009HL[001;010Ho[001;011Ha[001;012Hd[001;013Hi[001;014Hn[001;015Hg[001;016H [001;017He[001;018Hx[001;019He[001;020Hc[001;021Hu[001;022Ht[001;023Ha[001;024Hb[001;025Hl[001;026He[001;027H [001;028H`[001;029Hb[001;030Ho[001;031Ho[001;032Ht[001;033H([001;034H)[001;035H:[001;036H/[001;037Hb[001;038Ho[001;039Ho[001;040Ht[001;041H/[001;042Hg[001;043Ha[001;044Hx[001;045He[001;046Hr[001;047Ha[001;048H.[001;049He[001;050Hl[001;051Hf[001;052H`[001;053H.[001;054H.[001;055H.[001;056H[001;001H[002;001Hl[002;002Hi[002;003Hm[002;004Hi[002;005Hn[002;006He[002;007H:[002;008H [002;009HL[002;010Ho[002;011Ha[002;012Hd[002;013Hi[002;014Hn[002;015Hg[002;016H [002;017Hm[002;018Ho[002;019Hd[002;020Hu[002;021Hl[002;022He[002;023H [002;024H`[002;025Hb[002;026Ho[002;027Ho[002;028Ht[002;029H([002;030H)[002;031H:[002;032H/[002;033Hb[002;034Ho[002;035Ho[002;036Ht[002;037H/[002;038Hi[002;039Hn[002;040Hi[002;041Ht[002;042H.[002;043He[002;044Hl[002;045Hf[002;046H`[002;047H.[002;048H.[002;049H.[002;050H[002;001H[003;001Hl[003;002Hi[003;003Hm[003;004Hi[003;005Hn[003;006He[003;007H:[003;008H [003;009HL[003;010Ho[003;011Ha[003;012Hd[003;013Hi[003;014Hn[003;015Hg[003;016H [003;017Hm[003;018Ho[003;019Hd[003;020Hu[003;021Hl[003;022He[003;023H [003;024H`[003;025Hb[003;026Ho[003;027Ho[003;028Ht[003;029H([003;030H)[003;031H:[003;032H/[003;033Hb[003;034Ho[003;035Ho[003;036Ht[003;037H/[003;038Hr[003;039Ha[003;040Hm[003;041Hf[003;042Hs[003;043H.[003;044He[003;045Hl[003;046Hf[003;047H`[003;048H.[003;049H.[003;050H.[003;051H[003;001H[004;001Hl[004;002Hi[004;003Hm[004;004Hi[004;005Hn[004;006He[004;007H:[004;008H [004;009HL[004;010Ho[004;011Ha[004;012Hd[004;013Hi[004;014Hn[004;015Hg[004;016H [004;017Hm[004;018Ho[004;019Hd[004;020Hu[004;021Hl[004;022He[004;023H [004;024H`[004;025Hb[004;026Ho[004;027Ho[004;028Ht[004;029H([004;030H)[004;031H:[004;032H/[004;033Hb[004;034Ho[004;035Ho[004;036Ht[004;037H/[004;038Hs[004;039Hc[004;040Hr[004;041Hi[004;042Hp[004;043Ht[004;044H_[004;045Hs[004;046He[004;047Hs[004;048Hs[004;049Hi[004;050Ho[004;051Hn[004;052H.[004;053He[004;054Hl[004;055Hf[004;056H`[004;057H.[004;058H.[004;059H.[004;060H[004;001H[005;001Hl[005;002Hi[005;003Hm[005;004Hi[005;005Hn[005;006He[005;007H:[005;008H [005;009HL[005;010Ho[005;011Ha[005;012Hd[005;013Hi[005;014Hn[005;015Hg[005;016H [005;017Hm[005;018Ho[005;019Hd[005;020Hu[005;021Hl[005;022He[005;023H [005;024H`[005;025Hb[005;026Ho[005;027Ho[005;028Ht[005;029H([005;030H)[005;031H:[005;032H/[005;033Hb[005;034Ho[005;035Ho[005;036Ht[005;037H/[005;038Hr[005;039Ha[005;040Hm[005;041Hf[005;042Hs[005;043H.[005;044Hi[005;045Hm[005;046Hg[005;047H`[005;048H.[005;049H.[005;050H.[005;051H[005;001H[006;001HGAXERA: BOOT_STACK_READY
GAXERA: DESCRIPTORS_AND_IDT_READY
GAXERA: BOOT_CONTEXT_READY kernel_phys=0x0000000019aa9000 kernel_virt=0xffffffff80000000 rsdp_phys=0x000000001fb7e014
GAXERA: MEMMAP_BEGIN count=34
GAXERA: MEMMAP_REGION index=0 start=0x0000000000000000 end=0x0000000000087000 len=0x0000000000087000 source_type=0 class=usable allocator=eligible reservation=none
GAXERA: MEMMAP_REGION index=1 start=0x0000000000087000 end=0x0000000000088000 len=0x0000000000001000 source_type=5 class=bootloader-reclaimable allocator=ineligible reservation=none
GAXERA: MEMMAP_REGION index=2 start=0x0000000000088000 end=0x00000000000a0000 len=0x0000000000018000 source_type=0 class=usable allocator=eligible reservation=none
GAXERA: MEMMAP_REGION index=3 start=0x0000000000100000 end=0x0000000000800000 len=0x0000000000700000 source_type=0 class=usable allocator=eligible reservation=none
GAXERA: MEMMAP_REGION index=4 start=0x0000000000800000 end=0x0000000000808000 len=0x0000000000008000 source_type=3 class=acpi-nvs allocator=ineligible reservation=none
GAXERA: MEMMAP_REGION index=5 start=0x0000000000808000 end=0x000000000080b000 len=0x0000000000003000 source_type=0 class=usable allocator=eligible reservation=none
GAXERA: MEMMAP_REGION index=6 start=0x000000000080b000 end=0x000000000080c000 len=0x0000000000001000 source_type=3 class=acpi-nvs allocator=ineligible reservation=none
GAXERA: MEMMAP_REGION index=7 start=0x000000000080c000 end=0x0000000000814000 len=0x0000000000008000 source_type=0 class=usable allocator=eligible reservation=none
GAXERA: MEMMAP_REGION index=8 start=0x0000000000814000 end=0x0000000000900000 len=0x00000000000ec000 source_type=3 class=acpi-nvs allocator=ineligible reservation=none
GAXERA: MEMMAP_REGION index=9 start=0x0000000000900000 end=0x0000000001780000 len=0x0000000000e80000 source_type=5 class=bootloader-reclaimable allocator=ineligible reservation=none
GAXERA: MEMMAP_REGION index=10 start=0x0000000001780000 end=0x000000001913f000 len=0x00000000179bf000 source_type=0 class=usable allocator=eligible reservation=none
GAXERA: MEMMAP_REGION index=11 start=0x000000001913f000 end=0x000000001914c000 len=0x000000000000d000 source_type=5 class=bootloader-reclaimable allocator=ineligible reservation=none
GAXERA: MEMMAP_REGION index=12 start=0x000000001914c000 end=0x00000000193fa000 len=0x00000000002ae000 source_type=6 class=executable-and-modules allocator=ineligible reservation=none
GAXERA: MEMMAP_REGION index=13 start=0x00000000193fa000 end=0x00000000196a8000 len=0x00000000002ae000 source_type=6 class=executable-and-modules allocator=ineligible reservation=none
GAXERA: MEMMAP_REGION index=14 start=0x00000000196a8000 end=0x0000000019aa9000 len=0x0000000000401000 source_type=6 class=executable-and-modules allocator=ineligible reservation=none
GAXERA: MEMMAP_REGION index=15 start=0x0000000019aa9000 end=0x0000000019b95000 len=0x00000000000ec000 source_type=6 class=executable-and-modules allocator=ineligible reservation=none
GAXERA: MEMMAP_REGION index=16 start=0x0000000019b95000 end=0x000000001a66c000 len=0x0000000000ad7000 source_type=5 class=bootloader-reclaimable allocator=ineligible reservation=none
GAXERA: MEMMAP_REGION index=17 start=0x000000001a66c000 end=0x000000001bf6c000 len=0x0000000001900000 source_type=0 class=usable allocator=eligible reservation=none
GAXERA: MEMMAP_REGION index=18 start=0x000000001bf6c000 end=0x000000001bfaa000 len=0x000000000003e000 source_type=5 class=bootloader-reclaimable allocator=ineligible reservation=none
GAXERA: MEMMAP_REGION index=19 start=0x000000001bfaa000 end=0x000000001bfab000 len=0x0000000000001000 source_type=6 class=executable-and-modules allocator=ineligible reservation=none
GAXERA: MEMMAP_REGION index=20 start=0x000000001bfab000 end=0x000000001bfaf000 len=0x0000000000004000 source_type=5 class=bootloader-reclaimable allocator=ineligible reservation=none
GAXERA: MEMMAP_REGION index=21 start=0x000000001bfaf000 end=0x000000001e6a0000 len=0x00000000026f1000 source_type=0 class=usable allocator=eligible reservation=none
GAXERA: MEMMAP_REGION index=22 start=0x000000001e6a0000 end=0x000000001ed3f000 len=0x000000000069f000 source_type=5 class=bootloader-reclaimable allocator=ineligible reservation=none
GAXERA: MEMMAP_REGION index=23 start=0x000000001ed3f000 end=0x000000001ee00000 len=0x00000000000c1000 source_type=8 class=mapped-reserved allocator=ineligible reservation=none
GAXERA: MEMMAP_REGION index=24 start=0x000000001ee00000 end=0x000000001f8ed000 len=0x0000000000aed000 source_type=5 class=bootloader-reclaimable allocator=ineligible reservation=none
GAXERA: MEMMAP_REGION index=25 start=0x000000001f8ed000 end=0x000000001faed000 len=0x0000000000200000 source_type=8 class=mapped-reserved allocator=ineligible reservation=none
GAXERA: MEMMAP_REGION index=26 start=0x000000001faed000 end=0x000000001fb6d000 len=0x0000000000080000 source_type=1 class=reserved allocator=ineligible reservation=none
GAXERA: MEMMAP_REGION index=27 start=0x000000001fb6d000 end=0x000000001fb7f000 len=0x0000000000012000 source_type=2 class=acpi-reclaimable allocator=ineligible reservation=none
GAXERA: MEMMAP_REGION index=28 start=0x000000001fb7f000 end=0x000000001fbff000 len=0x0000000000080000 source_type=3 class=acpi-nvs allocator=ineligible reservation=none
GAXERA: MEMMAP_REGION index=29 start=0x000000001fbff000 end=0x000000001fef4000 len=0x00000000002f5000 source_type=5 class=bootloader-reclaimable allocator=ineligible reservation=none
GAXERA: MEMMAP_REGION index=30 start=0x000000001fef4000 end=0x000000001ff78000 len=0x0000000000084000 source_type=8 class=mapped-reserved allocator=ineligible reservation=none
GAXERA: MEMMAP_REGION index=31 start=0x000000001ff78000 end=0x0000000020000000 len=0x0000000000088000 source_type=3 class=acpi-nvs allocator=ineligible reservation=none
GAXERA: MEMMAP_REGION index=32 start=0x0000000080000000 end=0x00000000803e8000 len=0x00000000003e8000 source_type=7 class=framebuffer allocator=ineligible reservation=none
GAXERA: MEMMAP_REGION index=33 start=0x000000fd00000000 end=0x0000010000000000 len=0x0000000300000000 source_type=1 class=reserved allocator=ineligible reservation=none
GAXERA: MEMMAP_END
GAXERA: BOOTSTRAP_FRAME_ALLOCATOR_READY ranges=8
GAXERA: PAGING_HHDM_MAPPED
GAXERA: PAGING_TEXT_MAPPED
GAXERA: PAGING_FRAMEBUFFER_MAPPED
GAXERA: PAGE_TABLES_READY root=0x0000000000000000 reservations=3
GAXERA: CR3_GAXERA_OWNED
GAXERA: PHYSICAL_FRAME_ALLOCATOR_READY frames=115034 bitmap_words=1798
GAXERA: MEMORY_FOUNDATION_OK heap=0xfffffe8000001000 size=2097152 lower_guard=0xfffffe8000000000
GAXERA: KERNEL_ENTRY_OK
GAXERA: EXCEPTION_DIVIDE_ERROR_CAUGHT ip=0xffffffff80007b8d
Guest-confirmed QEMU test passed.
=== Building Gaxera Kernel ISO ===
Compiling kernel binary...
    Finished `dev` profile [unoptimized + debuginfo] target(s) in 0.04s
Compiling guest binary (init)...
    Finished `dev` profile [unoptimized + debuginfo] target(s) in 0.03s
Assembling ISO directory structure...
Compiling ramfs binary...
    Finished `dev` profile [unoptimized + debuginfo] target(s) in 0.03s
Compiling script_session binary...
    Finished `dev` profile [unoptimized + debuginfo] target(s) in 0.03s
Packaging GaxFS ramfs.img...
Packaging bootable ISO image via xorriso...
xorriso 1.5.6 : RockRidge filesystem manipulator, libburnia project.

Drive current: -outdev 'stdio:target/gaxera.iso'
Media current: stdio file, overwriteable
Media status : is blank
Media summary: 0 sessions, 0 data blocks, 0 data,  943g free
Added to ISO image: directory '/'='/home/nyx/gaxera/target/iso_root'
xorriso : UPDATE :      16 files added in 1 seconds
xorriso : UPDATE :      16 files added in 1 seconds
ISO image produced: 12558 sectors
Written to medium : 12558 sectors at LBA 0
Writing to 'stdio:target/gaxera.iso' completed successfully.

Installing bootloader record sector...
Physical block size of 512 bytes.
Installing to GPT. Logical block size of 512 bytes.
Secondary header at LBA 0xc437.
Secondary header valid.
Detected ISOHYBRID with a GUID partition table (GPT).
Converting to MBR for improved compatibility...
Conversion successful.
No active partition found, some systems may not boot.
Setting partition 1 as active to work around the issue...
Installing to MBR.
Stage 2 to be located at byte offset 0x200.
Reminder: Remember to copy the limine-bios.sys file in either
          the root, /boot, /limine, or /boot/limine directories of
          one of the partitions on the device, or boot will fail!
Limine BIOS stages installed successfully.
Gaxera packaging successfully compiled to target/gaxera.iso!
=== Launching QEMU Virtual Machine ===
OVMF UEFI firmware detected. Booting in UEFI mode.
Headless mode selected.
[2J[001;001H[=3h[2J[001;001H[2J[001;001H[8;056;240t[2J[001;001H[2J[001;001H[=3h[2J[001;001H[2J[001;001H[8;042;160t[2J[001;001HBdsDxe: loading Boot0002 "UEFI QEMU DVD-ROM QM00003 " from PciRoot(0x0)/Pci(0x1,0x1)/Ata(Secondary,Master,0x0)
BdsDxe: starting Boot0002 "UEFI QEMU DVD-ROM QM00003 " from PciRoot(0x0)/Pci(0x1,0x1)/Ata(Secondary,Master,0x0)
[001;001H[001;001H[001;001Hl[001;002Hi[001;003Hm[001;004Hi[001;005Hn[001;006He[001;007H:[001;008H [001;009HL[001;010Ho[001;011Ha[001;012Hd[001;013Hi[001;014Hn[001;015Hg[001;016H [001;017He[001;018Hx[001;019He[001;020Hc[001;021Hu[001;022Ht[001;023Ha[001;024Hb[001;025Hl[001;026He[001;027H [001;028H`[001;029Hb[001;030Ho[001;031Ho[001;032Ht[001;033H([001;034H)[001;035H:[001;036H/[001;037Hb[001;038Ho[001;039Ho[001;040Ht[001;041H/[001;042Hg[001;043Ha[001;044Hx[001;045He[001;046Hr[001;047Ha[001;048H.[001;049He[001;050Hl[001;051Hf[001;052H`[001;053H.[001;054H.[001;055H.[001;056H[001;001H[002;001Hl[002;002Hi[002;003Hm[002;004Hi[002;005Hn[002;006He[002;007H:[002;008H [002;009HL[002;010Ho[002;011Ha[002;012Hd[002;013Hi[002;014Hn[002;015Hg[002;016H [002;017Hm[002;018Ho[002;019Hd[002;020Hu[002;021Hl[002;022He[002;023H [002;024H`[002;025Hb[002;026Ho[002;027Ho[002;028Ht[002;029H([002;030H)[002;031H:[002;032H/[002;033Hb[002;034Ho[002;035Ho[002;036Ht[002;037H/[002;038Hi[002;039Hn[002;040Hi[002;041Ht[002;042H.[002;043He[002;044Hl[002;045Hf[002;046H`[002;047H.[002;048H.[002;049H.[002;050H[002;001H[003;001Hl[003;002Hi[003;003Hm[003;004Hi[003;005Hn[003;006He[003;007H:[003;008H [003;009HL[003;010Ho[003;011Ha[003;012Hd[003;013Hi[003;014Hn[003;015Hg[003;016H [003;017Hm[003;018Ho[003;019Hd[003;020Hu[003;021Hl[003;022He[003;023H [003;024H`[003;025Hb[003;026Ho[003;027Ho[003;028Ht[003;029H([003;030H)[003;031H:[003;032H/[003;033Hb[003;034Ho[003;035Ho[003;036Ht[003;037H/[003;038Hr[003;039Ha[003;040Hm[003;041Hf[003;042Hs[003;043H.[003;044He[003;045Hl[003;046Hf[003;047H`[003;048H.[003;049H.[003;050H.[003;051H[003;001H[004;001Hl[004;002Hi[004;003Hm[004;004Hi[004;005Hn[004;006He[004;007H:[004;008H [004;009HL[004;010Ho[004;011Ha[004;012Hd[004;013Hi[004;014Hn[004;015Hg[004;016H [004;017Hm[004;018Ho[004;019Hd[004;020Hu[004;021Hl[004;022He[004;023H [004;024H`[004;025Hb[004;026Ho[004;027Ho[004;028Ht[004;029H([004;030H)[004;031H:[004;032H/[004;033Hb[004;034Ho[004;035Ho[004;036Ht[004;037H/[004;038Hs[004;039Hc[004;040Hr[004;041Hi[004;042Hp[004;043Ht[004;044H_[004;045Hs[004;046He[004;047Hs[004;048Hs[004;049Hi[004;050Ho[004;051Hn[004;052H.[004;053He[004;054Hl[004;055Hf[004;056H`[004;057H.[004;058H.[004;059H.[004;060H[004;001H[005;001Hl[005;002Hi[005;003Hm[005;004Hi[005;005Hn[005;006He[005;007H:[005;008H [005;009HL[005;010Ho[005;011Ha[005;012Hd[005;013Hi[005;014Hn[005;015Hg[005;016H [005;017Hm[005;018Ho[005;019Hd[005;020Hu[005;021Hl[005;022He[005;023H [005;024H`[005;025Hb[005;026Ho[005;027Ho[005;028Ht[005;029H([005;030H)[005;031H:[005;032H/[005;033Hb[005;034Ho[005;035Ho[005;036Ht[005;037H/[005;038Hr[005;039Ha[005;040Hm[005;041Hf[005;042Hs[005;043H.[005;044Hi[005;045Hm[005;046Hg[005;047H`[005;048H.[005;049H.[005;050H.[005;051H[005;001H[006;001HGAXERA: BOOT_STACK_READY
GAXERA: DESCRIPTORS_AND_IDT_READY
GAXERA: BOOT_CONTEXT_READY kernel_phys=0x0000000019aab000 kernel_virt=0xffffffff80000000 rsdp_phys=0x000000001fb7e014
GAXERA: MEMMAP_BEGIN count=34
GAXERA: MEMMAP_REGION index=0 start=0x0000000000000000 end=0x0000000000087000 len=0x0000000000087000 source_type=0 class=usable allocator=eligible reservation=none
GAXERA: MEMMAP_REGION index=1 start=0x0000000000087000 end=0x0000000000088000 len=0x0000000000001000 source_type=5 class=bootloader-reclaimable allocator=ineligible reservation=none
GAXERA: MEMMAP_REGION index=2 start=0x0000000000088000 end=0x00000000000a0000 len=0x0000000000018000 source_type=0 class=usable allocator=eligible reservation=none
GAXERA: MEMMAP_REGION index=3 start=0x0000000000100000 end=0x0000000000800000 len=0x0000000000700000 source_type=0 class=usable allocator=eligible reservation=none
GAXERA: MEMMAP_REGION index=4 start=0x0000000000800000 end=0x0000000000808000 len=0x0000000000008000 source_type=3 class=acpi-nvs allocator=ineligible reservation=none
GAXERA: MEMMAP_REGION index=5 start=0x0000000000808000 end=0x000000000080b000 len=0x0000000000003000 source_type=0 class=usable allocator=eligible reservation=none
GAXERA: MEMMAP_REGION index=6 start=0x000000000080b000 end=0x000000000080c000 len=0x0000000000001000 source_type=3 class=acpi-nvs allocator=ineligible reservation=none
GAXERA: MEMMAP_REGION index=7 start=0x000000000080c000 end=0x0000000000814000 len=0x0000000000008000 source_type=0 class=usable allocator=eligible reservation=none
GAXERA: MEMMAP_REGION index=8 start=0x0000000000814000 end=0x0000000000900000 len=0x00000000000ec000 source_type=3 class=acpi-nvs allocator=ineligible reservation=none
GAXERA: MEMMAP_REGION index=9 start=0x0000000000900000 end=0x0000000001780000 len=0x0000000000e80000 source_type=5 class=bootloader-reclaimable allocator=ineligible reservation=none
GAXERA: MEMMAP_REGION index=10 start=0x0000000001780000 end=0x0000000019141000 len=0x00000000179c1000 source_type=0 class=usable allocator=eligible reservation=none
GAXERA: MEMMAP_REGION index=11 start=0x0000000019141000 end=0x000000001914e000 len=0x000000000000d000 source_type=5 class=bootloader-reclaimable allocator=ineligible reservation=none
GAXERA: MEMMAP_REGION index=12 start=0x000000001914e000 end=0x00000000193fc000 len=0x00000000002ae000 source_type=6 class=executable-and-modules allocator=ineligible reservation=none
GAXERA: MEMMAP_REGION index=13 start=0x00000000193fc000 end=0x00000000196aa000 len=0x00000000002ae000 source_type=6 class=executable-and-modules allocator=ineligible reservation=none
GAXERA: MEMMAP_REGION index=14 start=0x00000000196aa000 end=0x0000000019aab000 len=0x0000000000401000 source_type=6 class=executable-and-modules allocator=ineligible reservation=none
GAXERA: MEMMAP_REGION index=15 start=0x0000000019aab000 end=0x0000000019b97000 len=0x00000000000ec000 source_type=6 class=executable-and-modules allocator=ineligible reservation=none
GAXERA: MEMMAP_REGION index=16 start=0x0000000019b97000 end=0x000000001a66c000 len=0x0000000000ad5000 source_type=5 class=bootloader-reclaimable allocator=ineligible reservation=none
GAXERA: MEMMAP_REGION index=17 start=0x000000001a66c000 end=0x000000001bf6c000 len=0x0000000001900000 source_type=0 class=usable allocator=eligible reservation=none
GAXERA: MEMMAP_REGION index=18 start=0x000000001bf6c000 end=0x000000001bfaa000 len=0x000000000003e000 source_type=5 class=bootloader-reclaimable allocator=ineligible reservation=none
GAXERA: MEMMAP_REGION index=19 start=0x000000001bfaa000 end=0x000000001bfab000 len=0x0000000000001000 source_type=6 class=executable-and-modules allocator=ineligible reservation=none
GAXERA: MEMMAP_REGION index=20 start=0x000000001bfab000 end=0x000000001bfaf000 len=0x0000000000004000 source_type=5 class=bootloader-reclaimable allocator=ineligible reservation=none
GAXERA: MEMMAP_REGION index=21 start=0x000000001bfaf000 end=0x000000001e6a0000 len=0x00000000026f1000 source_type=0 class=usable allocator=eligible reservation=none
GAXERA: MEMMAP_REGION index=22 start=0x000000001e6a0000 end=0x000000001ed3f000 len=0x000000000069f000 source_type=5 class=bootloader-reclaimable allocator=ineligible reservation=none
GAXERA: MEMMAP_REGION index=23 start=0x000000001ed3f000 end=0x000000001ee00000 len=0x00000000000c1000 source_type=8 class=mapped-reserved allocator=ineligible reservation=none
GAXERA: MEMMAP_REGION index=24 start=0x000000001ee00000 end=0x000000001f8ed000 len=0x0000000000aed000 source_type=5 class=bootloader-reclaimable allocator=ineligible reservation=none
GAXERA: MEMMAP_REGION index=25 start=0x000000001f8ed000 end=0x000000001faed000 len=0x0000000000200000 source_type=8 class=mapped-reserved allocator=ineligible reservation=none
GAXERA: MEMMAP_REGION index=26 start=0x000000001faed000 end=0x000000001fb6d000 len=0x0000000000080000 source_type=1 class=reserved allocator=ineligible reservation=none
GAXERA: MEMMAP_REGION index=27 start=0x000000001fb6d000 end=0x000000001fb7f000 len=0x0000000000012000 source_type=2 class=acpi-reclaimable allocator=ineligible reservation=none
GAXERA: MEMMAP_REGION index=28 start=0x000000001fb7f000 end=0x000000001fbff000 len=0x0000000000080000 source_type=3 class=acpi-nvs allocator=ineligible reservation=none
GAXERA: MEMMAP_REGION index=29 start=0x000000001fbff000 end=0x000000001fef4000 len=0x00000000002f5000 source_type=5 class=bootloader-reclaimable allocator=ineligible reservation=none
GAXERA: MEMMAP_REGION index=30 start=0x000000001fef4000 end=0x000000001ff78000 len=0x0000000000084000 source_type=8 class=mapped-reserved allocator=ineligible reservation=none
GAXERA: MEMMAP_REGION index=31 start=0x000000001ff78000 end=0x0000000020000000 len=0x0000000000088000 source_type=3 class=acpi-nvs allocator=ineligible reservation=none
GAXERA: MEMMAP_REGION index=32 start=0x0000000080000000 end=0x00000000803e8000 len=0x00000000003e8000 source_type=7 class=framebuffer allocator=ineligible reservation=none
GAXERA: MEMMAP_REGION index=33 start=0x000000fd00000000 end=0x0000010000000000 len=0x0000000300000000 source_type=1 class=reserved allocator=ineligible reservation=none
GAXERA: MEMMAP_END
GAXERA: BOOTSTRAP_FRAME_ALLOCATOR_READY ranges=8
GAXERA: PAGING_HHDM_MAPPED
GAXERA: PAGING_TEXT_MAPPED
GAXERA: PAGING_FRAMEBUFFER_MAPPED
GAXERA: PAGE_TABLES_READY root=0x0000000000000000 reservations=3
GAXERA: CR3_GAXERA_OWNED
GAXERA: PHYSICAL_FRAME_ALLOCATOR_READY frames=115036 bitmap_words=1798
GAXERA: MEMORY_FOUNDATION_OK heap=0xfffffe8000001000 size=2097152 lower_guard=0xfffffe8000000000
GAXERA: KERNEL_ENTRY_OK
GAXERA: EXCEPTION_INVALID_OPCODE_CAUGHT ip=0xffffffff8006a254
Guest-confirmed QEMU test passed.
=== Building Gaxera Kernel ISO ===
Compiling kernel binary...
    Finished `dev` profile [unoptimized + debuginfo] target(s) in 0.04s
Compiling guest binary (init)...
    Finished `dev` profile [unoptimized + debuginfo] target(s) in 0.03s
Assembling ISO directory structure...
Compiling ramfs binary...
    Finished `dev` profile [unoptimized + debuginfo] target(s) in 0.03s
Compiling script_session binary...
    Finished `dev` profile [unoptimized + debuginfo] target(s) in 0.03s
Packaging GaxFS ramfs.img...
Packaging bootable ISO image via xorriso...
xorriso 1.5.6 : RockRidge filesystem manipulator, libburnia project.

Drive current: -outdev 'stdio:target/gaxera.iso'
Media current: stdio file, overwriteable
Media status : is blank
Media summary: 0 sessions, 0 data blocks, 0 data,  943g free
Added to ISO image: directory '/'='/home/nyx/gaxera/target/iso_root'
xorriso : UPDATE :      16 files added in 1 seconds
xorriso : UPDATE :      16 files added in 1 seconds
ISO image produced: 12562 sectors
Written to medium : 12562 sectors at LBA 0
Writing to 'stdio:target/gaxera.iso' completed successfully.

Installing bootloader record sector...
Physical block size of 512 bytes.
Installing to GPT. Logical block size of 512 bytes.
Secondary header at LBA 0xc447.
Secondary header valid.
Detected ISOHYBRID with a GUID partition table (GPT).
Converting to MBR for improved compatibility...
Conversion successful.
No active partition found, some systems may not boot.
Setting partition 1 as active to work around the issue...
Installing to MBR.
Stage 2 to be located at byte offset 0x200.
Reminder: Remember to copy the limine-bios.sys file in either
          the root, /boot, /limine, or /boot/limine directories of
          one of the partitions on the device, or boot will fail!
Limine BIOS stages installed successfully.
Gaxera packaging successfully compiled to target/gaxera.iso!
=== Launching QEMU Virtual Machine ===
OVMF UEFI firmware detected. Booting in UEFI mode.
Headless mode selected.
[2J[001;001H[=3h[2J[001;001H[2J[001;001H[8;056;240t[2J[001;001H[2J[001;001H[=3h[2J[001;001H[2J[001;001H[8;042;160t[2J[001;001HBdsDxe: loading Boot0002 "UEFI QEMU DVD-ROM QM00003 " from PciRoot(0x0)/Pci(0x1,0x1)/Ata(Secondary,Master,0x0)
BdsDxe: starting Boot0002 "UEFI QEMU DVD-ROM QM00003 " from PciRoot(0x0)/Pci(0x1,0x1)/Ata(Secondary,Master,0x0)
[001;001H[001;001H[001;001Hl[001;002Hi[001;003Hm[001;004Hi[001;005Hn[001;006He[001;007H:[001;008H [001;009HL[001;010Ho[001;011Ha[001;012Hd[001;013Hi[001;014Hn[001;015Hg[001;016H [001;017He[001;018Hx[001;019He[001;020Hc[001;021Hu[001;022Ht[001;023Ha[001;024Hb[001;025Hl[001;026He[001;027H [001;028H`[001;029Hb[001;030Ho[001;031Ho[001;032Ht[001;033H([001;034H)[001;035H:[001;036H/[001;037Hb[001;038Ho[001;039Ho[001;040Ht[001;041H/[001;042Hg[001;043Ha[001;044Hx[001;045He[001;046Hr[001;047Ha[001;048H.[001;049He[001;050Hl[001;051Hf[001;052H`[001;053H.[001;054H.[001;055H.[001;056H[001;001H[002;001Hl[002;002Hi[002;003Hm[002;004Hi[002;005Hn[002;006He[002;007H:[002;008H [002;009HL[002;010Ho[002;011Ha[002;012Hd[002;013Hi[002;014Hn[002;015Hg[002;016H [002;017Hm[002;018Ho[002;019Hd[002;020Hu[002;021Hl[002;022He[002;023H [002;024H`[002;025Hb[002;026Ho[002;027Ho[002;028Ht[002;029H([002;030H)[002;031H:[002;032H/[002;033Hb[002;034Ho[002;035Ho[002;036Ht[002;037H/[002;038Hi[002;039Hn[002;040Hi[002;041Ht[002;042H.[002;043He[002;044Hl[002;045Hf[002;046H`[002;047H.[002;048H.[002;049H.[002;050H[002;001H[003;001Hl[003;002Hi[003;003Hm[003;004Hi[003;005Hn[003;006He[003;007H:[003;008H [003;009HL[003;010Ho[003;011Ha[003;012Hd[003;013Hi[003;014Hn[003;015Hg[003;016H [003;017Hm[003;018Ho[003;019Hd[003;020Hu[003;021Hl[003;022He[003;023H [003;024H`[003;025Hb[003;026Ho[003;027Ho[003;028Ht[003;029H([003;030H)[003;031H:[003;032H/[003;033Hb[003;034Ho[003;035Ho[003;036Ht[003;037H/[003;038Hr[003;039Ha[003;040Hm[003;041Hf[003;042Hs[003;043H.[003;044He[003;045Hl[003;046Hf[003;047H`[003;048H.[003;049H.[003;050H.[003;051H[003;001H[004;001Hl[004;002Hi[004;003Hm[004;004Hi[004;005Hn[004;006He[004;007H:[004;008H [004;009HL[004;010Ho[004;011Ha[004;012Hd[004;013Hi[004;014Hn[004;015Hg[004;016H [004;017Hm[004;018Ho[004;019Hd[004;020Hu[004;021Hl[004;022He[004;023H [004;024H`[004;025Hb[004;026Ho[004;027Ho[004;028Ht[004;029H([004;030H)[004;031H:[004;032H/[004;033Hb[004;034Ho[004;035Ho[004;036Ht[004;037H/[004;038Hs[004;039Hc[004;040Hr[004;041Hi[004;042Hp[004;043Ht[004;044H_[004;045Hs[004;046He[004;047Hs[004;048Hs[004;049Hi[004;050Ho[004;051Hn[004;052H.[004;053He[004;054Hl[004;055Hf[004;056H`[004;057H.[004;058H.[004;059H.[004;060H[004;001H[005;001Hl[005;002Hi[005;003Hm[005;004Hi[005;005Hn[005;006He[005;007H:[005;008H [005;009HL[005;010Ho[005;011Ha[005;012Hd[005;013Hi[005;014Hn[005;015Hg[005;016H [005;017Hm[005;018Ho[005;019Hd[005;020Hu[005;021Hl[005;022He[005;023H [005;024H`[005;025Hb[005;026Ho[005;027Ho[005;028Ht[005;029H([005;030H)[005;031H:[005;032H/[005;033Hb[005;034Ho[005;035Ho[005;036Ht[005;037H/[005;038Hr[005;039Ha[005;040Hm[005;041Hf[005;042Hs[005;043H.[005;044Hi[005;045Hm[005;046Hg[005;047H`[005;048H.[005;049H.[005;050H.[005;051H[005;001H[006;001HGAXERA: BOOT_STACK_READY
GAXERA: DESCRIPTORS_AND_IDT_READY
GAXERA: BOOT_CONTEXT_READY kernel_phys=0x0000000019aa9000 kernel_virt=0xffffffff80000000 rsdp_phys=0x000000001fb7e014
GAXERA: MEMMAP_BEGIN count=34
GAXERA: MEMMAP_REGION index=0 start=0x0000000000000000 end=0x0000000000087000 len=0x0000000000087000 source_type=0 class=usable allocator=eligible reservation=none
GAXERA: MEMMAP_REGION index=1 start=0x0000000000087000 end=0x0000000000088000 len=0x0000000000001000 source_type=5 class=bootloader-reclaimable allocator=ineligible reservation=none
GAXERA: MEMMAP_REGION index=2 start=0x0000000000088000 end=0x00000000000a0000 len=0x0000000000018000 source_type=0 class=usable allocator=eligible reservation=none
GAXERA: MEMMAP_REGION index=3 start=0x0000000000100000 end=0x0000000000800000 len=0x0000000000700000 source_type=0 class=usable allocator=eligible reservation=none
GAXERA: MEMMAP_REGION index=4 start=0x0000000000800000 end=0x0000000000808000 len=0x0000000000008000 source_type=3 class=acpi-nvs allocator=ineligible reservation=none
GAXERA: MEMMAP_REGION index=5 start=0x0000000000808000 end=0x000000000080b000 len=0x0000000000003000 source_type=0 class=usable allocator=eligible reservation=none
GAXERA: MEMMAP_REGION index=6 start=0x000000000080b000 end=0x000000000080c000 len=0x0000000000001000 source_type=3 class=acpi-nvs allocator=ineligible reservation=none
GAXERA: MEMMAP_REGION index=7 start=0x000000000080c000 end=0x0000000000814000 len=0x0000000000008000 source_type=0 class=usable allocator=eligible reservation=none
GAXERA: MEMMAP_REGION index=8 start=0x0000000000814000 end=0x0000000000900000 len=0x00000000000ec000 source_type=3 class=acpi-nvs allocator=ineligible reservation=none
GAXERA: MEMMAP_REGION index=9 start=0x0000000000900000 end=0x0000000001780000 len=0x0000000000e80000 source_type=5 class=bootloader-reclaimable allocator=ineligible reservation=none
GAXERA: MEMMAP_REGION index=10 start=0x0000000001780000 end=0x000000001913f000 len=0x00000000179bf000 source_type=0 class=usable allocator=eligible reservation=none
GAXERA: MEMMAP_REGION index=11 start=0x000000001913f000 end=0x000000001914c000 len=0x000000000000d000 source_type=5 class=bootloader-reclaimable allocator=ineligible reservation=none
GAXERA: MEMMAP_REGION index=12 start=0x000000001914c000 end=0x00000000193fa000 len=0x00000000002ae000 source_type=6 class=executable-and-modules allocator=ineligible reservation=none
GAXERA: MEMMAP_REGION index=13 start=0x00000000193fa000 end=0x00000000196a8000 len=0x00000000002ae000 source_type=6 class=executable-and-modules allocator=ineligible reservation=none
GAXERA: MEMMAP_REGION index=14 start=0x00000000196a8000 end=0x0000000019aa9000 len=0x0000000000401000 source_type=6 class=executable-and-modules allocator=ineligible reservation=none
GAXERA: MEMMAP_REGION index=15 start=0x0000000019aa9000 end=0x0000000019b95000 len=0x00000000000ec000 source_type=6 class=executable-and-modules allocator=ineligible reservation=none
GAXERA: MEMMAP_REGION index=16 start=0x0000000019b95000 end=0x000000001a66c000 len=0x0000000000ad7000 source_type=5 class=bootloader-reclaimable allocator=ineligible reservation=none
GAXERA: MEMMAP_REGION index=17 start=0x000000001a66c000 end=0x000000001bf6c000 len=0x0000000001900000 source_type=0 class=usable allocator=eligible reservation=none
GAXERA: MEMMAP_REGION index=18 start=0x000000001bf6c000 end=0x000000001bfaa000 len=0x000000000003e000 source_type=5 class=bootloader-reclaimable allocator=ineligible reservation=none
GAXERA: MEMMAP_REGION index=19 start=0x000000001bfaa000 end=0x000000001bfab000 len=0x0000000000001000 source_type=6 class=executable-and-modules allocator=ineligible reservation=none
GAXERA: MEMMAP_REGION index=20 start=0x000000001bfab000 end=0x000000001bfaf000 len=0x0000000000004000 source_type=5 class=bootloader-reclaimable allocator=ineligible reservation=none
GAXERA: MEMMAP_REGION index=21 start=0x000000001bfaf000 end=0x000000001e6a0000 len=0x00000000026f1000 source_type=0 class=usable allocator=eligible reservation=none
GAXERA: MEMMAP_REGION index=22 start=0x000000001e6a0000 end=0x000000001ed3f000 len=0x000000000069f000 source_type=5 class=bootloader-reclaimable allocator=ineligible reservation=none
GAXERA: MEMMAP_REGION index=23 start=0x000000001ed3f000 end=0x000000001ee00000 len=0x00000000000c1000 source_type=8 class=mapped-reserved allocator=ineligible reservation=none
GAXERA: MEMMAP_REGION index=24 start=0x000000001ee00000 end=0x000000001f8ed000 len=0x0000000000aed000 source_type=5 class=bootloader-reclaimable allocator=ineligible reservation=none
GAXERA: MEMMAP_REGION index=25 start=0x000000001f8ed000 end=0x000000001faed000 len=0x0000000000200000 source_type=8 class=mapped-reserved allocator=ineligible reservation=none
GAXERA: MEMMAP_REGION index=26 start=0x000000001faed000 end=0x000000001fb6d000 len=0x0000000000080000 source_type=1 class=reserved allocator=ineligible reservation=none
GAXERA: MEMMAP_REGION index=27 start=0x000000001fb6d000 end=0x000000001fb7f000 len=0x0000000000012000 source_type=2 class=acpi-reclaimable allocator=ineligible reservation=none
GAXERA: MEMMAP_REGION index=28 start=0x000000001fb7f000 end=0x000000001fbff000 len=0x0000000000080000 source_type=3 class=acpi-nvs allocator=ineligible reservation=none
GAXERA: MEMMAP_REGION index=29 start=0x000000001fbff000 end=0x000000001fef4000 len=0x00000000002f5000 source_type=5 class=bootloader-reclaimable allocator=ineligible reservation=none
GAXERA: MEMMAP_REGION index=30 start=0x000000001fef4000 end=0x000000001ff78000 len=0x0000000000084000 source_type=8 class=mapped-reserved allocator=ineligible reservation=none
GAXERA: MEMMAP_REGION index=31 start=0x000000001ff78000 end=0x0000000020000000 len=0x0000000000088000 source_type=3 class=acpi-nvs allocator=ineligible reservation=none
GAXERA: MEMMAP_REGION index=32 start=0x0000000080000000 end=0x00000000803e8000 len=0x00000000003e8000 source_type=7 class=framebuffer allocator=ineligible reservation=none
GAXERA: MEMMAP_REGION index=33 start=0x000000fd00000000 end=0x0000010000000000 len=0x0000000300000000 source_type=1 class=reserved allocator=ineligible reservation=none
GAXERA: MEMMAP_END
GAXERA: BOOTSTRAP_FRAME_ALLOCATOR_READY ranges=8
GAXERA: PAGING_HHDM_MAPPED
GAXERA: PAGING_TEXT_MAPPED
GAXERA: PAGING_FRAMEBUFFER_MAPPED
GAXERA: PAGE_TABLES_READY root=0x0000000000000000 reservations=3
GAXERA: CR3_GAXERA_OWNED
GAXERA: PHYSICAL_FRAME_ALLOCATOR_READY frames=115034 bitmap_words=1798
GAXERA: MEMORY_FOUNDATION_OK heap=0xfffffe8000001000 size=2097152 lower_guard=0xfffffe8000000000
GAXERA: KERNEL_ENTRY_OK
GAXERA: EXCEPTION_GENERAL_PROTECTION_CAUGHT ip=0xffffffff8006ec68 error=0xfffc
Guest-confirmed QEMU test passed.
=== Building Gaxera Kernel ISO ===
Compiling kernel binary...
    Finished `dev` profile [unoptimized + debuginfo] target(s) in 0.04s
Compiling guest binary (init)...
    Finished `dev` profile [unoptimized + debuginfo] target(s) in 0.03s
Assembling ISO directory structure...
Compiling ramfs binary...
    Finished `dev` profile [unoptimized + debuginfo] target(s) in 0.03s
Compiling script_session binary...
    Finished `dev` profile [unoptimized + debuginfo] target(s) in 0.03s
Packaging GaxFS ramfs.img...
Packaging bootable ISO image via xorriso...
xorriso 1.5.6 : RockRidge filesystem manipulator, libburnia project.

Drive current: -outdev 'stdio:target/gaxera.iso'
Media current: stdio file, overwriteable
Media status : is blank
Media summary: 0 sessions, 0 data blocks, 0 data,  943g free
Added to ISO image: directory '/'='/home/nyx/gaxera/target/iso_root'
xorriso : UPDATE :      16 files added in 1 seconds
xorriso : UPDATE :      16 files added in 1 seconds
ISO image produced: 12562 sectors
Written to medium : 12562 sectors at LBA 0
Writing to 'stdio:target/gaxera.iso' completed successfully.

Installing bootloader record sector...
Physical block size of 512 bytes.
Installing to GPT. Logical block size of 512 bytes.
Secondary header at LBA 0xc447.
Secondary header valid.
Detected ISOHYBRID with a GUID partition table (GPT).
Converting to MBR for improved compatibility...
Conversion successful.
No active partition found, some systems may not boot.
Setting partition 1 as active to work around the issue...
Installing to MBR.
Stage 2 to be located at byte offset 0x200.
Reminder: Remember to copy the limine-bios.sys file in either
          the root, /boot, /limine, or /boot/limine directories of
          one of the partitions on the device, or boot will fail!
Limine BIOS stages installed successfully.
Gaxera packaging successfully compiled to target/gaxera.iso!
=== Launching QEMU Virtual Machine ===
OVMF UEFI firmware detected. Booting in UEFI mode.
Headless mode selected.
[2J[001;001H[=3h[2J[001;001H[2J[001;001H[8;056;240t[2J[001;001H[2J[001;001H[=3h[2J[001;001H[2J[001;001H[8;042;160t[2J[001;001HBdsDxe: loading Boot0002 "UEFI QEMU DVD-ROM QM00003 " from PciRoot(0x0)/Pci(0x1,0x1)/Ata(Secondary,Master,0x0)
BdsDxe: starting Boot0002 "UEFI QEMU DVD-ROM QM00003 " from PciRoot(0x0)/Pci(0x1,0x1)/Ata(Secondary,Master,0x0)
[001;001H[001;001H[001;001Hl[001;002Hi[001;003Hm[001;004Hi[001;005Hn[001;006He[001;007H:[001;008H [001;009HL[001;010Ho[001;011Ha[001;012Hd[001;013Hi[001;014Hn[001;015Hg[001;016H [001;017He[001;018Hx[001;019He[001;020Hc[001;021Hu[001;022Ht[001;023Ha[001;024Hb[001;025Hl[001;026He[001;027H [001;028H`[001;029Hb[001;030Ho[001;031Ho[001;032Ht[001;033H([001;034H)[001;035H:[001;036H/[001;037Hb[001;038Ho[001;039Ho[001;040Ht[001;041H/[001;042Hg[001;043Ha[001;044Hx[001;045He[001;046Hr[001;047Ha[001;048H.[001;049He[001;050Hl[001;051Hf[001;052H`[001;053H.[001;054H.[001;055H.[001;056H[001;001H[002;001Hl[002;002Hi[002;003Hm[002;004Hi[002;005Hn[002;006He[002;007H:[002;008H [002;009HL[002;010Ho[002;011Ha[002;012Hd[002;013Hi[002;014Hn[002;015Hg[002;016H [002;017Hm[002;018Ho[002;019Hd[002;020Hu[002;021Hl[002;022He[002;023H [002;024H`[002;025Hb[002;026Ho[002;027Ho[002;028Ht[002;029H([002;030H)[002;031H:[002;032H/[002;033Hb[002;034Ho[002;035Ho[002;036Ht[002;037H/[002;038Hi[002;039Hn[002;040Hi[002;041Ht[002;042H.[002;043He[002;044Hl[002;045Hf[002;046H`[002;047H.[002;048H.[002;049H.[002;050H[002;001H[003;001Hl[003;002Hi[003;003Hm[003;004Hi[003;005Hn[003;006He[003;007H:[003;008H [003;009HL[003;010Ho[003;011Ha[003;012Hd[003;013Hi[003;014Hn[003;015Hg[003;016H [003;017Hm[003;018Ho[003;019Hd[003;020Hu[003;021Hl[003;022He[003;023H [003;024H`[003;025Hb[003;026Ho[003;027Ho[003;028Ht[003;029H([003;030H)[003;031H:[003;032H/[003;033Hb[003;034Ho[003;035Ho[003;036Ht[003;037H/[003;038Hr[003;039Ha[003;040Hm[003;041Hf[003;042Hs[003;043H.[003;044He[003;045Hl[003;046Hf[003;047H`[003;048H.[003;049H.[003;050H.[003;051H[003;001H[004;001Hl[004;002Hi[004;003Hm[004;004Hi[004;005Hn[004;006He[004;007H:[004;008H [004;009HL[004;010Ho[004;011Ha[004;012Hd[004;013Hi[004;014Hn[004;015Hg[004;016H [004;017Hm[004;018Ho[004;019Hd[004;020Hu[004;021Hl[004;022He[004;023H [004;024H`[004;025Hb[004;026Ho[004;027Ho[004;028Ht[004;029H([004;030H)[004;031H:[004;032H/[004;033Hb[004;034Ho[004;035Ho[004;036Ht[004;037H/[004;038Hs[004;039Hc[004;040Hr[004;041Hi[004;042Hp[004;043Ht[004;044H_[004;045Hs[004;046He[004;047Hs[004;048Hs[004;049Hi[004;050Ho[004;051Hn[004;052H.[004;053He[004;054Hl[004;055Hf[004;056H`[004;057H.[004;058H.[004;059H.[004;060H[004;001H[005;001Hl[005;002Hi[005;003Hm[005;004Hi[005;005Hn[005;006He[005;007H:[005;008H [005;009HL[005;010Ho[005;011Ha[005;012Hd[005;013Hi[005;014Hn[005;015Hg[005;016H [005;017Hm[005;018Ho[005;019Hd[005;020Hu[005;021Hl[005;022He[005;023H [005;024H`[005;025Hb[005;026Ho[005;027Ho[005;028Ht[005;029H([005;030H)[005;031H:[005;032H/[005;033Hb[005;034Ho[005;035Ho[005;036Ht[005;037H/[005;038Hr[005;039Ha[005;040Hm[005;041Hf[005;042Hs[005;043H.[005;044Hi[005;045Hm[005;046Hg[005;047H`[005;048H.[005;049H.[005;050H.[005;051H[005;001H[006;001HGAXERA: BOOT_STACK_READY
GAXERA: DESCRIPTORS_AND_IDT_READY
GAXERA: BOOT_CONTEXT_READY kernel_phys=0x0000000019aa9000 kernel_virt=0xffffffff80000000 rsdp_phys=0x000000001fb7e014
GAXERA: MEMMAP_BEGIN count=34
GAXERA: MEMMAP_REGION index=0 start=0x0000000000000000 end=0x0000000000087000 len=0x0000000000087000 source_type=0 class=usable allocator=eligible reservation=none
GAXERA: MEMMAP_REGION index=1 start=0x0000000000087000 end=0x0000000000088000 len=0x0000000000001000 source_type=5 class=bootloader-reclaimable allocator=ineligible reservation=none
GAXERA: MEMMAP_REGION index=2 start=0x0000000000088000 end=0x00000000000a0000 len=0x0000000000018000 source_type=0 class=usable allocator=eligible reservation=none
GAXERA: MEMMAP_REGION index=3 start=0x0000000000100000 end=0x0000000000800000 len=0x0000000000700000 source_type=0 class=usable allocator=eligible reservation=none
GAXERA: MEMMAP_REGION index=4 start=0x0000000000800000 end=0x0000000000808000 len=0x0000000000008000 source_type=3 class=acpi-nvs allocator=ineligible reservation=none
GAXERA: MEMMAP_REGION index=5 start=0x0000000000808000 end=0x000000000080b000 len=0x0000000000003000 source_type=0 class=usable allocator=eligible reservation=none
GAXERA: MEMMAP_REGION index=6 start=0x000000000080b000 end=0x000000000080c000 len=0x0000000000001000 source_type=3 class=acpi-nvs allocator=ineligible reservation=none
GAXERA: MEMMAP_REGION index=7 start=0x000000000080c000 end=0x0000000000814000 len=0x0000000000008000 source_type=0 class=usable allocator=eligible reservation=none
GAXERA: MEMMAP_REGION index=8 start=0x0000000000814000 end=0x0000000000900000 len=0x00000000000ec000 source_type=3 class=acpi-nvs allocator=ineligible reservation=none
GAXERA: MEMMAP_REGION index=9 start=0x0000000000900000 end=0x0000000001780000 len=0x0000000000e80000 source_type=5 class=bootloader-reclaimable allocator=ineligible reservation=none
GAXERA: MEMMAP_REGION index=10 start=0x0000000001780000 end=0x000000001913f000 len=0x00000000179bf000 source_type=0 class=usable allocator=eligible reservation=none
GAXERA: MEMMAP_REGION index=11 start=0x000000001913f000 end=0x000000001914c000 len=0x000000000000d000 source_type=5 class=bootloader-reclaimable allocator=ineligible reservation=none
GAXERA: MEMMAP_REGION index=12 start=0x000000001914c000 end=0x00000000193fa000 len=0x00000000002ae000 source_type=6 class=executable-and-modules allocator=ineligible reservation=none
GAXERA: MEMMAP_REGION index=13 start=0x00000000193fa000 end=0x00000000196a8000 len=0x00000000002ae000 source_type=6 class=executable-and-modules allocator=ineligible reservation=none
GAXERA: MEMMAP_REGION index=14 start=0x00000000196a8000 end=0x0000000019aa9000 len=0x0000000000401000 source_type=6 class=executable-and-modules allocator=ineligible reservation=none
GAXERA: MEMMAP_REGION index=15 start=0x0000000019aa9000 end=0x0000000019b95000 len=0x00000000000ec000 source_type=6 class=executable-and-modules allocator=ineligible reservation=none
GAXERA: MEMMAP_REGION index=16 start=0x0000000019b95000 end=0x000000001a66c000 len=0x0000000000ad7000 source_type=5 class=bootloader-reclaimable allocator=ineligible reservation=none
GAXERA: MEMMAP_REGION index=17 start=0x000000001a66c000 end=0x000000001bf6c000 len=0x0000000001900000 source_type=0 class=usable allocator=eligible reservation=none
GAXERA: MEMMAP_REGION index=18 start=0x000000001bf6c000 end=0x000000001bfaa000 len=0x000000000003e000 source_type=5 class=bootloader-reclaimable allocator=ineligible reservation=none
GAXERA: MEMMAP_REGION index=19 start=0x000000001bfaa000 end=0x000000001bfab000 len=0x0000000000001000 source_type=6 class=executable-and-modules allocator=ineligible reservation=none
GAXERA: MEMMAP_REGION index=20 start=0x000000001bfab000 end=0x000000001bfaf000 len=0x0000000000004000 source_type=5 class=bootloader-reclaimable allocator=ineligible reservation=none
GAXERA: MEMMAP_REGION index=21 start=0x000000001bfaf000 end=0x000000001e6a0000 len=0x00000000026f1000 source_type=0 class=usable allocator=eligible reservation=none
GAXERA: MEMMAP_REGION index=22 start=0x000000001e6a0000 end=0x000000001ed3f000 len=0x000000000069f000 source_type=5 class=bootloader-reclaimable allocator=ineligible reservation=none
GAXERA: MEMMAP_REGION index=23 start=0x000000001ed3f000 end=0x000000001ee00000 len=0x00000000000c1000 source_type=8 class=mapped-reserved allocator=ineligible reservation=none
GAXERA: MEMMAP_REGION index=24 start=0x000000001ee00000 end=0x000000001f8ed000 len=0x0000000000aed000 source_type=5 class=bootloader-reclaimable allocator=ineligible reservation=none
GAXERA: MEMMAP_REGION index=25 start=0x000000001f8ed000 end=0x000000001faed000 len=0x0000000000200000 source_type=8 class=mapped-reserved allocator=ineligible reservation=none
GAXERA: MEMMAP_REGION index=26 start=0x000000001faed000 end=0x000000001fb6d000 len=0x0000000000080000 source_type=1 class=reserved allocator=ineligible reservation=none
GAXERA: MEMMAP_REGION index=27 start=0x000000001fb6d000 end=0x000000001fb7f000 len=0x0000000000012000 source_type=2 class=acpi-reclaimable allocator=ineligible reservation=none
GAXERA: MEMMAP_REGION index=28 start=0x000000001fb7f000 end=0x000000001fbff000 len=0x0000000000080000 source_type=3 class=acpi-nvs allocator=ineligible reservation=none
GAXERA: MEMMAP_REGION index=29 start=0x000000001fbff000 end=0x000000001fef4000 len=0x00000000002f5000 source_type=5 class=bootloader-reclaimable allocator=ineligible reservation=none
GAXERA: MEMMAP_REGION index=30 start=0x000000001fef4000 end=0x000000001ff78000 len=0x0000000000084000 source_type=8 class=mapped-reserved allocator=ineligible reservation=none
GAXERA: MEMMAP_REGION index=31 start=0x000000001ff78000 end=0x0000000020000000 len=0x0000000000088000 source_type=3 class=acpi-nvs allocator=ineligible reservation=none
GAXERA: MEMMAP_REGION index=32 start=0x0000000080000000 end=0x00000000803e8000 len=0x00000000003e8000 source_type=7 class=framebuffer allocator=ineligible reservation=none
GAXERA: MEMMAP_REGION index=33 start=0x000000fd00000000 end=0x0000010000000000 len=0x0000000300000000 source_type=1 class=reserved allocator=ineligible reservation=none
GAXERA: MEMMAP_END
GAXERA: BOOTSTRAP_FRAME_ALLOCATOR_READY ranges=8
GAXERA: PAGING_HHDM_MAPPED
GAXERA: PAGING_TEXT_MAPPED
GAXERA: PAGING_FRAMEBUFFER_MAPPED
GAXERA: PAGE_TABLES_READY root=0x0000000000000000 reservations=3
GAXERA: CR3_GAXERA_OWNED
GAXERA: PHYSICAL_FRAME_ALLOCATOR_READY frames=115034 bitmap_words=1798
GAXERA: MEMORY_FOUNDATION_OK heap=0xfffffe8000001000 size=2097152 lower_guard=0xfffffe8000000000
GAXERA: KERNEL_ENTRY_OK
GAXERA: EXCEPTION_PAGE_FAULT_CAUGHT ip=0xffffffff8007f6fe cr2=0x0000400000000000 error=PageFaultErrorCode(0x0)
Guest-confirmed QEMU test passed.
=== Building Gaxera Kernel ISO ===
Compiling kernel binary...
    Finished `dev` profile [unoptimized + debuginfo] target(s) in 0.04s
Compiling guest binary (init)...
    Finished `dev` profile [unoptimized + debuginfo] target(s) in 0.03s
Assembling ISO directory structure...
Compiling ramfs binary...
    Finished `dev` profile [unoptimized + debuginfo] target(s) in 0.03s
Compiling script_session binary...
    Finished `dev` profile [unoptimized + debuginfo] target(s) in 0.03s
Packaging GaxFS ramfs.img...
Packaging bootable ISO image via xorriso...
xorriso 1.5.6 : RockRidge filesystem manipulator, libburnia project.

Drive current: -outdev 'stdio:target/gaxera.iso'
Media current: stdio file, overwriteable
Media status : is blank
Media summary: 0 sessions, 0 data blocks, 0 data,  943g free
Added to ISO image: directory '/'='/home/nyx/gaxera/target/iso_root'
xorriso : UPDATE :      16 files added in 1 seconds
xorriso : UPDATE :      16 files added in 1 seconds
ISO image produced: 12544 sectors
Written to medium : 12544 sectors at LBA 0
Writing to 'stdio:target/gaxera.iso' completed successfully.

Installing bootloader record sector...
Physical block size of 512 bytes.
Installing to GPT. Logical block size of 512 bytes.
Secondary header at LBA 0xc3ff.
Secondary header valid.
Detected ISOHYBRID with a GUID partition table (GPT).
Converting to MBR for improved compatibility...
Conversion successful.
No active partition found, some systems may not boot.
Setting partition 1 as active to work around the issue...
Installing to MBR.
Stage 2 to be located at byte offset 0x200.
Reminder: Remember to copy the limine-bios.sys file in either
          the root, /boot, /limine, or /boot/limine directories of
          one of the partitions on the device, or boot will fail!
Limine BIOS stages installed successfully.
Gaxera packaging successfully compiled to target/gaxera.iso!
=== Launching QEMU Virtual Machine ===
OVMF UEFI firmware detected. Booting in UEFI mode.
Headless mode selected.
[2J[001;001H[=3h[2J[001;001H[2J[001;001H[8;056;240t[2J[001;001H[2J[001;001H[=3h[2J[001;001H[2J[001;001H[8;042;160t[2J[001;001HBdsDxe: loading Boot0002 "UEFI QEMU DVD-ROM QM00003 " from PciRoot(0x0)/Pci(0x1,0x1)/Ata(Secondary,Master,0x0)
BdsDxe: starting Boot0002 "UEFI QEMU DVD-ROM QM00003 " from PciRoot(0x0)/Pci(0x1,0x1)/Ata(Secondary,Master,0x0)
[001;001H[001;001H[001;001Hl[001;002Hi[001;003Hm[001;004Hi[001;005Hn[001;006He[001;007H:[001;008H [001;009HL[001;010Ho[001;011Ha[001;012Hd[001;013Hi[001;014Hn[001;015Hg[001;016H [001;017He[001;018Hx[001;019He[001;020Hc[001;021Hu[001;022Ht[001;023Ha[001;024Hb[001;025Hl[001;026He[001;027H [001;028H`[001;029Hb[001;030Ho[001;031Ho[001;032Ht[001;033H([001;034H)[001;035H:[001;036H/[001;037Hb[001;038Ho[001;039Ho[001;040Ht[001;041H/[001;042Hg[001;043Ha[001;044Hx[001;045He[001;046Hr[001;047Ha[001;048H.[001;049He[001;050Hl[001;051Hf[001;052H`[001;053H.[001;054H.[001;055H.[001;056H[001;001H[002;001Hl[002;002Hi[002;003Hm[002;004Hi[002;005Hn[002;006He[002;007H:[002;008H [002;009HL[002;010Ho[002;011Ha[002;012Hd[002;013Hi[002;014Hn[002;015Hg[002;016H [002;017Hm[002;018Ho[002;019Hd[002;020Hu[002;021Hl[002;022He[002;023H [002;024H`[002;025Hb[002;026Ho[002;027Ho[002;028Ht[002;029H([002;030H)[002;031H:[002;032H/[002;033Hb[002;034Ho[002;035Ho[002;036Ht[002;037H/[002;038Hi[002;039Hn[002;040Hi[002;041Ht[002;042H.[002;043He[002;044Hl[002;045Hf[002;046H`[002;047H.[002;048H.[002;049H.[002;050H[002;001H[003;001Hl[003;002Hi[003;003Hm[003;004Hi[003;005Hn[003;006He[003;007H:[003;008H [003;009HL[003;010Ho[003;011Ha[003;012Hd[003;013Hi[003;014Hn[003;015Hg[003;016H [003;017Hm[003;018Ho[003;019Hd[003;020Hu[003;021Hl[003;022He[003;023H [003;024H`[003;025Hb[003;026Ho[003;027Ho[003;028Ht[003;029H([003;030H)[003;031H:[003;032H/[003;033Hb[003;034Ho[003;035Ho[003;036Ht[003;037H/[003;038Hr[003;039Ha[003;040Hm[003;041Hf[003;042Hs[003;043H.[003;044He[003;045Hl[003;046Hf[003;047H`[003;048H.[003;049H.[003;050H.[003;051H[003;001H[004;001Hl[004;002Hi[004;003Hm[004;004Hi[004;005Hn[004;006He[004;007H:[004;008H [004;009HL[004;010Ho[004;011Ha[004;012Hd[004;013Hi[004;014Hn[004;015Hg[004;016H [004;017Hm[004;018Ho[004;019Hd[004;020Hu[004;021Hl[004;022He[004;023H [004;024H`[004;025Hb[004;026Ho[004;027Ho[004;028Ht[004;029H([004;030H)[004;031H:[004;032H/[004;033Hb[004;034Ho[004;035Ho[004;036Ht[004;037H/[004;038Hs[004;039Hc[004;040Hr[004;041Hi[004;042Hp[004;043Ht[004;044H_[004;045Hs[004;046He[004;047Hs[004;048Hs[004;049Hi[004;050Ho[004;051Hn[004;052H.[004;053He[004;054Hl[004;055Hf[004;056H`[004;057H.[004;058H.[004;059H.[004;060H[004;001H[005;001Hl[005;002Hi[005;003Hm[005;004Hi[005;005Hn[005;006He[005;007H:[005;008H [005;009HL[005;010Ho[005;011Ha[005;012Hd[005;013Hi[005;014Hn[005;015Hg[005;016H [005;017Hm[005;018Ho[005;019Hd[005;020Hu[005;021Hl[005;022He[005;023H [005;024H`[005;025Hb[005;026Ho[005;027Ho[005;028Ht[005;029H([005;030H)[005;031H:[005;032H/[005;033Hb[005;034Ho[005;035Ho[005;036Ht[005;037H/[005;038Hr[005;039Ha[005;040Hm[005;041Hf[005;042Hs[005;043H.[005;044Hi[005;045Hm[005;046Hg[005;047H`[005;048H.[005;049H.[005;050H.[005;051H[005;001H[006;001HGAXERA: BOOT_STACK_READY
GAXERA: DESCRIPTORS_AND_IDT_READY
GAXERA: BOOT_CONTEXT_READY kernel_phys=0x0000000019ab4000 kernel_virt=0xffffffff80000000 rsdp_phys=0x000000001fb7e014
GAXERA: MEMMAP_BEGIN count=34
GAXERA: MEMMAP_REGION index=0 start=0x0000000000000000 end=0x0000000000087000 len=0x0000000000087000 source_type=0 class=usable allocator=eligible reservation=none
GAXERA: MEMMAP_REGION index=1 start=0x0000000000087000 end=0x0000000000088000 len=0x0000000000001000 source_type=5 class=bootloader-reclaimable allocator=ineligible reservation=none
GAXERA: MEMMAP_REGION index=2 start=0x0000000000088000 end=0x00000000000a0000 len=0x0000000000018000 source_type=0 class=usable allocator=eligible reservation=none
GAXERA: MEMMAP_REGION index=3 start=0x0000000000100000 end=0x0000000000800000 len=0x0000000000700000 source_type=0 class=usable allocator=eligible reservation=none
GAXERA: MEMMAP_REGION index=4 start=0x0000000000800000 end=0x0000000000808000 len=0x0000000000008000 source_type=3 class=acpi-nvs allocator=ineligible reservation=none
GAXERA: MEMMAP_REGION index=5 start=0x0000000000808000 end=0x000000000080b000 len=0x0000000000003000 source_type=0 class=usable allocator=eligible reservation=none
GAXERA: MEMMAP_REGION index=6 start=0x000000000080b000 end=0x000000000080c000 len=0x0000000000001000 source_type=3 class=acpi-nvs allocator=ineligible reservation=none
GAXERA: MEMMAP_REGION index=7 start=0x000000000080c000 end=0x0000000000814000 len=0x0000000000008000 source_type=0 class=usable allocator=eligible reservation=none
GAXERA: MEMMAP_REGION index=8 start=0x0000000000814000 end=0x0000000000900000 len=0x00000000000ec000 source_type=3 class=acpi-nvs allocator=ineligible reservation=none
GAXERA: MEMMAP_REGION index=9 start=0x0000000000900000 end=0x0000000001780000 len=0x0000000000e80000 source_type=5 class=bootloader-reclaimable allocator=ineligible reservation=none
GAXERA: MEMMAP_REGION index=10 start=0x0000000001780000 end=0x000000001914a000 len=0x00000000179ca000 source_type=0 class=usable allocator=eligible reservation=none
GAXERA: MEMMAP_REGION index=11 start=0x000000001914a000 end=0x0000000019157000 len=0x000000000000d000 source_type=5 class=bootloader-reclaimable allocator=ineligible reservation=none
GAXERA: MEMMAP_REGION index=12 start=0x0000000019157000 end=0x0000000019405000 len=0x00000000002ae000 source_type=6 class=executable-and-modules allocator=ineligible reservation=none
GAXERA: MEMMAP_REGION index=13 start=0x0000000019405000 end=0x00000000196b3000 len=0x00000000002ae000 source_type=6 class=executable-and-modules allocator=ineligible reservation=none
GAXERA: MEMMAP_REGION index=14 start=0x00000000196b3000 end=0x0000000019ab4000 len=0x0000000000401000 source_type=6 class=executable-and-modules allocator=ineligible reservation=none
GAXERA: MEMMAP_REGION index=15 start=0x0000000019ab4000 end=0x0000000019b9e000 len=0x00000000000ea000 source_type=6 class=executable-and-modules allocator=ineligible reservation=none
GAXERA: MEMMAP_REGION index=16 start=0x0000000019b9e000 end=0x000000001a66c000 len=0x0000000000ace000 source_type=5 class=bootloader-reclaimable allocator=ineligible reservation=none
GAXERA: MEMMAP_REGION index=17 start=0x000000001a66c000 end=0x000000001bf6c000 len=0x0000000001900000 source_type=0 class=usable allocator=eligible reservation=none
GAXERA: MEMMAP_REGION index=18 start=0x000000001bf6c000 end=0x000000001bfaa000 len=0x000000000003e000 source_type=5 class=bootloader-reclaimable allocator=ineligible reservation=none
GAXERA: MEMMAP_REGION index=19 start=0x000000001bfaa000 end=0x000000001bfab000 len=0x0000000000001000 source_type=6 class=executable-and-modules allocator=ineligible reservation=none
GAXERA: MEMMAP_REGION index=20 start=0x000000001bfab000 end=0x000000001bfaf000 len=0x0000000000004000 source_type=5 class=bootloader-reclaimable allocator=ineligible reservation=none
GAXERA: MEMMAP_REGION index=21 start=0x000000001bfaf000 end=0x000000001e6a0000 len=0x00000000026f1000 source_type=0 class=usable allocator=eligible reservation=none
GAXERA: MEMMAP_REGION index=22 start=0x000000001e6a0000 end=0x000000001ed3f000 len=0x000000000069f000 source_type=5 class=bootloader-reclaimable allocator=ineligible reservation=none
GAXERA: MEMMAP_REGION index=23 start=0x000000001ed3f000 end=0x000000001ee00000 len=0x00000000000c1000 source_type=8 class=mapped-reserved allocator=ineligible reservation=none
GAXERA: MEMMAP_REGION index=24 start=0x000000001ee00000 end=0x000000001f8ed000 len=0x0000000000aed000 source_type=5 class=bootloader-reclaimable allocator=ineligible reservation=none
GAXERA: MEMMAP_REGION index=25 start=0x000000001f8ed000 end=0x000000001faed000 len=0x0000000000200000 source_type=8 class=mapped-reserved allocator=ineligible reservation=none
GAXERA: MEMMAP_REGION index=26 start=0x000000001faed000 end=0x000000001fb6d000 len=0x0000000000080000 source_type=1 class=reserved allocator=ineligible reservation=none
GAXERA: MEMMAP_REGION index=27 start=0x000000001fb6d000 end=0x000000001fb7f000 len=0x0000000000012000 source_type=2 class=acpi-reclaimable allocator=ineligible reservation=none
GAXERA: MEMMAP_REGION index=28 start=0x000000001fb7f000 end=0x000000001fbff000 len=0x0000000000080000 source_type=3 class=acpi-nvs allocator=ineligible reservation=none
GAXERA: MEMMAP_REGION index=29 start=0x000000001fbff000 end=0x000000001fef4000 len=0x00000000002f5000 source_type=5 class=bootloader-reclaimable allocator=ineligible reservation=none
GAXERA: MEMMAP_REGION index=30 start=0x000000001fef4000 end=0x000000001ff78000 len=0x0000000000084000 source_type=8 class=mapped-reserved allocator=ineligible reservation=none
GAXERA: MEMMAP_REGION index=31 start=0x000000001ff78000 end=0x0000000020000000 len=0x0000000000088000 source_type=3 class=acpi-nvs allocator=ineligible reservation=none
GAXERA: MEMMAP_REGION index=32 start=0x0000000080000000 end=0x00000000803e8000 len=0x00000000003e8000 source_type=7 class=framebuffer allocator=ineligible reservation=none
GAXERA: MEMMAP_REGION index=33 start=0x000000fd00000000 end=0x0000010000000000 len=0x0000000300000000 source_type=1 class=reserved allocator=ineligible reservation=none
GAXERA: MEMMAP_END
GAXERA: BOOTSTRAP_FRAME_ALLOCATOR_READY ranges=8
GAXERA: PAGING_HHDM_MAPPED
GAXERA: PAGING_TEXT_MAPPED
GAXERA: PAGING_FRAMEBUFFER_MAPPED
GAXERA: PAGE_TABLES_READY root=0x0000000000000000 reservations=3
GAXERA: CR3_GAXERA_OWNED
GAXERA: PHYSICAL_FRAME_ALLOCATOR_READY frames=115045 bitmap_words=1798
GAXERA: MEMORY_FOUNDATION_OK heap=0xfffffe8000001000 size=2097152 lower_guard=0xfffffe8000000000
GAXERA: KERNEL_ENTRY_OK
GAXERA: EXCEPTION_DOUBLE_FAULT_IST_CAUGHT ip=0xffffffff800105ee error=0x0 rsp=0xffffffff800e4ea0
Guest-confirmed QEMU test passed.
Restoring the normal kernel ISO after test-only builds...
=== Building Gaxera Kernel ISO ===
Compiling kernel binary...
    Finished `dev` profile [unoptimized + debuginfo] target(s) in 0.03s
Compiling guest binary (init)...
    Finished `dev` profile [unoptimized + debuginfo] target(s) in 0.03s
Assembling ISO directory structure...
Compiling ramfs binary...
    Finished `dev` profile [unoptimized + debuginfo] target(s) in 0.03s
Compiling script_session binary...
    Finished `dev` profile [unoptimized + debuginfo] target(s) in 0.03s
Packaging GaxFS ramfs.img...
Packaging bootable ISO image via xorriso...
xorriso 1.5.6 : RockRidge filesystem manipulator, libburnia project.

Drive current: -outdev 'stdio:target/gaxera.iso'
Media current: stdio file, overwriteable
Media status : is blank
Media summary: 0 sessions, 0 data blocks, 0 data,  943g free
Added to ISO image: directory '/'='/home/nyx/gaxera/target/iso_root'
xorriso : UPDATE :      16 files added in 1 seconds
xorriso : UPDATE :      16 files added in 1 seconds
ISO image produced: 12727 sectors
Written to medium : 12727 sectors at LBA 0
Writing to 'stdio:target/gaxera.iso' completed successfully.

Installing bootloader record sector...
Physical block size of 512 bytes.
Installing to GPT. Logical block size of 512 bytes.
Secondary header at LBA 0xc6db.
Secondary header valid.
Detected ISOHYBRID with a GUID partition table (GPT).
Converting to MBR for improved compatibility...
Conversion successful.
No active partition found, some systems may not boot.
Setting partition 1 as active to work around the issue...
Installing to MBR.
Stage 2 to be located at byte offset 0x200.
Reminder: Remember to copy the limine-bios.sys file in either
          the root, /boot, /limine, or /boot/limine directories of
          one of the partitions on the device, or boot will fail!
Limine BIOS stages installed successfully.
Gaxera packaging successfully compiled to target/gaxera.iso!
All verification checks passed successfully!
