    Finished `dev` profile [unoptimized + debuginfo] target(s) in 0.03s
     Running `target/debug/xtask test`
=== Running Verification Tests ===
Local target checking validation...
   Compiling kernel v0.1.0 (/home/nyx/gaxera/kernel)
    Finished `dev` profile [unoptimized + debuginfo] target(s) in 0.84s
Running host-testable kernel, ABI, and core unit tests...
   Compiling kernel v0.1.0 (/home/nyx/gaxera/kernel)
    Finished `test` profile [unoptimized + debuginfo] target(s) in 0.48s
     Running unittests src/lib.rs (target/debug/deps/kernel-5c91dd7e83280e84)

running 25 tests
test arch::x86_64::acpi::tests::interrupt_source_override_resolves_isa_irq_to_gsi ... ok
test arch::x86_64::acpi::tests::local_apic_override_supersedes_madt_header ... ok
test arch::x86_64::acpi::tests::duplicate_interrupt_source_override_is_rejected ... ok
test arch::x86_64::acpi::tests::rejects_malformed_madt_subtable ... ok
test arch::x86_64::acpi::tests::rejects_misaligned_xsdt_entry_array ... ok
test arch::x86_64::acpi::tests::rejects_invalid_rsdp_checksum ... ok
test arch::x86_64::interrupts::tests::allocation_dispatch_and_generation_reuse ... ok
test arch::x86_64::apic::tests::extracts_pat_entry_three ... ok
test arch::x86_64::diagnostics::tests::stack_bounds_require_an_aligned_complete_frame ... ok
test arch::x86_64::acpi::tests::discovers_local_apic_from_madt_header ... ok
test arch::x86_64::pci::tests::test_parse_mcfg_segments ... ok
test arch::x86_64::smp::tests::cpu_local_cache_line_alignment ... ok
test arch::x86_64::smp::tests::test_max_cpus_capacity_and_madt ... ok
test arch::x86_64::syscall::tests::sysret_validation_rejects_hostile_return_addresses_and_flags ... ok
test arch::x86_64::user::tests::fixed_probe_frame_is_valid ... ok
test arch::x86_64::user::tests::validator_rejects_hostile_return_state ... ok
test arch::x86_64::user_copy::tests::copy_length_cannot_exceed_kernel_slice ... ok
test arch::x86_64::user_copy::tests::user_range_accepts_the_last_user_byte ... ok
test global::tests::test_invalid_lock_ordering_inversion_panics - should panic ... ok
test global::tests::test_parallel_level_4_nesting_panics - should panic ... ok
test memory::boot::tests::only_usable_memory_is_allocator_eligible ... ok
test memory::physical::tests::bitmap_deallocation_makes_frame_available_again ... ok
test memory::physical::tests::bitmap_skips_reserved_bootstrap_frames ... ok
test global::tests::test_valid_lock_ordering_sequence ... ok
test memory::boot::tests::sorts_regions_by_start_then_type_then_length ... ok

test result: ok. 25 passed; 0 failed; 0 ignored; 0 measured; 0 filtered out; finished in 0.00s

    Finished `test` profile [unoptimized + debuginfo] target(s) in 0.01s
     Running unittests src/lib.rs (target/debug/deps/gax_storage_engine-f20283393cfefd01)

running 10 tests
test extent_allocator::tests::test_extent_allocation_and_deallocation ... ok
test journal::tests::test_journal_record_serialization ... ok
test integrity::tests::test_checksum_computation_and_verification ... ok
test object_header::tests::test_object_header_serialization_with_relationships ... ok
test superblock::tests::test_superblock_serialization_round_trip ... ok
test superblock::tests::test_dual_superblock_crash_recovery ... ok
test tests::test_bitrot_payload_checksum_scrubbing ... ok
test tests::test_storage_engine_format_write_read_cycle ... ok
test tests::test_gaxfs_simulated_crash_recovery_and_superblock_rollback ... ok
test tests::test_hundred_generations_commit_rollover ... ok

test result: ok. 10 passed; 0 failed; 0 ignored; 0 measured; 0 filtered out; finished in 0.00s

     Running unittests src/lib.rs (target/debug/deps/gaxera_abi-49d6290a90f31c3b)

running 9 tests
test boot::tests::bootstrap_manifest_validation_rejects_malformed_entries ... ok
test boot::tests::test_bootstrap_manifest_layout ... ok
test ipc::tests::inline_message_zero_length ... ok
test ipc::tests::inline_message_oversized_rejection ... ok
test service::tests::test_service_wire_roundtrip_and_malformed_rejection ... ok
test tests::test_object_type_set_completeness ... ok
test ipc::tests::inline_message_full_length ... ok
test ipc::tests::transfer_descriptor_representation ... ok
test ipc::tests::reply_token_encoding ... ok

test result: ok. 9 passed; 0 failed; 0 ignored; 0 measured; 0 filtered out; finished in 0.00s

     Running unittests src/lib.rs (target/debug/deps/gaxfs_event_log-9c7574cbd1bb51d3)

running 5 tests
test checkpoint::tests::test_checkpoint_tracking_and_lowest_sequence ... ok
test ring_buffer::tests::test_ring_buffer_push_and_read ... ok
test log::tests::test_ring_buffer_multi_wrap_around_and_pruning ... ok
test log::tests::test_subscriber_self_healing_rehydration ... ok
test log::tests::test_subscriber_registration_and_event_publishing ... ok

test result: ok. 5 passed; 0 failed; 0 ignored; 0 measured; 0 filtered out; finished in 0.00s

     Running unittests src/lib.rs (target/debug/deps/gaxfs_types-c7163ee9a255c14e)

running 4 tests
test capabilities::tests::test_revocation_behavior ... ok
test capabilities::tests::test_rights_attenuation_and_amplification_prevention ... ok
test object_id::tests::test_uuidv7_construction_and_ordering ... ok
test object_id::tests::test_nil_id ... ok

test result: ok. 4 passed; 0 failed; 0 ignored; 0 measured; 0 filtered out; finished in 0.00s

     Running unittests src/lib.rs (target/debug/deps/gaxfs_vector_index-c0428180acf62ac2)

running 3 tests
test vector_index::tests::test_vector_search_with_capability_isolation ... ok
test quantization::tests::test_turboquant_lloyd_max_renormalized_compression ... ok
test vector_index::tests::test_512_dim_high_dimensional_vector_recall_benchmark ... ok

test result: ok. 3 passed; 0 failed; 0 ignored; 0 measured; 0 filtered out; finished in 0.00s

     Running unittests src/lib.rs (target/debug/deps/kernel_core-d8a3e48bb5dcd5f7)

running 97 tests
test affinity::tests::test_cpu_affinity_mask_operations ... ok
test address_space::tests::address_space_move_only_and_non_owning_token ... ok
test elf::tests::test_elf_accepts_max_user_vaddr_segment ... ok
test elf::tests::test_elf_rejects_vaddr_overflow_into_kernel ... ok
test driver_restart_tests::tests::test_driver_crash_and_teardown_reclaims_resources ... ok
test contiguous_frame::tests::contiguous_frame_properties_and_mapping_counts ... ok
test elf::tests::test_invalid_alignment ... ok
test elf::tests::test_elf_rejects_kernel_vaddr_segment ... ok
test elf::tests::test_invalid_ehsize ... ok
test elf::tests::test_invalid_phentsize ... ok
test elf::tests::test_malformed_pt_load_arithmetic_overflow ... ok
test elf::tests::test_malformed_pt_load_filesz_greater_than_memsz ... ok
test elf::tests::test_malformed_pt_load_out_of_bounds_file_offset ... ok
test elf::tests::test_truncated_buffer_smaller_than_header ... ok
test elf::tests::test_truncated_program_headers ... ok
test elf::tests::test_valid_elf ... ok
test elf::tests::test_wx_simultaneous_permission_rejection ... ok
test interrupt::tests::interrupt_object_binding_and_masking ... ok
test ipc::tests::endpoint_caller_cancelled_while_queued ... ok
test ipc::tests::capability_transfer_transaction_all_or_nothing ... ok
test ipc::tests::endpoint_caller_first_rendezvous ... ok
test ipc::tests::endpoint_close_effects ... ok
test ipc::tests::endpoint_fifo_order_preserved_across_multiple_cycles ... ok
test ipc::tests::endpoint_closes_while_callers_waiting_and_server_crash ... ok
test ipc::tests::endpoint_queue_capacity_exact_32_and_33rd_rejected ... ok
test ipc::tests::endpoint_multiclient_caller_queueing ... ok
test ipc::tests::endpoint_reply_stale_or_forged ... ok
test ipc::tests::endpoint_second_receiver_rejected ... ok
test ipc::tests::endpoint_receiver_first_rendezvous ... ok
test ipc::tests::test_endpoint_notify_thread_terminated_dead_caller ... ok
test ipc::tests::test_exhaustive_ipc_rights_matrix_validation ... ok
test ipc::tests::test_ipc_reply_token_sequence_uniqueness ... ok
test mapping::tests::double_unmap_rejection ... ok
test mapping::tests::mapping_bridge_creation_and_validation ... ok
test memory::tests::case_b_delegated_memory_survival_after_creator_exit ... ok
test memory::tests::case_a_ordinary_process_exit_reclamation ... ok
test notification::tests::notification_close_effects ... ok
test notification::tests::notification_signal_coalescing_and_take ... ok
test memory::tests::case_c_supervisor_revocation_lineage_cascade ... ok
test notification::tests::notification_signal_wakes_waiting_thread ... ok
test notification::tests::notification_wait_with_pending_signals_returns_immediately ... ok
test notification::tests::notification_wait_without_signals_records_waiter ... ok
test process::tests::test_invalid_transitions ... ok
test process::tests::test_process_state_transitions ... ok
test registry::tests::test_registry_insert_get ... ok
test registry::tests::test_registry_remove ... ok
test resource::tests::child_domain_reservation_and_rollback ... ok
test scheduler::tests::dequeue_returns_fifo_order ... ok
test resource::tests::resource_domain_memory_quota_charge_and_rollback ... ok
test scheduler::tests::committed_yield_rotates_fifo_without_allocation ... ok
test scheduler::tests::contains_reports_presence ... ok
test scheduler::tests::enqueue_rejects_duplicate ... ok
test scheduler::tests::enqueue_rejects_full_queue ... ok
test registry::tests::test_registry_get_mut ... ok
test scheduler::tests::scheduler_apply_wake ... ok
test scheduler::tests::scheduler_block_current ... ok
test scheduler::tests::current_thread_cannot_be_enqueued ... ok
test scheduler::tests::scheduler_priority_ordering ... ok
test slab::tests::slab_cache_hardening_validation ... ok
test scheduler::tests::scheduler_quantum_tracking ... ok
test slab::tests::slab_cache_allocation_and_deallocation ... ok
test scheduler::tests::scheduler_queue_logic ... ok
test tests::destroyed_objects_invalidate_existing_capabilities ... ok
test tests::factory_and_resourcedomain_correctness_tests ... ok
test scheduler_domain::tests::test_64_core_topology_full_mesh_migration ... ok
test tests::derivation_can_only_narrow_rights ... ok
test scheduler_domain::tests::test_64_core_thread_ownership_exclusivity_invariant ... ok
test tests::generational_handle_invalidation_prevents_stale_access ... ok
test tests::object_creation_is_fallible_and_reuse_invalidates_stale_identity ... ok
test scheduler_domain::tests::test_64_core_multi_queue_work_stealing_stress ... ok
test tests::scheduler_queue_logic ... ok
test scheduler_domain::tests::test_scheduler_domain_migration_protocol ... ok
test tests::three_tier_cascade_revocation_across_spaces ... ok
test tests::thread_state_transitions ... ok
test tests::two_independent_delegations_selective_revocation_test ... ok
test thread::tests::thread_priority_inheritance_boost_and_restore ... ok
test time::tests::deadline_ordering_and_expiry ... ok
test time::tests::display_format ... ok
test tests::prepared_transfer_rolls_back_when_target_cannot_accept_it ... ok
test tests::deleting_a_parent_handle_does_not_revoke_a_child ... ok
test time::tests::ticks_arithmetic ... ok
test time::tests::monotonic_clock_advance ... ok
test timer::tests::timer_object_arm_fire_cancel ... ok
test tests::resource_limits_are_recoverable_errors ... ok
test timer::tests::timer_object_close ... ok
test tests::rights_subset_matrix_is_exhaustive_for_all_initial_bits ... ok
test waitset::tests::waitset_signal_coalescing ... ok
test timer::tests::timer_object_rearm ... ok
test timer::tests::timer_queue_advance_and_remove ... ok
test timer::tests::timer_queue_ordering_and_capacity ... ok
test waitset::tests::waitset_add_remove_subscription ... ok
test waitset::tests::waitset_capacity_limits_and_closed_rejection ... ok
test waitset::tests::waitset_fifo_ordering_and_wake_before_wait_race_prevention ... ok
test waitset::tests::waitset_post_event_and_atomic_wait ... ok
test waitset::tests::waitset_remove_subscription_purges_pending_events ... ok
test tests::revocation_invalidates_descendants_across_spaces ... ok
test scheduler_domain::tests::test_64_core_work_stealing_and_affinity_enforcement ... ok

test result: ok. 97 passed; 0 failed; 0 ignored; 0 measured; 0 filtered out; finished in 0.00s

     Running unittests src/lib.rs (target/debug/deps/query_planner-757d6e3ec57b180c)

running 3 tests
test builder::tests::test_query_builder_fluent_api ... ok
test planner::tests::test_multi_predicate_intersection_and_short_circuit ... ok
test planner::tests::test_planner_selective_index_pruning ... ok

test result: ok. 3 passed; 0 failed; 0 ignored; 0 measured; 0 filtered out; finished in 0.00s

     Running tests/end_to_end_integration.rs (target/debug/deps/end_to_end_integration-c6223a52b12d8787)

running 1 test
test test_milestone_093_full_system_integration ... ok

test result: ok. 1 passed; 0 failed; 0 ignored; 0 measured; 0 filtered out; finished in 0.00s

   Doc-tests gax_storage_engine

running 0 tests

test result: ok. 0 passed; 0 failed; 0 ignored; 0 measured; 0 filtered out; finished in 0.00s

   Doc-tests gaxera_abi

running 0 tests

test result: ok. 0 passed; 0 failed; 0 ignored; 0 measured; 0 filtered out; finished in 0.00s

   Doc-tests gaxfs_event_log

running 0 tests

test result: ok. 0 passed; 0 failed; 0 ignored; 0 measured; 0 filtered out; finished in 0.00s

   Doc-tests gaxfs_types

running 0 tests

test result: ok. 0 passed; 0 failed; 0 ignored; 0 measured; 0 filtered out; finished in 0.00s

   Doc-tests gaxfs_vector_index

running 0 tests

test result: ok. 0 passed; 0 failed; 0 ignored; 0 measured; 0 filtered out; finished in 0.00s

   Doc-tests kernel_core

running 0 tests

test result: ok. 0 passed; 0 failed; 0 ignored; 0 measured; 0 filtered out; finished in 0.00s

   Doc-tests query_planner

running 0 tests

test result: ok. 0 passed; 0 failed; 0 ignored; 0 measured; 0 filtered out; finished in 0.00s

Strictly linting host ABI, core, and GaxFS crates...
    Finished `dev` profile [unoptimized + debuginfo] target(s) in 0.03s
Strictly linting every guest test profile...
Linting kernel profile: normal
   Compiling kernel v0.1.0 (/home/nyx/gaxera/kernel)
    Finished `dev` profile [unoptimized + debuginfo] target(s) in 0.95s
Linting kernel profile: boot
    Blocking waiting for file lock on build directory
   Compiling kernel v0.1.0 (/home/nyx/gaxera/kernel)
    Finished `dev` profile [unoptimized + debuginfo] target(s) in 3.45s
Linting kernel profile: panic
    Blocking waiting for file lock on package cache
    Blocking waiting for file lock on package cache
   Compiling kernel v0.1.0 (/home/nyx/gaxera/kernel)
    Finished `dev` profile [unoptimized + debuginfo] target(s) in 0.99s
Linting kernel profile: memory
   Compiling kernel v0.1.0 (/home/nyx/gaxera/kernel)
    Finished `dev` profile [unoptimized + debuginfo] target(s) in 0.97s
Linting kernel profile: heap-guard
   Compiling kernel v0.1.0 (/home/nyx/gaxera/kernel)
    Finished `dev` profile [unoptimized + debuginfo] target(s) in 0.96s
Linting kernel profile: apic-timer
   Compiling kernel v0.1.0 (/home/nyx/gaxera/kernel)
    Finished `dev` profile [unoptimized + debuginfo] target(s) in 0.95s
Linting kernel profile: user-transition
   Compiling kernel v0.1.0 (/home/nyx/gaxera/kernel)
    Finished `dev` profile [unoptimized + debuginfo] target(s) in 0.96s
Linting kernel profile: user-privilege
   Compiling kernel v0.1.0 (/home/nyx/gaxera/kernel)
    Finished `dev` profile [unoptimized + debuginfo] target(s) in 0.92s
Linting kernel profile: user-invalid-frame
   Compiling kernel v0.1.0 (/home/nyx/gaxera/kernel)
    Finished `dev` profile [unoptimized + debuginfo] target(s) in 0.97s
Linting kernel profile: syscall-round-trip
    Blocking waiting for file lock on build directory
   Compiling kernel v0.1.0 (/home/nyx/gaxera/kernel)
    Finished `dev` profile [unoptimized + debuginfo] target(s) in 3.42s
Linting kernel profile: user-copy-fault
    Blocking waiting for file lock on package cache
   Compiling kernel v0.1.0 (/home/nyx/gaxera/kernel)
    Finished `dev` profile [unoptimized + debuginfo] target(s) in 0.97s
Linting kernel profile: cooperative-yield
   Compiling kernel v0.1.0 (/home/nyx/gaxera/kernel)
    Finished `dev` profile [unoptimized + debuginfo] target(s) in 0.95s
Linting kernel profile: context-preservation
   Compiling kernel v0.1.0 (/home/nyx/gaxera/kernel)
    Finished `dev` profile [unoptimized + debuginfo] target(s) in 0.95s
Linting kernel profile: ipc-test
   Compiling kernel v0.1.0 (/home/nyx/gaxera/kernel)
    Finished `dev` profile [unoptimized + debuginfo] target(s) in 0.94s
Linting kernel profile: preemption
   Compiling kernel v0.1.0 (/home/nyx/gaxera/kernel)
    Finished `dev` profile [unoptimized + debuginfo] target(s) in 0.95s
Linting kernel profile: frame-recycling
   Compiling kernel v0.1.0 (/home/nyx/gaxera/kernel)
    Finished `dev` profile [unoptimized + debuginfo] target(s) in 0.94s
Linting kernel profile: slab-allocation
   Compiling kernel v0.1.0 (/home/nyx/gaxera/kernel)
    Finished `dev` profile [unoptimized + debuginfo] target(s) in 0.94s
Linting kernel profile: unmap-memory
   Compiling kernel v0.1.0 (/home/nyx/gaxera/kernel)
    Finished `dev` profile [unoptimized + debuginfo] target(s) in 0.94s
Linting kernel profile: shared-memory
    Blocking waiting for file lock on build directory
   Compiling kernel v0.1.0 (/home/nyx/gaxera/kernel)
    Finished `dev` profile [unoptimized + debuginfo] target(s) in 3.48s
Linting kernel profile: ipc-multiclient
   Compiling kernel v0.1.0 (/home/nyx/gaxera/kernel)
    Finished `dev` profile [unoptimized + debuginfo] target(s) in 0.97s
Linting kernel profile: ipc-waitset
   Compiling kernel v0.1.0 (/home/nyx/gaxera/kernel)
    Finished `dev` profile [unoptimized + debuginfo] target(s) in 0.97s
Linting kernel profile: ipc-priority-inheritance
   Compiling kernel v0.1.0 (/home/nyx/gaxera/kernel)
    Finished `dev` profile [unoptimized + debuginfo] target(s) in 0.98s
Linting kernel profile: interrupt-notification
   Compiling kernel v0.1.0 (/home/nyx/gaxera/kernel)
    Finished `dev` profile [unoptimized + debuginfo] target(s) in 0.97s
Linting kernel profile: mmio-driver
   Compiling kernel v0.1.0 (/home/nyx/gaxera/kernel)
    Finished `dev` profile [unoptimized + debuginfo] target(s) in 0.97s
Linting kernel profile: userspace-runtime
   Compiling kernel v0.1.0 (/home/nyx/gaxera/kernel)
    Finished `dev` profile [unoptimized + debuginfo] target(s) in 0.95s
Linting kernel profile: ring3-heap
    Finished `dev` profile [unoptimized + debuginfo] target(s) in 0.04s
Linting kernel profile: service-registry
   Compiling kernel v0.1.0 (/home/nyx/gaxera/kernel)
    Finished `dev` profile [unoptimized + debuginfo] target(s) in 0.93s
Linting kernel profile: bootstrap-manifest
    Finished `dev` profile [unoptimized + debuginfo] target(s) in 0.04s
Linting kernel profile: bootstrap-no-slot-assumptions
    Finished `dev` profile [unoptimized + debuginfo] target(s) in 0.04s
Linting kernel profile: process-create-start-exit
    Finished `dev` profile [unoptimized + debuginfo] target(s) in 0.04s
Linting kernel profile: process-supervisor-terminate
    Finished `dev` profile [unoptimized + debuginfo] target(s) in 0.04s
Linting kernel profile: process-reap
    Blocking waiting for file lock on build directory
    Finished `dev` profile [unoptimized + debuginfo] target(s) in 0.07s
Linting kernel profile: process-delegated-memory
    Blocking waiting for file lock on build directory
    Finished `dev` profile [unoptimized + debuginfo] target(s) in 2.57s
Linting kernel profile: process-restart
    Blocking waiting for file lock on package cache
    Blocking waiting for file lock on package cache
    Finished `dev` profile [unoptimized + debuginfo] target(s) in 0.04s
Linting kernel profile: init-userspace-heap
    Blocking waiting for file lock on package cache
    Finished `dev` profile [unoptimized + debuginfo] target(s) in 0.08s
Linting kernel profile: service-allocator-migration
    Finished `dev` profile [unoptimized + debuginfo] target(s) in 0.07s
Linting kernel profile: irq-notification
    Finished `dev` profile [unoptimized + debuginfo] target(s) in 0.04s
Linting kernel profile: irq-unauthorized
    Finished `dev` profile [unoptimized + debuginfo] target(s) in 0.04s
Linting kernel profile: irq-driver-teardown
    Finished `dev` profile [unoptimized + debuginfo] target(s) in 0.04s
Linting kernel profile: irq-vector-reuse
    Finished `dev` profile [unoptimized + debuginfo] target(s) in 0.04s
Linting kernel profile: driver-crash-restart
    Finished `dev` profile [unoptimized + debuginfo] target(s) in 0.04s
Linting kernel profile: virtio-rng
    Finished `dev` profile [unoptimized + debuginfo] target(s) in 0.04s
Linting kernel profile: ipc-benchmark
   Compiling kernel v0.1.0 (/home/nyx/gaxera/kernel)
    Finished `dev` profile [unoptimized + debuginfo] target(s) in 0.94s
Linting kernel profile: exception-breakpoint
   Compiling kernel v0.1.0 (/home/nyx/gaxera/kernel)
    Finished `dev` profile [unoptimized + debuginfo] target(s) in 0.96s
Linting kernel profile: divide-error
   Compiling kernel v0.1.0 (/home/nyx/gaxera/kernel)
    Finished `dev` profile [unoptimized + debuginfo] target(s) in 0.96s
Linting kernel profile: invalid-opcode
   Compiling kernel v0.1.0 (/home/nyx/gaxera/kernel)
    Finished `dev` profile [unoptimized + debuginfo] target(s) in 0.95s
Linting kernel profile: general-protection
   Compiling kernel v0.1.0 (/home/nyx/gaxera/kernel)
    Finished `dev` profile [unoptimized + debuginfo] target(s) in 0.94s
Linting kernel profile: page-fault
   Compiling kernel v0.1.0 (/home/nyx/gaxera/kernel)
    Finished `dev` profile [unoptimized + debuginfo] target(s) in 0.96s
Linting kernel profile: double-fault
   Compiling kernel v0.1.0 (/home/nyx/gaxera/kernel)
    Finished `dev` profile [unoptimized + debuginfo] target(s) in 0.93s
Executing UEFI guest-confirmed integration checks...
=== Building Gaxera Kernel ISO ===
     Removed 0 files
Compiling kernel binary...
    Blocking waiting for file lock on build directory
   Compiling kernel v0.1.0 (/home/nyx/gaxera/kernel)
    Finished `dev` profile [unoptimized + debuginfo] target(s) in 5.05s
Compiling guest binary (init)...
    Blocking waiting for file lock on package cache
    Blocking waiting for file lock on package cache
    Blocking waiting for file lock on package cache
    Finished `dev` profile [unoptimized + debuginfo] target(s) in 0.04s
Assembling ISO directory structure...
Compiling ramfs binary...
    Blocking waiting for file lock on package cache
    Blocking waiting for file lock on package cache
    Blocking waiting for file lock on package cache
    Blocking waiting for file lock on package cache
    Blocking waiting for file lock on build directory
    Finished `dev` profile [unoptimized + debuginfo] target(s) in 0.04s
Compiling script_session binary...
    Finished `dev` profile [unoptimized + debuginfo] target(s) in 0.04s
Packaging GaxFS ramfs.img...
Packaging bootable ISO image via xorriso...
xorriso 1.5.6 : RockRidge filesystem manipulator, libburnia project.

Drive current: -outdev 'stdio:target/gaxera.iso'
Media current: stdio file, overwriteable
Media status : is blank
Media summary: 0 sessions, 0 data blocks, 0 data,  943g free
Added to ISO image: directory '/'='/home/nyx/gaxera/target/iso_root'
xorriso : UPDATE :      16 files added in 1 seconds
xorriso : UPDATE :      16 files added in 1 seconds
ISO image produced: 14530 sectors
Written to medium : 14530 sectors at LBA 0
Writing to 'stdio:target/gaxera.iso' completed successfully.

Installing bootloader record sector...
Physical block size of 512 bytes.
Installing to MBR.
Stage 2 to be located at byte offset 0x200.
Reminder: Remember to copy the limine-bios.sys file in either
          the root, /boot, /limine, or /boot/limine directories of
          one of the partitions on the device, or boot will fail!
Limine BIOS stages installed successfully.
Gaxera packaging successfully compiled to target/gaxera.iso!
=== Launching QEMU Virtual Machine ===
OVMF UEFI firmware detected. Booting in UEFI mode.
Headless mode selected.
[2J[001;001H[=3h[2J[001;001H[2J[001;001H[8;056;240t[2J[001;001H[2J[001;001H[=3h[2J[001;001H[2J[001;001H[8;042;160t[2J[001;001HBdsDxe: loading Boot0002 "UEFI QEMU DVD-ROM QM00003 " from PciRoot(0x0)/Pci(0x1,0x1)/Ata(Secondary,Master,0x0)
BdsDxe: starting Boot0002 "UEFI QEMU DVD-ROM QM00003 " from PciRoot(0x0)/Pci(0x1,0x1)/Ata(Secondary,Master,0x0)
[001;001H[001;001H[001;001Hl[001;002Hi[001;003Hm[001;004Hi[001;005Hn[001;006He[001;007H:[001;008H [001;009HL[001;010Ho[001;011Ha[001;012Hd[001;013Hi[001;014Hn[001;015Hg[001;016H [001;017He[001;018Hx[001;019He[001;020Hc[001;021Hu[001;022Ht[001;023Ha[001;024Hb[001;025Hl[001;026He[001;027H [001;028H`[001;029Hb[001;030Ho[001;031Ho[001;032Ht[001;033H([001;034H)[001;035H:[001;036H/[001;037Hb[001;038Ho[001;039Ho[001;040Ht[001;041H/[001;042Hg[001;043Ha[001;044Hx[001;045He[001;046Hr[001;047Ha[001;048H.[001;049He[001;050Hl[001;051Hf[001;052H`[001;053H.[001;054H.[001;055H.[001;056H[001;001H[002;001Hl[002;002Hi[002;003Hm[002;004Hi[002;005Hn[002;006He[002;007H:[002;008H [002;009HL[002;010Ho[002;011Ha[002;012Hd[002;013Hi[002;014Hn[002;015Hg[002;016H [002;017Hm[002;018Ho[002;019Hd[002;020Hu[002;021Hl[002;022He[002;023H [002;024H`[002;025Hb[002;026Ho[002;027Ho[002;028Ht[002;029H([002;030H)[002;031H:[002;032H/[002;033Hb[002;034Ho[002;035Ho[002;036Ht[002;037H/[002;038Hi[002;039Hn[002;040Hi[002;041Ht[002;042H.[002;043He[002;044Hl[002;045Hf[002;046H`[002;047H.[002;048H.[002;049H.[002;050H[002;001H[003;001Hl[003;002Hi[003;003Hm[003;004Hi[003;005Hn[003;006He[003;007H:[003;008H [003;009HL[003;010Ho[003;011Ha[003;012Hd[003;013Hi[003;014Hn[003;015Hg[003;016H [003;017Hm[003;018Ho[003;019Hd[003;020Hu[003;021Hl[003;022He[003;023H [003;024H`[003;025Hb[003;026Ho[003;027Ho[003;028Ht[003;029H([003;030H)[003;031H:[003;032H/[003;033Hb[003;034Ho[003;035Ho[003;036Ht[003;037H/[003;038Hr[003;039Ha[003;040Hm[003;041Hf[003;042Hs[003;043H.[003;044He[003;045Hl[003;046Hf[003;047H`[003;048H.[003;049H.[003;050H.[003;051H[003;001H[004;001Hl[004;002Hi[004;003Hm[004;004Hi[004;005Hn[004;006He[004;007H:[004;008H [004;009HL[004;010Ho[004;011Ha[004;012Hd[004;013Hi[004;014Hn[004;015Hg[004;016H [004;017Hm[004;018Ho[004;019Hd[004;020Hu[004;021Hl[004;022He[004;023H [004;024H`[004;025Hb[004;026Ho[004;027Ho[004;028Ht[004;029H([004;030H)[004;031H:[004;032H/[004;033Hb[004;034Ho[004;035Ho[004;036Ht[004;037H/[004;038Hs[004;039Hc[004;040Hr[004;041Hi[004;042Hp[004;043Ht[004;044H_[004;045Hs[004;046He[004;047Hs[004;048Hs[004;049Hi[004;050Ho[004;051Hn[004;052H.[004;053He[004;054Hl[004;055Hf[004;056H`[004;057H.[004;058H.[004;059H.[004;060H[004;001H[005;001Hl[005;002Hi[005;003Hm[005;004Hi[005;005Hn[005;006He[005;007H:[005;008H [005;009HL[005;010Ho[005;011Ha[005;012Hd[005;013Hi[005;014Hn[005;015Hg[005;016H [005;017Hm[005;018Ho[005;019Hd[005;020Hu[005;021Hl[005;022He[005;023H [005;024H`[005;025Hb[005;026Ho[005;027Ho[005;028Ht[005;029H([005;030H)[005;031H:[005;032H/[005;033Hb[005;034Ho[005;035Ho[005;036Ht[005;037H/[005;038Hr[005;039Ha[005;040Hm[005;041Hf[005;042Hs[005;043H.[005;044Hi[005;045Hm[005;046Hg[005;047H`[005;048H.[005;049H.[005;050H.[005;051H[005;001H[006;001HGAXERA: BOOT_STACK_READY
GAXERA: DESCRIPTORS_AND_IDT_READY
GAXERA: BOOT_CONTEXT_READY kernel_phys=0x000000001967a000 kernel_virt=0xffffffff80000000 rsdp_phys=0x000000001fb7e014
GAXERA: MEMMAP_BEGIN count=34
GAXERA: MEMMAP_REGION index=0 start=0x0000000000000000 end=0x0000000000087000 len=0x0000000000087000 source_type=0 class=usable allocator=eligible reservation=none
GAXERA: MEMMAP_REGION index=1 start=0x0000000000087000 end=0x0000000000088000 len=0x0000000000001000 source_type=5 class=bootloader-reclaimable allocator=ineligible reservation=none
GAXERA: MEMMAP_REGION index=2 start=0x0000000000088000 end=0x00000000000a0000 len=0x0000000000018000 source_type=0 class=usable allocator=eligible reservation=none
GAXERA: MEMMAP_REGION index=3 start=0x0000000000100000 end=0x0000000000800000 len=0x0000000000700000 source_type=0 class=usable allocator=eligible reservation=none
GAXERA: MEMMAP_REGION index=4 start=0x0000000000800000 end=0x0000000000808000 len=0x0000000000008000 source_type=3 class=acpi-nvs allocator=ineligible reservation=none
GAXERA: MEMMAP_REGION index=5 start=0x0000000000808000 end=0x000000000080b000 len=0x0000000000003000 source_type=0 class=usable allocator=eligible reservation=none
GAXERA: MEMMAP_REGION index=6 start=0x000000000080b000 end=0x000000000080c000 len=0x0000000000001000 source_type=3 class=acpi-nvs allocator=ineligible reservation=none
GAXERA: MEMMAP_REGION index=7 start=0x000000000080c000 end=0x0000000000814000 len=0x0000000000008000 source_type=0 class=usable allocator=eligible reservation=none
GAXERA: MEMMAP_REGION index=8 start=0x0000000000814000 end=0x0000000000900000 len=0x00000000000ec000 source_type=3 class=acpi-nvs allocator=ineligible reservation=none
GAXERA: MEMMAP_REGION index=9 start=0x0000000000900000 end=0x0000000001780000 len=0x0000000000e80000 source_type=5 class=bootloader-reclaimable allocator=ineligible reservation=none
GAXERA: MEMMAP_REGION index=10 start=0x0000000001780000 end=0x0000000018cd6000 len=0x0000000017556000 source_type=0 class=usable allocator=eligible reservation=none
GAXERA: MEMMAP_REGION index=11 start=0x0000000018cd6000 end=0x0000000018ce3000 len=0x000000000000d000 source_type=5 class=bootloader-reclaimable allocator=ineligible reservation=none
GAXERA: MEMMAP_REGION index=12 start=0x0000000018ce3000 end=0x0000000018f92000 len=0x00000000002af000 source_type=6 class=executable-and-modules allocator=ineligible reservation=none
GAXERA: MEMMAP_REGION index=13 start=0x0000000018f92000 end=0x0000000019240000 len=0x00000000002ae000 source_type=6 class=executable-and-modules allocator=ineligible reservation=none
GAXERA: MEMMAP_REGION index=14 start=0x0000000019240000 end=0x000000001967a000 len=0x000000000043a000 source_type=6 class=executable-and-modules allocator=ineligible reservation=none
GAXERA: MEMMAP_REGION index=15 start=0x000000001967a000 end=0x00000000197f7000 len=0x000000000017d000 source_type=6 class=executable-and-modules allocator=ineligible reservation=none
GAXERA: MEMMAP_REGION index=16 start=0x00000000197f7000 end=0x000000001a66c000 len=0x0000000000e75000 source_type=5 class=bootloader-reclaimable allocator=ineligible reservation=none
GAXERA: MEMMAP_REGION index=17 start=0x000000001a66c000 end=0x000000001bf6c000 len=0x0000000001900000 source_type=0 class=usable allocator=eligible reservation=none
GAXERA: MEMMAP_REGION index=18 start=0x000000001bf6c000 end=0x000000001bfaa000 len=0x000000000003e000 source_type=5 class=bootloader-reclaimable allocator=ineligible reservation=none
GAXERA: MEMMAP_REGION index=19 start=0x000000001bfaa000 end=0x000000001bfab000 len=0x0000000000001000 source_type=6 class=executable-and-modules allocator=ineligible reservation=none
GAXERA: MEMMAP_REGION index=20 start=0x000000001bfab000 end=0x000000001bfaf000 len=0x0000000000004000 source_type=5 class=bootloader-reclaimable allocator=ineligible reservation=none
GAXERA: MEMMAP_REGION index=21 start=0x000000001bfaf000 end=0x000000001e6a0000 len=0x00000000026f1000 source_type=0 class=usable allocator=eligible reservation=none
GAXERA: MEMMAP_REGION index=22 start=0x000000001e6a0000 end=0x000000001ed3f000 len=0x000000000069f000 source_type=5 class=bootloader-reclaimable allocator=ineligible reservation=none
GAXERA: MEMMAP_REGION index=23 start=0x000000001ed3f000 end=0x000000001ee00000 len=0x00000000000c1000 source_type=8 class=mapped-reserved allocator=ineligible reservation=none
GAXERA: MEMMAP_REGION index=24 start=0x000000001ee00000 end=0x000000001f8ed000 len=0x0000000000aed000 source_type=5 class=bootloader-reclaimable allocator=ineligible reservation=none
GAXERA: MEMMAP_REGION index=25 start=0x000000001f8ed000 end=0x000000001faed000 len=0x0000000000200000 source_type=8 class=mapped-reserved allocator=ineligible reservation=none
GAXERA: MEMMAP_REGION index=26 start=0x000000001faed000 end=0x000000001fb6d000 len=0x0000000000080000 source_type=1 class=reserved allocator=ineligible reservation=none
GAXERA: MEMMAP_REGION index=27 start=0x000000001fb6d000 end=0x000000001fb7f000 len=0x0000000000012000 source_type=2 class=acpi-reclaimable allocator=ineligible reservation=none
GAXERA: MEMMAP_REGION index=28 start=0x000000001fb7f000 end=0x000000001fbff000 len=0x0000000000080000 source_type=3 class=acpi-nvs allocator=ineligible reservation=none
GAXERA: MEMMAP_REGION index=29 start=0x000000001fbff000 end=0x000000001fef4000 len=0x00000000002f5000 source_type=5 class=bootloader-reclaimable allocator=ineligible reservation=none
GAXERA: MEMMAP_REGION index=30 start=0x000000001fef4000 end=0x000000001ff78000 len=0x0000000000084000 source_type=8 class=mapped-reserved allocator=ineligible reservation=none
GAXERA: MEMMAP_REGION index=31 start=0x000000001ff78000 end=0x0000000020000000 len=0x0000000000088000 source_type=3 class=acpi-nvs allocator=ineligible reservation=none
GAXERA: MEMMAP_REGION index=32 start=0x0000000080000000 end=0x00000000803e8000 len=0x00000000003e8000 source_type=7 class=framebuffer allocator=ineligible reservation=none
GAXERA: MEMMAP_REGION index=33 start=0x000000fd00000000 end=0x0000010000000000 len=0x0000000300000000 source_type=1 class=reserved allocator=ineligible reservation=none
GAXERA: MEMMAP_END
GAXERA: BOOTSTRAP_FRAME_ALLOCATOR_READY ranges=8
GAXERA: PAGING_HHDM_MAPPED
GAXERA: PAGING_TEXT_MAPPED
GAXERA: PAGING_FRAMEBUFFER_MAPPED
GAXERA: PAGE_TABLES_READY root=0x0000000000000000 reservations=3
GAXERA: CR3_GAXERA_OWNED
GAXERA: PHYSICAL_FRAME_ALLOCATOR_READY frames=113905 bitmap_words=1780
GAXERA: MEMORY_FOUNDATION_OK heap=0xfffffe8000001000 size=2097152 lower_guard=0xfffffe8000000000
GAXERA: KERNEL_ENTRY_OK
GAXERA: FRAMEBUFFER_OK (1280x800, pitch: 5120)
GAXERA: TEST_PATTERN_DRAWN
GAXERA: ACPI_MADT_READY local_apic_phys=0x00000000fee00000 override=false
GAXERA: ACPI_TEMPORARY_WINDOW_RELEASED
GAXERA: LOCAL_APIC_READY phys=0x00000000fee00000 vector=0xe0
GAXERA: IOAPIC_READY phys=0x00000000fec00000 gsi_base=0
GAXERA: PREEMPTION_TIMER_READY ticks_per_ms=63086
GAXERA: USER_TRANSITION_OK
GAXERA: EXCEPTION_BREAKPOINT_CAUGHT ip=0x0000000000400001 (user transition)
Guest-confirmed QEMU test passed.
=== Building Gaxera Kernel ISO ===
     Removed 628 files, 223.1MiB total
Compiling kernel binary...
   Compiling kernel v0.1.0 (/home/nyx/gaxera/kernel)
    Finished `dev` profile [unoptimized + debuginfo] target(s) in 2.52s
Compiling guest binary (init)...
    Finished `dev` profile [unoptimized + debuginfo] target(s) in 0.03s
Assembling ISO directory structure...
Compiling ramfs binary...
    Finished `dev` profile [unoptimized + debuginfo] target(s) in 0.03s
Compiling script_session binary...
    Finished `dev` profile [unoptimized + debuginfo] target(s) in 0.03s
Packaging GaxFS ramfs.img...
Packaging bootable ISO image via xorriso...
xorriso 1.5.6 : RockRidge filesystem manipulator, libburnia project.

Drive current: -outdev 'stdio:target/gaxera.iso'
Media current: stdio file, overwriteable
Media status : is blank
Media summary: 0 sessions, 0 data blocks, 0 data,  944g free
Added to ISO image: directory '/'='/home/nyx/gaxera/target/iso_root'
xorriso : UPDATE :      16 files added in 1 seconds
xorriso : UPDATE :      16 files added in 1 seconds
ISO image produced: 14529 sectors
Written to medium : 14529 sectors at LBA 0
Writing to 'stdio:target/gaxera.iso' completed successfully.

Installing bootloader record sector...
Physical block size of 512 bytes.
Installing to GPT. Logical block size of 512 bytes.
Secondary header at LBA 0xe303.
Secondary header valid.
Detected ISOHYBRID with a GUID partition table (GPT).
Converting to MBR for improved compatibility...
Conversion successful.
No active partition found, some systems may not boot.
Setting partition 1 as active to work around the issue...
Installing to MBR.
Stage 2 to be located at byte offset 0x200.
Reminder: Remember to copy the limine-bios.sys file in either
          the root, /boot, /limine, or /boot/limine directories of
          one of the partitions on the device, or boot will fail!
Limine BIOS stages installed successfully.
Gaxera packaging successfully compiled to target/gaxera.iso!
=== Launching QEMU Virtual Machine ===
OVMF UEFI firmware detected. Booting in UEFI mode.
Headless mode selected.
[2J[001;001H[=3h[2J[001;001H[2J[001;001H[8;056;240t[2J[001;001H[2J[001;001H[=3h[2J[001;001H[2J[001;001H[8;042;160t[2J[001;001HBdsDxe: loading Boot0002 "UEFI QEMU DVD-ROM QM00003 " from PciRoot(0x0)/Pci(0x1,0x1)/Ata(Secondary,Master,0x0)
BdsDxe: starting Boot0002 "UEFI QEMU DVD-ROM QM00003 " from PciRoot(0x0)/Pci(0x1,0x1)/Ata(Secondary,Master,0x0)
[001;001H[001;001H[001;001Hl[001;002Hi[001;003Hm[001;004Hi[001;005Hn[001;006He[001;007H:[001;008H [001;009HL[001;010Ho[001;011Ha[001;012Hd[001;013Hi[001;014Hn[001;015Hg[001;016H [001;017He[001;018Hx[001;019He[001;020Hc[001;021Hu[001;022Ht[001;023Ha[001;024Hb[001;025Hl[001;026He[001;027H [001;028H`[001;029Hb[001;030Ho[001;031Ho[001;032Ht[001;033H([001;034H)[001;035H:[001;036H/[001;037Hb[001;038Ho[001;039Ho[001;040Ht[001;041H/[001;042Hg[001;043Ha[001;044Hx[001;045He[001;046Hr[001;047Ha[001;048H.[001;049He[001;050Hl[001;051Hf[001;052H`[001;053H.[001;054H.[001;055H.[001;056H[001;001H[002;001Hl[002;002Hi[002;003Hm[002;004Hi[002;005Hn[002;006He[002;007H:[002;008H [002;009HL[002;010Ho[002;011Ha[002;012Hd[002;013Hi[002;014Hn[002;015Hg[002;016H [002;017Hm[002;018Ho[002;019Hd[002;020Hu[002;021Hl[002;022He[002;023H [002;024H`[002;025Hb[002;026Ho[002;027Ho[002;028Ht[002;029H([002;030H)[002;031H:[002;032H/[002;033Hb[002;034Ho[002;035Ho[002;036Ht[002;037H/[002;038Hi[002;039Hn[002;040Hi[002;041Ht[002;042H.[002;043He[002;044Hl[002;045Hf[002;046H`[002;047H.[002;048H.[002;049H.[002;050H[002;001H[003;001Hl[003;002Hi[003;003Hm[003;004Hi[003;005Hn[003;006He[003;007H:[003;008H [003;009HL[003;010Ho[003;011Ha[003;012Hd[003;013Hi[003;014Hn[003;015Hg[003;016H [003;017Hm[003;018Ho[003;019Hd[003;020Hu[003;021Hl[003;022He[003;023H [003;024H`[003;025Hb[003;026Ho[003;027Ho[003;028Ht[003;029H([003;030H)[003;031H:[003;032H/[003;033Hb[003;034Ho[003;035Ho[003;036Ht[003;037H/[003;038Hr[003;039Ha[003;040Hm[003;041Hf[003;042Hs[003;043H.[003;044He[003;045Hl[003;046Hf[003;047H`[003;048H.[003;049H.[003;050H.[003;051H[003;001H[004;001Hl[004;002Hi[004;003Hm[004;004Hi[004;005Hn[004;006He[004;007H:[004;008H [004;009HL[004;010Ho[004;011Ha[004;012Hd[004;013Hi[004;014Hn[004;015Hg[004;016H [004;017Hm[004;018Ho[004;019Hd[004;020Hu[004;021Hl[004;022He[004;023H [004;024H`[004;025Hb[004;026Ho[004;027Ho[004;028Ht[004;029H([004;030H)[004;031H:[004;032H/[004;033Hb[004;034Ho[004;035Ho[004;036Ht[004;037H/[004;038Hs[004;039Hc[004;040Hr[004;041Hi[004;042Hp[004;043Ht[004;044H_[004;045Hs[004;046He[004;047Hs[004;048Hs[004;049Hi[004;050Ho[004;051Hn[004;052H.[004;053He[004;054Hl[004;055Hf[004;056H`[004;057H.[004;058H.[004;059H.[004;060H[004;001H[005;001Hl[005;002Hi[005;003Hm[005;004Hi[005;005Hn[005;006He[005;007H:[005;008H [005;009HL[005;010Ho[005;011Ha[005;012Hd[005;013Hi[005;014Hn[005;015Hg[005;016H [005;017Hm[005;018Ho[005;019Hd[005;020Hu[005;021Hl[005;022He[005;023H [005;024H`[005;025Hb[005;026Ho[005;027Ho[005;028Ht[005;029H([005;030H)[005;031H:[005;032H/[005;033Hb[005;034Ho[005;035Ho[005;036Ht[005;037H/[005;038Hr[005;039Ha[005;040Hm[005;041Hf[005;042Hs[005;043H.[005;044Hi[005;045Hm[005;046Hg[005;047H`[005;048H.[005;049H.[005;050H.[005;051H[005;001H[006;001HGAXERA: BOOT_STACK_READY
GAXERA: DESCRIPTORS_AND_IDT_READY
GAXERA: BOOT_CONTEXT_READY kernel_phys=0x000000001967a000 kernel_virt=0xffffffff80000000 rsdp_phys=0x000000001fb7e014
GAXERA: MEMMAP_BEGIN count=34
GAXERA: MEMMAP_REGION index=0 start=0x0000000000000000 end=0x0000000000087000 len=0x0000000000087000 source_type=0 class=usable allocator=eligible reservation=none
GAXERA: MEMMAP_REGION index=1 start=0x0000000000087000 end=0x0000000000088000 len=0x0000000000001000 source_type=5 class=bootloader-reclaimable allocator=ineligible reservation=none
GAXERA: MEMMAP_REGION index=2 start=0x0000000000088000 end=0x00000000000a0000 len=0x0000000000018000 source_type=0 class=usable allocator=eligible reservation=none
GAXERA: MEMMAP_REGION index=3 start=0x0000000000100000 end=0x0000000000800000 len=0x0000000000700000 source_type=0 class=usable allocator=eligible reservation=none
GAXERA: MEMMAP_REGION index=4 start=0x0000000000800000 end=0x0000000000808000 len=0x0000000000008000 source_type=3 class=acpi-nvs allocator=ineligible reservation=none
GAXERA: MEMMAP_REGION index=5 start=0x0000000000808000 end=0x000000000080b000 len=0x0000000000003000 source_type=0 class=usable allocator=eligible reservation=none
GAXERA: MEMMAP_REGION index=6 start=0x000000000080b000 end=0x000000000080c000 len=0x0000000000001000 source_type=3 class=acpi-nvs allocator=ineligible reservation=none
GAXERA: MEMMAP_REGION index=7 start=0x000000000080c000 end=0x0000000000814000 len=0x0000000000008000 source_type=0 class=usable allocator=eligible reservation=none
GAXERA: MEMMAP_REGION index=8 start=0x0000000000814000 end=0x0000000000900000 len=0x00000000000ec000 source_type=3 class=acpi-nvs allocator=ineligible reservation=none
GAXERA: MEMMAP_REGION index=9 start=0x0000000000900000 end=0x0000000001780000 len=0x0000000000e80000 source_type=5 class=bootloader-reclaimable allocator=ineligible reservation=none
GAXERA: MEMMAP_REGION index=10 start=0x0000000001780000 end=0x0000000018cd6000 len=0x0000000017556000 source_type=0 class=usable allocator=eligible reservation=none
GAXERA: MEMMAP_REGION index=11 start=0x0000000018cd6000 end=0x0000000018ce3000 len=0x000000000000d000 source_type=5 class=bootloader-reclaimable allocator=ineligible reservation=none
GAXERA: MEMMAP_REGION index=12 start=0x0000000018ce3000 end=0x0000000018f92000 len=0x00000000002af000 source_type=6 class=executable-and-modules allocator=ineligible reservation=none
GAXERA: MEMMAP_REGION index=13 start=0x0000000018f92000 end=0x0000000019240000 len=0x00000000002ae000 source_type=6 class=executable-and-modules allocator=ineligible reservation=none
GAXERA: MEMMAP_REGION index=14 start=0x0000000019240000 end=0x000000001967a000 len=0x000000000043a000 source_type=6 class=executable-and-modules allocator=ineligible reservation=none
GAXERA: MEMMAP_REGION index=15 start=0x000000001967a000 end=0x00000000197f7000 len=0x000000000017d000 source_type=6 class=executable-and-modules allocator=ineligible reservation=none
GAXERA: MEMMAP_REGION index=16 start=0x00000000197f7000 end=0x000000001a66c000 len=0x0000000000e75000 source_type=5 class=bootloader-reclaimable allocator=ineligible reservation=none
GAXERA: MEMMAP_REGION index=17 start=0x000000001a66c000 end=0x000000001bf6c000 len=0x0000000001900000 source_type=0 class=usable allocator=eligible reservation=none
GAXERA: MEMMAP_REGION index=18 start=0x000000001bf6c000 end=0x000000001bfaa000 len=0x000000000003e000 source_type=5 class=bootloader-reclaimable allocator=ineligible reservation=none
GAXERA: MEMMAP_REGION index=19 start=0x000000001bfaa000 end=0x000000001bfab000 len=0x0000000000001000 source_type=6 class=executable-and-modules allocator=ineligible reservation=none
GAXERA: MEMMAP_REGION index=20 start=0x000000001bfab000 end=0x000000001bfaf000 len=0x0000000000004000 source_type=5 class=bootloader-reclaimable allocator=ineligible reservation=none
GAXERA: MEMMAP_REGION index=21 start=0x000000001bfaf000 end=0x000000001e6a0000 len=0x00000000026f1000 source_type=0 class=usable allocator=eligible reservation=none
GAXERA: MEMMAP_REGION index=22 start=0x000000001e6a0000 end=0x000000001ed3f000 len=0x000000000069f000 source_type=5 class=bootloader-reclaimable allocator=ineligible reservation=none
GAXERA: MEMMAP_REGION index=23 start=0x000000001ed3f000 end=0x000000001ee00000 len=0x00000000000c1000 source_type=8 class=mapped-reserved allocator=ineligible reservation=none
GAXERA: MEMMAP_REGION index=24 start=0x000000001ee00000 end=0x000000001f8ed000 len=0x0000000000aed000 source_type=5 class=bootloader-reclaimable allocator=ineligible reservation=none
GAXERA: MEMMAP_REGION index=25 start=0x000000001f8ed000 end=0x000000001faed000 len=0x0000000000200000 source_type=8 class=mapped-reserved allocator=ineligible reservation=none
GAXERA: MEMMAP_REGION index=26 start=0x000000001faed000 end=0x000000001fb6d000 len=0x0000000000080000 source_type=1 class=reserved allocator=ineligible reservation=none
GAXERA: MEMMAP_REGION index=27 start=0x000000001fb6d000 end=0x000000001fb7f000 len=0x0000000000012000 source_type=2 class=acpi-reclaimable allocator=ineligible reservation=none
GAXERA: MEMMAP_REGION index=28 start=0x000000001fb7f000 end=0x000000001fbff000 len=0x0000000000080000 source_type=3 class=acpi-nvs allocator=ineligible reservation=none
GAXERA: MEMMAP_REGION index=29 start=0x000000001fbff000 end=0x000000001fef4000 len=0x00000000002f5000 source_type=5 class=bootloader-reclaimable allocator=ineligible reservation=none
GAXERA: MEMMAP_REGION index=30 start=0x000000001fef4000 end=0x000000001ff78000 len=0x0000000000084000 source_type=8 class=mapped-reserved allocator=ineligible reservation=none
GAXERA: MEMMAP_REGION index=31 start=0x000000001ff78000 end=0x0000000020000000 len=0x0000000000088000 source_type=3 class=acpi-nvs allocator=ineligible reservation=none
GAXERA: MEMMAP_REGION index=32 start=0x0000000080000000 end=0x00000000803e8000 len=0x00000000003e8000 source_type=7 class=framebuffer allocator=ineligible reservation=none
GAXERA: MEMMAP_REGION index=33 start=0x000000fd00000000 end=0x0000010000000000 len=0x0000000300000000 source_type=1 class=reserved allocator=ineligible reservation=none
GAXERA: MEMMAP_END
GAXERA: BOOTSTRAP_FRAME_ALLOCATOR_READY ranges=8
GAXERA: PAGING_HHDM_MAPPED
GAXERA: PAGING_TEXT_MAPPED
GAXERA: PAGING_FRAMEBUFFER_MAPPED
GAXERA: PAGE_TABLES_READY root=0x0000000000000000 reservations=3
GAXERA: CR3_GAXERA_OWNED
GAXERA: PHYSICAL_FRAME_ALLOCATOR_READY frames=113905 bitmap_words=1780
GAXERA: MEMORY_FOUNDATION_OK heap=0xfffffe8000001000 size=2097152 lower_guard=0xfffffe8000000000
GAXERA: KERNEL_ENTRY_OK
GAXERA: FRAMEBUFFER_OK (1280x800, pitch: 5120)
GAXERA: TEST_PATTERN_DRAWN
GAXERA: ACPI_MADT_READY local_apic_phys=0x00000000fee00000 override=false
GAXERA: ACPI_TEMPORARY_WINDOW_RELEASED
GAXERA: LOCAL_APIC_READY phys=0x00000000fee00000 vector=0xe0
GAXERA: IOAPIC_READY phys=0x00000000fec00000 gsi_base=0
GAXERA: PREEMPTION_TIMER_READY ticks_per_ms=62948
GAXERA: USER_PRIVILEGE_DENIED_OK ip=0x0000000000400000
Guest-confirmed QEMU test passed.
=== Building Gaxera Kernel ISO ===
     Removed 316 files, 130.1MiB total
Compiling kernel binary...
   Compiling kernel v0.1.0 (/home/nyx/gaxera/kernel)
    Finished `dev` profile [unoptimized + debuginfo] target(s) in 2.56s
Compiling guest binary (init)...
    Finished `dev` profile [unoptimized + debuginfo] target(s) in 0.03s
Assembling ISO directory structure...
Compiling ramfs binary...
    Finished `dev` profile [unoptimized + debuginfo] target(s) in 0.04s
Compiling script_session binary...
    Finished `dev` profile [unoptimized + debuginfo] target(s) in 0.04s
Packaging GaxFS ramfs.img...
Packaging bootable ISO image via xorriso...
xorriso 1.5.6 : RockRidge filesystem manipulator, libburnia project.

Drive current: -outdev 'stdio:target/gaxera.iso'
Media current: stdio file, overwriteable
Media status : is blank
Media summary: 0 sessions, 0 data blocks, 0 data,  944g free
Added to ISO image: directory '/'='/home/nyx/gaxera/target/iso_root'
xorriso : UPDATE :      16 files added in 1 seconds
xorriso : UPDATE :      16 files added in 1 seconds
ISO image produced: 14524 sectors
Written to medium : 14524 sectors at LBA 0
Writing to 'stdio:target/gaxera.iso' completed successfully.

Installing bootloader record sector...
Physical block size of 512 bytes.
Installing to GPT. Logical block size of 512 bytes.
Secondary header at LBA 0xe2ef.
Secondary header valid.
Detected ISOHYBRID with a GUID partition table (GPT).
Converting to MBR for improved compatibility...
Conversion successful.
No active partition found, some systems may not boot.
Setting partition 1 as active to work around the issue...
Installing to MBR.
Stage 2 to be located at byte offset 0x200.
Reminder: Remember to copy the limine-bios.sys file in either
          the root, /boot, /limine, or /boot/limine directories of
          one of the partitions on the device, or boot will fail!
Limine BIOS stages installed successfully.
Gaxera packaging successfully compiled to target/gaxera.iso!
=== Launching QEMU Virtual Machine ===
OVMF UEFI firmware detected. Booting in UEFI mode.
Headless mode selected.
[2J[001;001H[=3h[2J[001;001H[2J[001;001H[8;056;240t[2J[001;001H[2J[001;001H[=3h[2J[001;001H[2J[001;001H[8;042;160t[2J[001;001HBdsDxe: loading Boot0002 "UEFI QEMU DVD-ROM QM00003 " from PciRoot(0x0)/Pci(0x1,0x1)/Ata(Secondary,Master,0x0)
BdsDxe: starting Boot0002 "UEFI QEMU DVD-ROM QM00003 " from PciRoot(0x0)/Pci(0x1,0x1)/Ata(Secondary,Master,0x0)
[001;001H[001;001H[001;001Hl[001;002Hi[001;003Hm[001;004Hi[001;005Hn[001;006He[001;007H:[001;008H [001;009HL[001;010Ho[001;011Ha[001;012Hd[001;013Hi[001;014Hn[001;015Hg[001;016H [001;017He[001;018Hx[001;019He[001;020Hc[001;021Hu[001;022Ht[001;023Ha[001;024Hb[001;025Hl[001;026He[001;027H [001;028H`[001;029Hb[001;030Ho[001;031Ho[001;032Ht[001;033H([001;034H)[001;035H:[001;036H/[001;037Hb[001;038Ho[001;039Ho[001;040Ht[001;041H/[001;042Hg[001;043Ha[001;044Hx[001;045He[001;046Hr[001;047Ha[001;048H.[001;049He[001;050Hl[001;051Hf[001;052H`[001;053H.[001;054H.[001;055H.[001;056H[001;001H[002;001Hl[002;002Hi[002;003Hm[002;004Hi[002;005Hn[002;006He[002;007H:[002;008H [002;009HL[002;010Ho[002;011Ha[002;012Hd[002;013Hi[002;014Hn[002;015Hg[002;016H [002;017Hm[002;018Ho[002;019Hd[002;020Hu[002;021Hl[002;022He[002;023H [002;024H`[002;025Hb[002;026Ho[002;027Ho[002;028Ht[002;029H([002;030H)[002;031H:[002;032H/[002;033Hb[002;034Ho[002;035Ho[002;036Ht[002;037H/[002;038Hi[002;039Hn[002;040Hi[002;041Ht[002;042H.[002;043He[002;044Hl[002;045Hf[002;046H`[002;047H.[002;048H.[002;049H.[002;050H[002;001H[003;001Hl[003;002Hi[003;003Hm[003;004Hi[003;005Hn[003;006He[003;007H:[003;008H [003;009HL[003;010Ho[003;011Ha[003;012Hd[003;013Hi[003;014Hn[003;015Hg[003;016H [003;017Hm[003;018Ho[003;019Hd[003;020Hu[003;021Hl[003;022He[003;023H [003;024H`[003;025Hb[003;026Ho[003;027Ho[003;028Ht[003;029H([003;030H)[003;031H:[003;032H/[003;033Hb[003;034Ho[003;035Ho[003;036Ht[003;037H/[003;038Hr[003;039Ha[003;040Hm[003;041Hf[003;042Hs[003;043H.[003;044He[003;045Hl[003;046Hf[003;047H`[003;048H.[003;049H.[003;050H.[003;051H[003;001H[004;001Hl[004;002Hi[004;003Hm[004;004Hi[004;005Hn[004;006He[004;007H:[004;008H [004;009HL[004;010Ho[004;011Ha[004;012Hd[004;013Hi[004;014Hn[004;015Hg[004;016H [004;017Hm[004;018Ho[004;019Hd[004;020Hu[004;021Hl[004;022He[004;023H [004;024H`[004;025Hb[004;026Ho[004;027Ho[004;028Ht[004;029H([004;030H)[004;031H:[004;032H/[004;033Hb[004;034Ho[004;035Ho[004;036Ht[004;037H/[004;038Hs[004;039Hc[004;040Hr[004;041Hi[004;042Hp[004;043Ht[004;044H_[004;045Hs[004;046He[004;047Hs[004;048Hs[004;049Hi[004;050Ho[004;051Hn[004;052H.[004;053He[004;054Hl[004;055Hf[004;056H`[004;057H.[004;058H.[004;059H.[004;060H[004;001H[005;001Hl[005;002Hi[005;003Hm[005;004Hi[005;005Hn[005;006He[005;007H:[005;008H [005;009HL[005;010Ho[005;011Ha[005;012Hd[005;013Hi[005;014Hn[005;015Hg[005;016H [005;017Hm[005;018Ho[005;019Hd[005;020Hu[005;021Hl[005;022He[005;023H [005;024H`[005;025Hb[005;026Ho[005;027Ho[005;028Ht[005;029H([005;030H)[005;031H:[005;032H/[005;033Hb[005;034Ho[005;035Ho[005;036Ht[005;037H/[005;038Hr[005;039Ha[005;040Hm[005;041Hf[005;042Hs[005;043H.[005;044Hi[005;045Hm[005;046Hg[005;047H`[005;048H.[005;049H.[005;050H.[005;051H[005;001H[006;001HGAXERA: BOOT_STACK_READY
GAXERA: DESCRIPTORS_AND_IDT_READY
GAXERA: BOOT_CONTEXT_READY kernel_phys=0x000000001967e000 kernel_virt=0xffffffff80000000 rsdp_phys=0x000000001fb7e014
GAXERA: MEMMAP_BEGIN count=34
GAXERA: MEMMAP_REGION index=0 start=0x0000000000000000 end=0x0000000000087000 len=0x0000000000087000 source_type=0 class=usable allocator=eligible reservation=none
GAXERA: MEMMAP_REGION index=1 start=0x0000000000087000 end=0x0000000000088000 len=0x0000000000001000 source_type=5 class=bootloader-reclaimable allocator=ineligible reservation=none
GAXERA: MEMMAP_REGION index=2 start=0x0000000000088000 end=0x00000000000a0000 len=0x0000000000018000 source_type=0 class=usable allocator=eligible reservation=none
GAXERA: MEMMAP_REGION index=3 start=0x0000000000100000 end=0x0000000000800000 len=0x0000000000700000 source_type=0 class=usable allocator=eligible reservation=none
GAXERA: MEMMAP_REGION index=4 start=0x0000000000800000 end=0x0000000000808000 len=0x0000000000008000 source_type=3 class=acpi-nvs allocator=ineligible reservation=none
GAXERA: MEMMAP_REGION index=5 start=0x0000000000808000 end=0x000000000080b000 len=0x0000000000003000 source_type=0 class=usable allocator=eligible reservation=none
GAXERA: MEMMAP_REGION index=6 start=0x000000000080b000 end=0x000000000080c000 len=0x0000000000001000 source_type=3 class=acpi-nvs allocator=ineligible reservation=none
GAXERA: MEMMAP_REGION index=7 start=0x000000000080c000 end=0x0000000000814000 len=0x0000000000008000 source_type=0 class=usable allocator=eligible reservation=none
GAXERA: MEMMAP_REGION index=8 start=0x0000000000814000 end=0x0000000000900000 len=0x00000000000ec000 source_type=3 class=acpi-nvs allocator=ineligible reservation=none
GAXERA: MEMMAP_REGION index=9 start=0x0000000000900000 end=0x0000000001780000 len=0x0000000000e80000 source_type=5 class=bootloader-reclaimable allocator=ineligible reservation=none
GAXERA: MEMMAP_REGION index=10 start=0x0000000001780000 end=0x0000000018cda000 len=0x000000001755a000 source_type=0 class=usable allocator=eligible reservation=none
GAXERA: MEMMAP_REGION index=11 start=0x0000000018cda000 end=0x0000000018ce7000 len=0x000000000000d000 source_type=5 class=bootloader-reclaimable allocator=ineligible reservation=none
GAXERA: MEMMAP_REGION index=12 start=0x0000000018ce7000 end=0x0000000018f96000 len=0x00000000002af000 source_type=6 class=executable-and-modules allocator=ineligible reservation=none
GAXERA: MEMMAP_REGION index=13 start=0x0000000018f96000 end=0x0000000019244000 len=0x00000000002ae000 source_type=6 class=executable-and-modules allocator=ineligible reservation=none
GAXERA: MEMMAP_REGION index=14 start=0x0000000019244000 end=0x000000001967e000 len=0x000000000043a000 source_type=6 class=executable-and-modules allocator=ineligible reservation=none
GAXERA: MEMMAP_REGION index=15 start=0x000000001967e000 end=0x00000000197fa000 len=0x000000000017c000 source_type=6 class=executable-and-modules allocator=ineligible reservation=none
GAXERA: MEMMAP_REGION index=16 start=0x00000000197fa000 end=0x000000001a66c000 len=0x0000000000e72000 source_type=5 class=bootloader-reclaimable allocator=ineligible reservation=none
GAXERA: MEMMAP_REGION index=17 start=0x000000001a66c000 end=0x000000001bf6c000 len=0x0000000001900000 source_type=0 class=usable allocator=eligible reservation=none
GAXERA: MEMMAP_REGION index=18 start=0x000000001bf6c000 end=0x000000001bfaa000 len=0x000000000003e000 source_type=5 class=bootloader-reclaimable allocator=ineligible reservation=none
GAXERA: MEMMAP_REGION index=19 start=0x000000001bfaa000 end=0x000000001bfab000 len=0x0000000000001000 source_type=6 class=executable-and-modules allocator=ineligible reservation=none
GAXERA: MEMMAP_REGION index=20 start=0x000000001bfab000 end=0x000000001bfaf000 len=0x0000000000004000 source_type=5 class=bootloader-reclaimable allocator=ineligible reservation=none
GAXERA: MEMMAP_REGION index=21 start=0x000000001bfaf000 end=0x000000001e6a0000 len=0x00000000026f1000 source_type=0 class=usable allocator=eligible reservation=none
GAXERA: MEMMAP_REGION index=22 start=0x000000001e6a0000 end=0x000000001ed3f000 len=0x000000000069f000 source_type=5 class=bootloader-reclaimable allocator=ineligible reservation=none
GAXERA: MEMMAP_REGION index=23 start=0x000000001ed3f000 end=0x000000001ee00000 len=0x00000000000c1000 source_type=8 class=mapped-reserved allocator=ineligible reservation=none
GAXERA: MEMMAP_REGION index=24 start=0x000000001ee00000 end=0x000000001f8ed000 len=0x0000000000aed000 source_type=5 class=bootloader-reclaimable allocator=ineligible reservation=none
GAXERA: MEMMAP_REGION index=25 start=0x000000001f8ed000 end=0x000000001faed000 len=0x0000000000200000 source_type=8 class=mapped-reserved allocator=ineligible reservation=none
GAXERA: MEMMAP_REGION index=26 start=0x000000001faed000 end=0x000000001fb6d000 len=0x0000000000080000 source_type=1 class=reserved allocator=ineligible reservation=none
GAXERA: MEMMAP_REGION index=27 start=0x000000001fb6d000 end=0x000000001fb7f000 len=0x0000000000012000 source_type=2 class=acpi-reclaimable allocator=ineligible reservation=none
GAXERA: MEMMAP_REGION index=28 start=0x000000001fb7f000 end=0x000000001fbff000 len=0x0000000000080000 source_type=3 class=acpi-nvs allocator=ineligible reservation=none
GAXERA: MEMMAP_REGION index=29 start=0x000000001fbff000 end=0x000000001fef4000 len=0x00000000002f5000 source_type=5 class=bootloader-reclaimable allocator=ineligible reservation=none
GAXERA: MEMMAP_REGION index=30 start=0x000000001fef4000 end=0x000000001ff78000 len=0x0000000000084000 source_type=8 class=mapped-reserved allocator=ineligible reservation=none
GAXERA: MEMMAP_REGION index=31 start=0x000000001ff78000 end=0x0000000020000000 len=0x0000000000088000 source_type=3 class=acpi-nvs allocator=ineligible reservation=none
GAXERA: MEMMAP_REGION index=32 start=0x0000000080000000 end=0x00000000803e8000 len=0x00000000003e8000 source_type=7 class=framebuffer allocator=ineligible reservation=none
GAXERA: MEMMAP_REGION index=33 start=0x000000fd00000000 end=0x0000010000000000 len=0x0000000300000000 source_type=1 class=reserved allocator=ineligible reservation=none
GAXERA: MEMMAP_END
GAXERA: BOOTSTRAP_FRAME_ALLOCATOR_READY ranges=8
GAXERA: PAGING_HHDM_MAPPED
GAXERA: PAGING_TEXT_MAPPED
GAXERA: PAGING_FRAMEBUFFER_MAPPED
GAXERA: PAGE_TABLES_READY root=0x0000000000000000 reservations=3
GAXERA: CR3_GAXERA_OWNED
GAXERA: PHYSICAL_FRAME_ALLOCATOR_READY frames=113909 bitmap_words=1780
GAXERA: MEMORY_FOUNDATION_OK heap=0xfffffe8000001000 size=2097152 lower_guard=0xfffffe8000000000
GAXERA: KERNEL_ENTRY_OK
GAXERA: FRAMEBUFFER_OK (1280x800, pitch: 5120)
GAXERA: TEST_PATTERN_DRAWN
GAXERA: ACPI_MADT_READY local_apic_phys=0x00000000fee00000 override=false
GAXERA: ACPI_TEMPORARY_WINDOW_RELEASED
GAXERA: LOCAL_APIC_READY phys=0x00000000fee00000 vector=0xe0
GAXERA: IOAPIC_READY phys=0x00000000fec00000 gsi_base=0
GAXERA: PREEMPTION_TIMER_READY ticks_per_ms=63679
GAXERA: USER_INVALID_FRAME_REJECTED
Guest-confirmed QEMU test passed.
=== Building Gaxera Kernel ISO ===
     Removed 316 files, 130.0MiB total
Compiling kernel binary...
   Compiling kernel v0.1.0 (/home/nyx/gaxera/kernel)
    Finished `dev` profile [unoptimized + debuginfo] target(s) in 2.53s
Compiling guest binary (init)...
    Finished `dev` profile [unoptimized + debuginfo] target(s) in 0.03s
Assembling ISO directory structure...
Compiling ramfs binary...
    Finished `dev` profile [unoptimized + debuginfo] target(s) in 0.03s
Compiling script_session binary...
    Finished `dev` profile [unoptimized + debuginfo] target(s) in 0.03s
Packaging GaxFS ramfs.img...
Packaging bootable ISO image via xorriso...
xorriso 1.5.6 : RockRidge filesystem manipulator, libburnia project.

Drive current: -outdev 'stdio:target/gaxera.iso'
Media current: stdio file, overwriteable
Media status : is blank
Media summary: 0 sessions, 0 data blocks, 0 data,  944g free
Added to ISO image: directory '/'='/home/nyx/gaxera/target/iso_root'
xorriso : UPDATE :      16 files added in 1 seconds
xorriso : UPDATE :      16 files added in 1 seconds
ISO image produced: 14529 sectors
Written to medium : 14529 sectors at LBA 0
Writing to 'stdio:target/gaxera.iso' completed successfully.

Installing bootloader record sector...
Physical block size of 512 bytes.
Installing to GPT. Logical block size of 512 bytes.
Secondary header at LBA 0xe303.
Secondary header valid.
Detected ISOHYBRID with a GUID partition table (GPT).
Converting to MBR for improved compatibility...
Conversion successful.
No active partition found, some systems may not boot.
Setting partition 1 as active to work around the issue...
Installing to MBR.
Stage 2 to be located at byte offset 0x200.
Reminder: Remember to copy the limine-bios.sys file in either
          the root, /boot, /limine, or /boot/limine directories of
          one of the partitions on the device, or boot will fail!
Limine BIOS stages installed successfully.
Gaxera packaging successfully compiled to target/gaxera.iso!
=== Launching QEMU Virtual Machine ===
OVMF UEFI firmware detected. Booting in UEFI mode.
Headless mode selected.
[2J[001;001H[=3h[2J[001;001H[2J[001;001H[8;056;240t[2J[001;001H[2J[001;001H[=3h[2J[001;001H[2J[001;001H[8;042;160t[2J[001;001HBdsDxe: loading Boot0002 "UEFI QEMU DVD-ROM QM00003 " from PciRoot(0x0)/Pci(0x1,0x1)/Ata(Secondary,Master,0x0)
BdsDxe: starting Boot0002 "UEFI QEMU DVD-ROM QM00003 " from PciRoot(0x0)/Pci(0x1,0x1)/Ata(Secondary,Master,0x0)
[001;001H[001;001H[001;001Hl[001;002Hi[001;003Hm[001;004Hi[001;005Hn[001;006He[001;007H:[001;008H [001;009HL[001;010Ho[001;011Ha[001;012Hd[001;013Hi[001;014Hn[001;015Hg[001;016H [001;017He[001;018Hx[001;019He[001;020Hc[001;021Hu[001;022Ht[001;023Ha[001;024Hb[001;025Hl[001;026He[001;027H [001;028H`[001;029Hb[001;030Ho[001;031Ho[001;032Ht[001;033H([001;034H)[001;035H:[001;036H/[001;037Hb[001;038Ho[001;039Ho[001;040Ht[001;041H/[001;042Hg[001;043Ha[001;044Hx[001;045He[001;046Hr[001;047Ha[001;048H.[001;049He[001;050Hl[001;051Hf[001;052H`[001;053H.[001;054H.[001;055H.[001;056H[001;001H[002;001Hl[002;002Hi[002;003Hm[002;004Hi[002;005Hn[002;006He[002;007H:[002;008H [002;009HL[002;010Ho[002;011Ha[002;012Hd[002;013Hi[002;014Hn[002;015Hg[002;016H [002;017Hm[002;018Ho[002;019Hd[002;020Hu[002;021Hl[002;022He[002;023H [002;024H`[002;025Hb[002;026Ho[002;027Ho[002;028Ht[002;029H([002;030H)[002;031H:[002;032H/[002;033Hb[002;034Ho[002;035Ho[002;036Ht[002;037H/[002;038Hi[002;039Hn[002;040Hi[002;041Ht[002;042H.[002;043He[002;044Hl[002;045Hf[002;046H`[002;047H.[002;048H.[002;049H.[002;050H[002;001H[003;001Hl[003;002Hi[003;003Hm[003;004Hi[003;005Hn[003;006He[003;007H:[003;008H [003;009HL[003;010Ho[003;011Ha[003;012Hd[003;013Hi[003;014Hn[003;015Hg[003;016H [003;017Hm[003;018Ho[003;019Hd[003;020Hu[003;021Hl[003;022He[003;023H [003;024H`[003;025Hb[003;026Ho[003;027Ho[003;028Ht[003;029H([003;030H)[003;031H:[003;032H/[003;033Hb[003;034Ho[003;035Ho[003;036Ht[003;037H/[003;038Hr[003;039Ha[003;040Hm[003;041Hf[003;042Hs[003;043H.[003;044He[003;045Hl[003;046Hf[003;047H`[003;048H.[003;049H.[003;050H.[003;051H[003;001H[004;001Hl[004;002Hi[004;003Hm[004;004Hi[004;005Hn[004;006He[004;007H:[004;008H [004;009HL[004;010Ho[004;011Ha[004;012Hd[004;013Hi[004;014Hn[004;015Hg[004;016H [004;017Hm[004;018Ho[004;019Hd[004;020Hu[004;021Hl[004;022He[004;023H [004;024H`[004;025Hb[004;026Ho[004;027Ho[004;028Ht[004;029H([004;030H)[004;031H:[004;032H/[004;033Hb[004;034Ho[004;035Ho[004;036Ht[004;037H/[004;038Hs[004;039Hc[004;040Hr[004;041Hi[004;042Hp[004;043Ht[004;044H_[004;045Hs[004;046He[004;047Hs[004;048Hs[004;049Hi[004;050Ho[004;051Hn[004;052H.[004;053He[004;054Hl[004;055Hf[004;056H`[004;057H.[004;058H.[004;059H.[004;060H[004;001H[005;001Hl[005;002Hi[005;003Hm[005;004Hi[005;005Hn[005;006He[005;007H:[005;008H [005;009HL[005;010Ho[005;011Ha[005;012Hd[005;013Hi[005;014Hn[005;015Hg[005;016H [005;017Hm[005;018Ho[005;019Hd[005;020Hu[005;021Hl[005;022He[005;023H [005;024H`[005;025Hb[005;026Ho[005;027Ho[005;028Ht[005;029H([005;030H)[005;031H:[005;032H/[005;033Hb[005;034Ho[005;035Ho[005;036Ht[005;037H/[005;038Hr[005;039Ha[005;040Hm[005;041Hf[005;042Hs[005;043H.[005;044Hi[005;045Hm[005;046Hg[005;047H`[005;048H.[005;049H.[005;050H.[005;051H[005;001H[006;001HGAXERA: BOOT_STACK_READY
GAXERA: DESCRIPTORS_AND_IDT_READY
GAXERA: BOOT_CONTEXT_READY kernel_phys=0x000000001967a000 kernel_virt=0xffffffff80000000 rsdp_phys=0x000000001fb7e014
GAXERA: MEMMAP_BEGIN count=34
GAXERA: MEMMAP_REGION index=0 start=0x0000000000000000 end=0x0000000000087000 len=0x0000000000087000 source_type=0 class=usable allocator=eligible reservation=none
GAXERA: MEMMAP_REGION index=1 start=0x0000000000087000 end=0x0000000000088000 len=0x0000000000001000 source_type=5 class=bootloader-reclaimable allocator=ineligible reservation=none
GAXERA: MEMMAP_REGION index=2 start=0x0000000000088000 end=0x00000000000a0000 len=0x0000000000018000 source_type=0 class=usable allocator=eligible reservation=none
GAXERA: MEMMAP_REGION index=3 start=0x0000000000100000 end=0x0000000000800000 len=0x0000000000700000 source_type=0 class=usable allocator=eligible reservation=none
GAXERA: MEMMAP_REGION index=4 start=0x0000000000800000 end=0x0000000000808000 len=0x0000000000008000 source_type=3 class=acpi-nvs allocator=ineligible reservation=none
GAXERA: MEMMAP_REGION index=5 start=0x0000000000808000 end=0x000000000080b000 len=0x0000000000003000 source_type=0 class=usable allocator=eligible reservation=none
GAXERA: MEMMAP_REGION index=6 start=0x000000000080b000 end=0x000000000080c000 len=0x0000000000001000 source_type=3 class=acpi-nvs allocator=ineligible reservation=none
GAXERA: MEMMAP_REGION index=7 start=0x000000000080c000 end=0x0000000000814000 len=0x0000000000008000 source_type=0 class=usable allocator=eligible reservation=none
GAXERA: MEMMAP_REGION index=8 start=0x0000000000814000 end=0x0000000000900000 len=0x00000000000ec000 source_type=3 class=acpi-nvs allocator=ineligible reservation=none
GAXERA: MEMMAP_REGION index=9 start=0x0000000000900000 end=0x0000000001780000 len=0x0000000000e80000 source_type=5 class=bootloader-reclaimable allocator=ineligible reservation=none
GAXERA: MEMMAP_REGION index=10 start=0x0000000001780000 end=0x0000000018cd6000 len=0x0000000017556000 source_type=0 class=usable allocator=eligible reservation=none
GAXERA: MEMMAP_REGION index=11 start=0x0000000018cd6000 end=0x0000000018ce3000 len=0x000000000000d000 source_type=5 class=bootloader-reclaimable allocator=ineligible reservation=none
GAXERA: MEMMAP_REGION index=12 start=0x0000000018ce3000 end=0x0000000018f92000 len=0x00000000002af000 source_type=6 class=executable-and-modules allocator=ineligible reservation=none
GAXERA: MEMMAP_REGION index=13 start=0x0000000018f92000 end=0x0000000019240000 len=0x00000000002ae000 source_type=6 class=executable-and-modules allocator=ineligible reservation=none
GAXERA: MEMMAP_REGION index=14 start=0x0000000019240000 end=0x000000001967a000 len=0x000000000043a000 source_type=6 class=executable-and-modules allocator=ineligible reservation=none
GAXERA: MEMMAP_REGION index=15 start=0x000000001967a000 end=0x00000000197f7000 len=0x000000000017d000 source_type=6 class=executable-and-modules allocator=ineligible reservation=none
GAXERA: MEMMAP_REGION index=16 start=0x00000000197f7000 end=0x000000001a66c000 len=0x0000000000e75000 source_type=5 class=bootloader-reclaimable allocator=ineligible reservation=none
GAXERA: MEMMAP_REGION index=17 start=0x000000001a66c000 end=0x000000001bf6c000 len=0x0000000001900000 source_type=0 class=usable allocator=eligible reservation=none
GAXERA: MEMMAP_REGION index=18 start=0x000000001bf6c000 end=0x000000001bfaa000 len=0x000000000003e000 source_type=5 class=bootloader-reclaimable allocator=ineligible reservation=none
GAXERA: MEMMAP_REGION index=19 start=0x000000001bfaa000 end=0x000000001bfab000 len=0x0000000000001000 source_type=6 class=executable-and-modules allocator=ineligible reservation=none
GAXERA: MEMMAP_REGION index=20 start=0x000000001bfab000 end=0x000000001bfaf000 len=0x0000000000004000 source_type=5 class=bootloader-reclaimable allocator=ineligible reservation=none
GAXERA: MEMMAP_REGION index=21 start=0x000000001bfaf000 end=0x000000001e6a0000 len=0x00000000026f1000 source_type=0 class=usable allocator=eligible reservation=none
GAXERA: MEMMAP_REGION index=22 start=0x000000001e6a0000 end=0x000000001ed3f000 len=0x000000000069f000 source_type=5 class=bootloader-reclaimable allocator=ineligible reservation=none
GAXERA: MEMMAP_REGION index=23 start=0x000000001ed3f000 end=0x000000001ee00000 len=0x00000000000c1000 source_type=8 class=mapped-reserved allocator=ineligible reservation=none
GAXERA: MEMMAP_REGION index=24 start=0x000000001ee00000 end=0x000000001f8ed000 len=0x0000000000aed000 source_type=5 class=bootloader-reclaimable allocator=ineligible reservation=none
GAXERA: MEMMAP_REGION index=25 start=0x000000001f8ed000 end=0x000000001faed000 len=0x0000000000200000 source_type=8 class=mapped-reserved allocator=ineligible reservation=none
GAXERA: MEMMAP_REGION index=26 start=0x000000001faed000 end=0x000000001fb6d000 len=0x0000000000080000 source_type=1 class=reserved allocator=ineligible reservation=none
GAXERA: MEMMAP_REGION index=27 start=0x000000001fb6d000 end=0x000000001fb7f000 len=0x0000000000012000 source_type=2 class=acpi-reclaimable allocator=ineligible reservation=none
GAXERA: MEMMAP_REGION index=28 start=0x000000001fb7f000 end=0x000000001fbff000 len=0x0000000000080000 source_type=3 class=acpi-nvs allocator=ineligible reservation=none
GAXERA: MEMMAP_REGION index=29 start=0x000000001fbff000 end=0x000000001fef4000 len=0x00000000002f5000 source_type=5 class=bootloader-reclaimable allocator=ineligible reservation=none
GAXERA: MEMMAP_REGION index=30 start=0x000000001fef4000 end=0x000000001ff78000 len=0x0000000000084000 source_type=8 class=mapped-reserved allocator=ineligible reservation=none
GAXERA: MEMMAP_REGION index=31 start=0x000000001ff78000 end=0x0000000020000000 len=0x0000000000088000 source_type=3 class=acpi-nvs allocator=ineligible reservation=none
GAXERA: MEMMAP_REGION index=32 start=0x0000000080000000 end=0x00000000803e8000 len=0x00000000003e8000 source_type=7 class=framebuffer allocator=ineligible reservation=none
GAXERA: MEMMAP_REGION index=33 start=0x000000fd00000000 end=0x0000010000000000 len=0x0000000300000000 source_type=1 class=reserved allocator=ineligible reservation=none
GAXERA: MEMMAP_END
GAXERA: BOOTSTRAP_FRAME_ALLOCATOR_READY ranges=8
GAXERA: PAGING_HHDM_MAPPED
GAXERA: PAGING_TEXT_MAPPED
GAXERA: PAGING_FRAMEBUFFER_MAPPED
GAXERA: PAGE_TABLES_READY root=0x0000000000000000 reservations=3
GAXERA: CR3_GAXERA_OWNED
GAXERA: PHYSICAL_FRAME_ALLOCATOR_READY frames=113905 bitmap_words=1780
GAXERA: MEMORY_FOUNDATION_OK heap=0xfffffe8000001000 size=2097152 lower_guard=0xfffffe8000000000
GAXERA: KERNEL_ENTRY_OK
GAXERA: FRAMEBUFFER_OK (1280x800, pitch: 5120)
GAXERA: TEST_PATTERN_DRAWN
GAXERA: ACPI_MADT_READY local_apic_phys=0x00000000fee00000 override=false
GAXERA: ACPI_TEMPORARY_WINDOW_RELEASED
GAXERA: LOCAL_APIC_READY phys=0x00000000fee00000 vector=0xe0
GAXERA: IOAPIC_READY phys=0x00000000fec00000 gsi_base=0
GAXERA: PREEMPTION_TIMER_READY ticks_per_ms=62876
GAXERA: SYSCALL_ROUND_TRIP_OK
Guest-confirmed QEMU test passed.
=== Building Gaxera Kernel ISO ===
     Removed 316 files, 130.1MiB total
Compiling kernel binary...
   Compiling kernel v0.1.0 (/home/nyx/gaxera/kernel)
    Finished `dev` profile [unoptimized + debuginfo] target(s) in 2.54s
Compiling guest binary (init)...
    Finished `dev` profile [unoptimized + debuginfo] target(s) in 0.03s
Assembling ISO directory structure...
Compiling ramfs binary...
    Finished `dev` profile [unoptimized + debuginfo] target(s) in 0.03s
Compiling script_session binary...
    Finished `dev` profile [unoptimized + debuginfo] target(s) in 0.03s
Packaging GaxFS ramfs.img...
Packaging bootable ISO image via xorriso...
xorriso 1.5.6 : RockRidge filesystem manipulator, libburnia project.

Drive current: -outdev 'stdio:target/gaxera.iso'
Media current: stdio file, overwriteable
Media status : is blank
Media summary: 0 sessions, 0 data blocks, 0 data,  944g free
Added to ISO image: directory '/'='/home/nyx/gaxera/target/iso_root'
xorriso : UPDATE :      16 files added in 1 seconds
xorriso : UPDATE :      16 files added in 1 seconds
ISO image produced: 14523 sectors
Written to medium : 14523 sectors at LBA 0
Writing to 'stdio:target/gaxera.iso' completed successfully.

Installing bootloader record sector...
Physical block size of 512 bytes.
Installing to GPT. Logical block size of 512 bytes.
Secondary header at LBA 0xe2eb.
Secondary header valid.
Detected ISOHYBRID with a GUID partition table (GPT).
Converting to MBR for improved compatibility...
Conversion successful.
No active partition found, some systems may not boot.
Setting partition 1 as active to work around the issue...
Installing to MBR.
Stage 2 to be located at byte offset 0x200.
Reminder: Remember to copy the limine-bios.sys file in either
          the root, /boot, /limine, or /boot/limine directories of
          one of the partitions on the device, or boot will fail!
Limine BIOS stages installed successfully.
Gaxera packaging successfully compiled to target/gaxera.iso!
=== Launching QEMU Virtual Machine ===
OVMF UEFI firmware detected. Booting in UEFI mode.
Headless mode selected.
[2J[001;001H[=3h[2J[001;001H[2J[001;001H[8;056;240t[2J[001;001H[2J[001;001H[=3h[2J[001;001H[2J[001;001H[8;042;160t[2J[001;001HBdsDxe: loading Boot0002 "UEFI QEMU DVD-ROM QM00003 " from PciRoot(0x0)/Pci(0x1,0x1)/Ata(Secondary,Master,0x0)
BdsDxe: starting Boot0002 "UEFI QEMU DVD-ROM QM00003 " from PciRoot(0x0)/Pci(0x1,0x1)/Ata(Secondary,Master,0x0)
[001;001H[001;001H[001;001Hl[001;002Hi[001;003Hm[001;004Hi[001;005Hn[001;006He[001;007H:[001;008H [001;009HL[001;010Ho[001;011Ha[001;012Hd[001;013Hi[001;014Hn[001;015Hg[001;016H [001;017He[001;018Hx[001;019He[001;020Hc[001;021Hu[001;022Ht[001;023Ha[001;024Hb[001;025Hl[001;026He[001;027H [001;028H`[001;029Hb[001;030Ho[001;031Ho[001;032Ht[001;033H([001;034H)[001;035H:[001;036H/[001;037Hb[001;038Ho[001;039Ho[001;040Ht[001;041H/[001;042Hg[001;043Ha[001;044Hx[001;045He[001;046Hr[001;047Ha[001;048H.[001;049He[001;050Hl[001;051Hf[001;052H`[001;053H.[001;054H.[001;055H.[001;056H[001;001H[002;001Hl[002;002Hi[002;003Hm[002;004Hi[002;005Hn[002;006He[002;007H:[002;008H [002;009HL[002;010Ho[002;011Ha[002;012Hd[002;013Hi[002;014Hn[002;015Hg[002;016H [002;017Hm[002;018Ho[002;019Hd[002;020Hu[002;021Hl[002;022He[002;023H [002;024H`[002;025Hb[002;026Ho[002;027Ho[002;028Ht[002;029H([002;030H)[002;031H:[002;032H/[002;033Hb[002;034Ho[002;035Ho[002;036Ht[002;037H/[002;038Hi[002;039Hn[002;040Hi[002;041Ht[002;042H.[002;043He[002;044Hl[002;045Hf[002;046H`[002;047H.[002;048H.[002;049H.[002;050H[002;001H[003;001Hl[003;002Hi[003;003Hm[003;004Hi[003;005Hn[003;006He[003;007H:[003;008H [003;009HL[003;010Ho[003;011Ha[003;012Hd[003;013Hi[003;014Hn[003;015Hg[003;016H [003;017Hm[003;018Ho[003;019Hd[003;020Hu[003;021Hl[003;022He[003;023H [003;024H`[003;025Hb[003;026Ho[003;027Ho[003;028Ht[003;029H([003;030H)[003;031H:[003;032H/[003;033Hb[003;034Ho[003;035Ho[003;036Ht[003;037H/[003;038Hr[003;039Ha[003;040Hm[003;041Hf[003;042Hs[003;043H.[003;044He[003;045Hl[003;046Hf[003;047H`[003;048H.[003;049H.[003;050H.[003;051H[003;001H[004;001Hl[004;002Hi[004;003Hm[004;004Hi[004;005Hn[004;006He[004;007H:[004;008H [004;009HL[004;010Ho[004;011Ha[004;012Hd[004;013Hi[004;014Hn[004;015Hg[004;016H [004;017Hm[004;018Ho[004;019Hd[004;020Hu[004;021Hl[004;022He[004;023H [004;024H`[004;025Hb[004;026Ho[004;027Ho[004;028Ht[004;029H([004;030H)[004;031H:[004;032H/[004;033Hb[004;034Ho[004;035Ho[004;036Ht[004;037H/[004;038Hs[004;039Hc[004;040Hr[004;041Hi[004;042Hp[004;043Ht[004;044H_[004;045Hs[004;046He[004;047Hs[004;048Hs[004;049Hi[004;050Ho[004;051Hn[004;052H.[004;053He[004;054Hl[004;055Hf[004;056H`[004;057H.[004;058H.[004;059H.[004;060H[004;001H[005;001Hl[005;002Hi[005;003Hm[005;004Hi[005;005Hn[005;006He[005;007H:[005;008H [005;009HL[005;010Ho[005;011Ha[005;012Hd[005;013Hi[005;014Hn[005;015Hg[005;016H [005;017Hm[005;018Ho[005;019Hd[005;020Hu[005;021Hl[005;022He[005;023H [005;024H`[005;025Hb[005;026Ho[005;027Ho[005;028Ht[005;029H([005;030H)[005;031H:[005;032H/[005;033Hb[005;034Ho[005;035Ho[005;036Ht[005;037H/[005;038Hr[005;039Ha[005;040Hm[005;041Hf[005;042Hs[005;043H.[005;044Hi[005;045Hm[005;046Hg[005;047H`[005;048H.[005;049H.[005;050H.[005;051H[005;001H[006;001HGAXERA: BOOT_STACK_READY
GAXERA: DESCRIPTORS_AND_IDT_READY
GAXERA: BOOT_CONTEXT_READY kernel_phys=0x000000001967f000 kernel_virt=0xffffffff80000000 rsdp_phys=0x000000001fb7e014
GAXERA: MEMMAP_BEGIN count=34
GAXERA: MEMMAP_REGION index=0 start=0x0000000000000000 end=0x0000000000087000 len=0x0000000000087000 source_type=0 class=usable allocator=eligible reservation=none
GAXERA: MEMMAP_REGION index=1 start=0x0000000000087000 end=0x0000000000088000 len=0x0000000000001000 source_type=5 class=bootloader-reclaimable allocator=ineligible reservation=none
GAXERA: MEMMAP_REGION index=2 start=0x0000000000088000 end=0x00000000000a0000 len=0x0000000000018000 source_type=0 class=usable allocator=eligible reservation=none
GAXERA: MEMMAP_REGION index=3 start=0x0000000000100000 end=0x0000000000800000 len=0x0000000000700000 source_type=0 class=usable allocator=eligible reservation=none
GAXERA: MEMMAP_REGION index=4 start=0x0000000000800000 end=0x0000000000808000 len=0x0000000000008000 source_type=3 class=acpi-nvs allocator=ineligible reservation=none
GAXERA: MEMMAP_REGION index=5 start=0x0000000000808000 end=0x000000000080b000 len=0x0000000000003000 source_type=0 class=usable allocator=eligible reservation=none
GAXERA: MEMMAP_REGION index=6 start=0x000000000080b000 end=0x000000000080c000 len=0x0000000000001000 source_type=3 class=acpi-nvs allocator=ineligible reservation=none
GAXERA: MEMMAP_REGION index=7 start=0x000000000080c000 end=0x0000000000814000 len=0x0000000000008000 source_type=0 class=usable allocator=eligible reservation=none
GAXERA: MEMMAP_REGION index=8 start=0x0000000000814000 end=0x0000000000900000 len=0x00000000000ec000 source_type=3 class=acpi-nvs allocator=ineligible reservation=none
GAXERA: MEMMAP_REGION index=9 start=0x0000000000900000 end=0x0000000001780000 len=0x0000000000e80000 source_type=5 class=bootloader-reclaimable allocator=ineligible reservation=none
GAXERA: MEMMAP_REGION index=10 start=0x0000000001780000 end=0x0000000018cdb000 len=0x000000001755b000 source_type=0 class=usable allocator=eligible reservation=none
GAXERA: MEMMAP_REGION index=11 start=0x0000000018cdb000 end=0x0000000018ce8000 len=0x000000000000d000 source_type=5 class=bootloader-reclaimable allocator=ineligible reservation=none
GAXERA: MEMMAP_REGION index=12 start=0x0000000018ce8000 end=0x0000000018f97000 len=0x00000000002af000 source_type=6 class=executable-and-modules allocator=ineligible reservation=none
GAXERA: MEMMAP_REGION index=13 start=0x0000000018f97000 end=0x0000000019245000 len=0x00000000002ae000 source_type=6 class=executable-and-modules allocator=ineligible reservation=none
GAXERA: MEMMAP_REGION index=14 start=0x0000000019245000 end=0x000000001967f000 len=0x000000000043a000 source_type=6 class=executable-and-modules allocator=ineligible reservation=none
GAXERA: MEMMAP_REGION index=15 start=0x000000001967f000 end=0x00000000197fa000 len=0x000000000017b000 source_type=6 class=executable-and-modules allocator=ineligible reservation=none
GAXERA: MEMMAP_REGION index=16 start=0x00000000197fa000 end=0x000000001a66c000 len=0x0000000000e72000 source_type=5 class=bootloader-reclaimable allocator=ineligible reservation=none
GAXERA: MEMMAP_REGION index=17 start=0x000000001a66c000 end=0x000000001bf6c000 len=0x0000000001900000 source_type=0 class=usable allocator=eligible reservation=none
GAXERA: MEMMAP_REGION index=18 start=0x000000001bf6c000 end=0x000000001bfaa000 len=0x000000000003e000 source_type=5 class=bootloader-reclaimable allocator=ineligible reservation=none
GAXERA: MEMMAP_REGION index=19 start=0x000000001bfaa000 end=0x000000001bfab000 len=0x0000000000001000 source_type=6 class=executable-and-modules allocator=ineligible reservation=none
GAXERA: MEMMAP_REGION index=20 start=0x000000001bfab000 end=0x000000001bfaf000 len=0x0000000000004000 source_type=5 class=bootloader-reclaimable allocator=ineligible reservation=none
GAXERA: MEMMAP_REGION index=21 start=0x000000001bfaf000 end=0x000000001e6a0000 len=0x00000000026f1000 source_type=0 class=usable allocator=eligible reservation=none
GAXERA: MEMMAP_REGION index=22 start=0x000000001e6a0000 end=0x000000001ed3f000 len=0x000000000069f000 source_type=5 class=bootloader-reclaimable allocator=ineligible reservation=none
GAXERA: MEMMAP_REGION index=23 start=0x000000001ed3f000 end=0x000000001ee00000 len=0x00000000000c1000 source_type=8 class=mapped-reserved allocator=ineligible reservation=none
GAXERA: MEMMAP_REGION index=24 start=0x000000001ee00000 end=0x000000001f8ed000 len=0x0000000000aed000 source_type=5 class=bootloader-reclaimable allocator=ineligible reservation=none
GAXERA: MEMMAP_REGION index=25 start=0x000000001f8ed000 end=0x000000001faed000 len=0x0000000000200000 source_type=8 class=mapped-reserved allocator=ineligible reservation=none
GAXERA: MEMMAP_REGION index=26 start=0x000000001faed000 end=0x000000001fb6d000 len=0x0000000000080000 source_type=1 class=reserved allocator=ineligible reservation=none
GAXERA: MEMMAP_REGION index=27 start=0x000000001fb6d000 end=0x000000001fb7f000 len=0x0000000000012000 source_type=2 class=acpi-reclaimable allocator=ineligible reservation=none
GAXERA: MEMMAP_REGION index=28 start=0x000000001fb7f000 end=0x000000001fbff000 len=0x0000000000080000 source_type=3 class=acpi-nvs allocator=ineligible reservation=none
GAXERA: MEMMAP_REGION index=29 start=0x000000001fbff000 end=0x000000001fef4000 len=0x00000000002f5000 source_type=5 class=bootloader-reclaimable allocator=ineligible reservation=none
GAXERA: MEMMAP_REGION index=30 start=0x000000001fef4000 end=0x000000001ff78000 len=0x0000000000084000 source_type=8 class=mapped-reserved allocator=ineligible reservation=none
GAXERA: MEMMAP_REGION index=31 start=0x000000001ff78000 end=0x0000000020000000 len=0x0000000000088000 source_type=3 class=acpi-nvs allocator=ineligible reservation=none
GAXERA: MEMMAP_REGION index=32 start=0x0000000080000000 end=0x00000000803e8000 len=0x00000000003e8000 source_type=7 class=framebuffer allocator=ineligible reservation=none
GAXERA: MEMMAP_REGION index=33 start=0x000000fd00000000 end=0x0000010000000000 len=0x0000000300000000 source_type=1 class=reserved allocator=ineligible reservation=none
GAXERA: MEMMAP_END
GAXERA: BOOTSTRAP_FRAME_ALLOCATOR_READY ranges=8
GAXERA: PAGING_HHDM_MAPPED
GAXERA: PAGING_TEXT_MAPPED
GAXERA: PAGING_FRAMEBUFFER_MAPPED
GAXERA: PAGE_TABLES_READY root=0x0000000000000000 reservations=3
GAXERA: CR3_GAXERA_OWNED
GAXERA: PHYSICAL_FRAME_ALLOCATOR_READY frames=113910 bitmap_words=1780
GAXERA: MEMORY_FOUNDATION_OK heap=0xfffffe8000001000 size=2097152 lower_guard=0xfffffe8000000000
GAXERA: KERNEL_ENTRY_OK
GAXERA: FRAMEBUFFER_OK (1280x800, pitch: 5120)
GAXERA: TEST_PATTERN_DRAWN
GAXERA: ACPI_MADT_READY local_apic_phys=0x00000000fee00000 override=false
GAXERA: ACPI_TEMPORARY_WINDOW_RELEASED
GAXERA: LOCAL_APIC_READY phys=0x00000000fee00000 vector=0xe0
GAXERA: IOAPIC_READY phys=0x00000000fec00000 gsi_base=0
GAXERA: PREEMPTION_TIMER_READY ticks_per_ms=63044
GAXERA: USER_COPY_FAULT_RECOVERED_OK
Guest-confirmed QEMU test passed.

--- Cooperative Yield Test ---
=== Building Gaxera Kernel ISO ===
     Removed 316 files, 130.0MiB total
Compiling kernel binary...
   Compiling kernel v0.1.0 (/home/nyx/gaxera/kernel)
    Finished `dev` profile [unoptimized + debuginfo] target(s) in 2.53s
Compiling guest binary (init)...
    Finished `dev` profile [unoptimized + debuginfo] target(s) in 0.03s
Assembling ISO directory structure...
Compiling ramfs binary...
    Finished `dev` profile [unoptimized + debuginfo] target(s) in 0.03s
Compiling script_session binary...
    Finished `dev` profile [unoptimized + debuginfo] target(s) in 0.03s
Packaging GaxFS ramfs.img...
Packaging bootable ISO image via xorriso...
xorriso 1.5.6 : RockRidge filesystem manipulator, libburnia project.

Drive current: -outdev 'stdio:target/gaxera.iso'
Media current: stdio file, overwriteable
Media status : is blank
Media summary: 0 sessions, 0 data blocks, 0 data,  944g free
Added to ISO image: directory '/'='/home/nyx/gaxera/target/iso_root'
xorriso : UPDATE :      16 files added in 1 seconds
xorriso : UPDATE :      16 files added in 1 seconds
ISO image produced: 14535 sectors
Written to medium : 14535 sectors at LBA 0
Writing to 'stdio:target/gaxera.iso' completed successfully.

Installing bootloader record sector...
Physical block size of 512 bytes.
Installing to GPT. Logical block size of 512 bytes.
Secondary header at LBA 0xe31b.
Secondary header valid.
Detected ISOHYBRID with a GUID partition table (GPT).
Converting to MBR for improved compatibility...
Conversion successful.
No active partition found, some systems may not boot.
Setting partition 1 as active to work around the issue...
Installing to MBR.
Stage 2 to be located at byte offset 0x200.
Reminder: Remember to copy the limine-bios.sys file in either
          the root, /boot, /limine, or /boot/limine directories of
          one of the partitions on the device, or boot will fail!
Limine BIOS stages installed successfully.
Gaxera packaging successfully compiled to target/gaxera.iso!
=== Launching QEMU Virtual Machine ===
OVMF UEFI firmware detected. Booting in UEFI mode.
Headless mode selected.
[2J[001;001H[=3h[2J[001;001H[2J[001;001H[8;056;240t[2J[001;001H[2J[001;001H[=3h[2J[001;001H[2J[001;001H[8;042;160t[2J[001;001HBdsDxe: loading Boot0002 "UEFI QEMU DVD-ROM QM00003 " from PciRoot(0x0)/Pci(0x1,0x1)/Ata(Secondary,Master,0x0)
BdsDxe: starting Boot0002 "UEFI QEMU DVD-ROM QM00003 " from PciRoot(0x0)/Pci(0x1,0x1)/Ata(Secondary,Master,0x0)
[001;001H[001;001H[001;001Hl[001;002Hi[001;003Hm[001;004Hi[001;005Hn[001;006He[001;007H:[001;008H [001;009HL[001;010Ho[001;011Ha[001;012Hd[001;013Hi[001;014Hn[001;015Hg[001;016H [001;017He[001;018Hx[001;019He[001;020Hc[001;021Hu[001;022Ht[001;023Ha[001;024Hb[001;025Hl[001;026He[001;027H [001;028H`[001;029Hb[001;030Ho[001;031Ho[001;032Ht[001;033H([001;034H)[001;035H:[001;036H/[001;037Hb[001;038Ho[001;039Ho[001;040Ht[001;041H/[001;042Hg[001;043Ha[001;044Hx[001;045He[001;046Hr[001;047Ha[001;048H.[001;049He[001;050Hl[001;051Hf[001;052H`[001;053H.[001;054H.[001;055H.[001;056H[001;001H[002;001Hl[002;002Hi[002;003Hm[002;004Hi[002;005Hn[002;006He[002;007H:[002;008H [002;009HL[002;010Ho[002;011Ha[002;012Hd[002;013Hi[002;014Hn[002;015Hg[002;016H [002;017Hm[002;018Ho[002;019Hd[002;020Hu[002;021Hl[002;022He[002;023H [002;024H`[002;025Hb[002;026Ho[002;027Ho[002;028Ht[002;029H([002;030H)[002;031H:[002;032H/[002;033Hb[002;034Ho[002;035Ho[002;036Ht[002;037H/[002;038Hi[002;039Hn[002;040Hi[002;041Ht[002;042H.[002;043He[002;044Hl[002;045Hf[002;046H`[002;047H.[002;048H.[002;049H.[002;050H[002;001H[003;001Hl[003;002Hi[003;003Hm[003;004Hi[003;005Hn[003;006He[003;007H:[003;008H [003;009HL[003;010Ho[003;011Ha[003;012Hd[003;013Hi[003;014Hn[003;015Hg[003;016H [003;017Hm[003;018Ho[003;019Hd[003;020Hu[003;021Hl[003;022He[003;023H [003;024H`[003;025Hb[003;026Ho[003;027Ho[003;028Ht[003;029H([003;030H)[003;031H:[003;032H/[003;033Hb[003;034Ho[003;035Ho[003;036Ht[003;037H/[003;038Hr[003;039Ha[003;040Hm[003;041Hf[003;042Hs[003;043H.[003;044He[003;045Hl[003;046Hf[003;047H`[003;048H.[003;049H.[003;050H.[003;051H[003;001H[004;001Hl[004;002Hi[004;003Hm[004;004Hi[004;005Hn[004;006He[004;007H:[004;008H [004;009HL[004;010Ho[004;011Ha[004;012Hd[004;013Hi[004;014Hn[004;015Hg[004;016H [004;017Hm[004;018Ho[004;019Hd[004;020Hu[004;021Hl[004;022He[004;023H [004;024H`[004;025Hb[004;026Ho[004;027Ho[004;028Ht[004;029H([004;030H)[004;031H:[004;032H/[004;033Hb[004;034Ho[004;035Ho[004;036Ht[004;037H/[004;038Hs[004;039Hc[004;040Hr[004;041Hi[004;042Hp[004;043Ht[004;044H_[004;045Hs[004;046He[004;047Hs[004;048Hs[004;049Hi[004;050Ho[004;051Hn[004;052H.[004;053He[004;054Hl[004;055Hf[004;056H`[004;057H.[004;058H.[004;059H.[004;060H[004;001H[005;001Hl[005;002Hi[005;003Hm[005;004Hi[005;005Hn[005;006He[005;007H:[005;008H [005;009HL[005;010Ho[005;011Ha[005;012Hd[005;013Hi[005;014Hn[005;015Hg[005;016H [005;017Hm[005;018Ho[005;019Hd[005;020Hu[005;021Hl[005;022He[005;023H [005;024H`[005;025Hb[005;026Ho[005;027Ho[005;028Ht[005;029H([005;030H)[005;031H:[005;032H/[005;033Hb[005;034Ho[005;035Ho[005;036Ht[005;037H/[005;038Hr[005;039Ha[005;040Hm[005;041Hf[005;042Hs[005;043H.[005;044Hi[005;045Hm[005;046Hg[005;047H`[005;048H.[005;049H.[005;050H.[005;051H[005;001H[006;001HGAXERA: BOOT_STACK_READY
GAXERA: DESCRIPTORS_AND_IDT_READY
GAXERA: BOOT_CONTEXT_READY kernel_phys=0x0000000019676000 kernel_virt=0xffffffff80000000 rsdp_phys=0x000000001fb7e014
GAXERA: MEMMAP_BEGIN count=34
GAXERA: MEMMAP_REGION index=0 start=0x0000000000000000 end=0x0000000000087000 len=0x0000000000087000 source_type=0 class=usable allocator=eligible reservation=none
GAXERA: MEMMAP_REGION index=1 start=0x0000000000087000 end=0x0000000000088000 len=0x0000000000001000 source_type=5 class=bootloader-reclaimable allocator=ineligible reservation=none
GAXERA: MEMMAP_REGION index=2 start=0x0000000000088000 end=0x00000000000a0000 len=0x0000000000018000 source_type=0 class=usable allocator=eligible reservation=none
GAXERA: MEMMAP_REGION index=3 start=0x0000000000100000 end=0x0000000000800000 len=0x0000000000700000 source_type=0 class=usable allocator=eligible reservation=none
GAXERA: MEMMAP_REGION index=4 start=0x0000000000800000 end=0x0000000000808000 len=0x0000000000008000 source_type=3 class=acpi-nvs allocator=ineligible reservation=none
GAXERA: MEMMAP_REGION index=5 start=0x0000000000808000 end=0x000000000080b000 len=0x0000000000003000 source_type=0 class=usable allocator=eligible reservation=none
GAXERA: MEMMAP_REGION index=6 start=0x000000000080b000 end=0x000000000080c000 len=0x0000000000001000 source_type=3 class=acpi-nvs allocator=ineligible reservation=none
GAXERA: MEMMAP_REGION index=7 start=0x000000000080c000 end=0x0000000000814000 len=0x0000000000008000 source_type=0 class=usable allocator=eligible reservation=none
GAXERA: MEMMAP_REGION index=8 start=0x0000000000814000 end=0x0000000000900000 len=0x00000000000ec000 source_type=3 class=acpi-nvs allocator=ineligible reservation=none
GAXERA: MEMMAP_REGION index=9 start=0x0000000000900000 end=0x0000000001780000 len=0x0000000000e80000 source_type=5 class=bootloader-reclaimable allocator=ineligible reservation=none
GAXERA: MEMMAP_REGION index=10 start=0x0000000001780000 end=0x0000000018cd2000 len=0x0000000017552000 source_type=0 class=usable allocator=eligible reservation=none
GAXERA: MEMMAP_REGION index=11 start=0x0000000018cd2000 end=0x0000000018cdf000 len=0x000000000000d000 source_type=5 class=bootloader-reclaimable allocator=ineligible reservation=none
GAXERA: MEMMAP_REGION index=12 start=0x0000000018cdf000 end=0x0000000018f8e000 len=0x00000000002af000 source_type=6 class=executable-and-modules allocator=ineligible reservation=none
GAXERA: MEMMAP_REGION index=13 start=0x0000000018f8e000 end=0x000000001923c000 len=0x00000000002ae000 source_type=6 class=executable-and-modules allocator=ineligible reservation=none
GAXERA: MEMMAP_REGION index=14 start=0x000000001923c000 end=0x0000000019676000 len=0x000000000043a000 source_type=6 class=executable-and-modules allocator=ineligible reservation=none
GAXERA: MEMMAP_REGION index=15 start=0x0000000019676000 end=0x00000000197f4000 len=0x000000000017e000 source_type=6 class=executable-and-modules allocator=ineligible reservation=none
GAXERA: MEMMAP_REGION index=16 start=0x00000000197f4000 end=0x000000001a66c000 len=0x0000000000e78000 source_type=5 class=bootloader-reclaimable allocator=ineligible reservation=none
GAXERA: MEMMAP_REGION index=17 start=0x000000001a66c000 end=0x000000001bf6c000 len=0x0000000001900000 source_type=0 class=usable allocator=eligible reservation=none
GAXERA: MEMMAP_REGION index=18 start=0x000000001bf6c000 end=0x000000001bfaa000 len=0x000000000003e000 source_type=5 class=bootloader-reclaimable allocator=ineligible reservation=none
GAXERA: MEMMAP_REGION index=19 start=0x000000001bfaa000 end=0x000000001bfab000 len=0x0000000000001000 source_type=6 class=executable-and-modules allocator=ineligible reservation=none
GAXERA: MEMMAP_REGION index=20 start=0x000000001bfab000 end=0x000000001bfaf000 len=0x0000000000004000 source_type=5 class=bootloader-reclaimable allocator=ineligible reservation=none
GAXERA: MEMMAP_REGION index=21 start=0x000000001bfaf000 end=0x000000001e6a0000 len=0x00000000026f1000 source_type=0 class=usable allocator=eligible reservation=none
GAXERA: MEMMAP_REGION index=22 start=0x000000001e6a0000 end=0x000000001ed3f000 len=0x000000000069f000 source_type=5 class=bootloader-reclaimable allocator=ineligible reservation=none
GAXERA: MEMMAP_REGION index=23 start=0x000000001ed3f000 end=0x000000001ee00000 len=0x00000000000c1000 source_type=8 class=mapped-reserved allocator=ineligible reservation=none
GAXERA: MEMMAP_REGION index=24 start=0x000000001ee00000 end=0x000000001f8ed000 len=0x0000000000aed000 source_type=5 class=bootloader-reclaimable allocator=ineligible reservation=none
GAXERA: MEMMAP_REGION index=25 start=0x000000001f8ed000 end=0x000000001faed000 len=0x0000000000200000 source_type=8 class=mapped-reserved allocator=ineligible reservation=none
GAXERA: MEMMAP_REGION index=26 start=0x000000001faed000 end=0x000000001fb6d000 len=0x0000000000080000 source_type=1 class=reserved allocator=ineligible reservation=none
GAXERA: MEMMAP_REGION index=27 start=0x000000001fb6d000 end=0x000000001fb7f000 len=0x0000000000012000 source_type=2 class=acpi-reclaimable allocator=ineligible reservation=none
GAXERA: MEMMAP_REGION index=28 start=0x000000001fb7f000 end=0x000000001fbff000 len=0x0000000000080000 source_type=3 class=acpi-nvs allocator=ineligible reservation=none
GAXERA: MEMMAP_REGION index=29 start=0x000000001fbff000 end=0x000000001fef4000 len=0x00000000002f5000 source_type=5 class=bootloader-reclaimable allocator=ineligible reservation=none
GAXERA: MEMMAP_REGION index=30 start=0x000000001fef4000 end=0x000000001ff78000 len=0x0000000000084000 source_type=8 class=mapped-reserved allocator=ineligible reservation=none
GAXERA: MEMMAP_REGION index=31 start=0x000000001ff78000 end=0x0000000020000000 len=0x0000000000088000 source_type=3 class=acpi-nvs allocator=ineligible reservation=none
GAXERA: MEMMAP_REGION index=32 start=0x0000000080000000 end=0x00000000803e8000 len=0x00000000003e8000 source_type=7 class=framebuffer allocator=ineligible reservation=none
GAXERA: MEMMAP_REGION index=33 start=0x000000fd00000000 end=0x0000010000000000 len=0x0000000300000000 source_type=1 class=reserved allocator=ineligible reservation=none
GAXERA: MEMMAP_END
GAXERA: BOOTSTRAP_FRAME_ALLOCATOR_READY ranges=8
GAXERA: PAGING_HHDM_MAPPED
GAXERA: PAGING_TEXT_MAPPED
GAXERA: PAGING_FRAMEBUFFER_MAPPED
GAXERA: PAGE_TABLES_READY root=0x0000000000000000 reservations=3
GAXERA: CR3_GAXERA_OWNED
GAXERA: PHYSICAL_FRAME_ALLOCATOR_READY frames=113901 bitmap_words=1780
GAXERA: MEMORY_FOUNDATION_OK heap=0xfffffe8000001000 size=2097152 lower_guard=0xfffffe8000000000
GAXERA: KERNEL_ENTRY_OK
GAXERA: FRAMEBUFFER_OK (1280x800, pitch: 5120)
GAXERA: TEST_PATTERN_DRAWN
GAXERA: ACPI_MADT_READY local_apic_phys=0x00000000fee00000 override=false
GAXERA: ACPI_TEMPORARY_WINDOW_RELEASED
GAXERA: LOCAL_APIC_READY phys=0x00000000fee00000 vector=0xe0
GAXERA: IOAPIC_READY phys=0x00000000fec00000 gsi_base=0
GAXERA: PREEMPTION_TIMER_READY ticks_per_ms=62949
GAXERA: TEST_PATTERN_DRAWN
GAXERA: COOPERATIVE_YIELD_OK
Guest-confirmed QEMU test passed.

--- Context Preservation Test ---
=== Building Gaxera Kernel ISO ===
     Removed 314 files, 130.0MiB total
Compiling kernel binary...
   Compiling kernel v0.1.0 (/home/nyx/gaxera/kernel)
    Finished `dev` profile [unoptimized + debuginfo] target(s) in 2.54s
Compiling guest binary (init)...
    Finished `dev` profile [unoptimized + debuginfo] target(s) in 0.03s
Assembling ISO directory structure...
Compiling ramfs binary...
    Finished `dev` profile [unoptimized + debuginfo] target(s) in 0.03s
Compiling script_session binary...
    Finished `dev` profile [unoptimized + debuginfo] target(s) in 0.03s
Packaging GaxFS ramfs.img...
Packaging bootable ISO image via xorriso...
xorriso 1.5.6 : RockRidge filesystem manipulator, libburnia project.

Drive current: -outdev 'stdio:target/gaxera.iso'
Media current: stdio file, overwriteable
Media status : is blank
Media summary: 0 sessions, 0 data blocks, 0 data,  944g free
Added to ISO image: directory '/'='/home/nyx/gaxera/target/iso_root'
xorriso : UPDATE :      16 files added in 1 seconds
xorriso : UPDATE :      16 files added in 1 seconds
ISO image produced: 14535 sectors
Written to medium : 14535 sectors at LBA 0
Writing to 'stdio:target/gaxera.iso' completed successfully.

Installing bootloader record sector...
Physical block size of 512 bytes.
Installing to GPT. Logical block size of 512 bytes.
Secondary header at LBA 0xe31b.
Secondary header valid.
Detected ISOHYBRID with a GUID partition table (GPT).
Converting to MBR for improved compatibility...
Conversion successful.
No active partition found, some systems may not boot.
Setting partition 1 as active to work around the issue...
Installing to MBR.
Stage 2 to be located at byte offset 0x200.
Reminder: Remember to copy the limine-bios.sys file in either
          the root, /boot, /limine, or /boot/limine directories of
          one of the partitions on the device, or boot will fail!
Limine BIOS stages installed successfully.
Gaxera packaging successfully compiled to target/gaxera.iso!
=== Launching QEMU Virtual Machine ===
OVMF UEFI firmware detected. Booting in UEFI mode.
Headless mode selected.
[2J[001;001H[=3h[2J[001;001H[2J[001;001H[8;056;240t[2J[001;001H[2J[001;001H[=3h[2J[001;001H[2J[001;001H[8;042;160t[2J[001;001HBdsDxe: loading Boot0002 "UEFI QEMU DVD-ROM QM00003 " from PciRoot(0x0)/Pci(0x1,0x1)/Ata(Secondary,Master,0x0)
BdsDxe: starting Boot0002 "UEFI QEMU DVD-ROM QM00003 " from PciRoot(0x0)/Pci(0x1,0x1)/Ata(Secondary,Master,0x0)
[001;001H[001;001H[001;001Hl[001;002Hi[001;003Hm[001;004Hi[001;005Hn[001;006He[001;007H:[001;008H [001;009HL[001;010Ho[001;011Ha[001;012Hd[001;013Hi[001;014Hn[001;015Hg[001;016H [001;017He[001;018Hx[001;019He[001;020Hc[001;021Hu[001;022Ht[001;023Ha[001;024Hb[001;025Hl[001;026He[001;027H [001;028H`[001;029Hb[001;030Ho[001;031Ho[001;032Ht[001;033H([001;034H)[001;035H:[001;036H/[001;037Hb[001;038Ho[001;039Ho[001;040Ht[001;041H/[001;042Hg[001;043Ha[001;044Hx[001;045He[001;046Hr[001;047Ha[001;048H.[001;049He[001;050Hl[001;051Hf[001;052H`[001;053H.[001;054H.[001;055H.[001;056H[001;001H[002;001Hl[002;002Hi[002;003Hm[002;004Hi[002;005Hn[002;006He[002;007H:[002;008H [002;009HL[002;010Ho[002;011Ha[002;012Hd[002;013Hi[002;014Hn[002;015Hg[002;016H [002;017Hm[002;018Ho[002;019Hd[002;020Hu[002;021Hl[002;022He[002;023H [002;024H`[002;025Hb[002;026Ho[002;027Ho[002;028Ht[002;029H([002;030H)[002;031H:[002;032H/[002;033Hb[002;034Ho[002;035Ho[002;036Ht[002;037H/[002;038Hi[002;039Hn[002;040Hi[002;041Ht[002;042H.[002;043He[002;044Hl[002;045Hf[002;046H`[002;047H.[002;048H.[002;049H.[002;050H[002;001H[003;001Hl[003;002Hi[003;003Hm[003;004Hi[003;005Hn[003;006He[003;007H:[003;008H [003;009HL[003;010Ho[003;011Ha[003;012Hd[003;013Hi[003;014Hn[003;015Hg[003;016H [003;017Hm[003;018Ho[003;019Hd[003;020Hu[003;021Hl[003;022He[003;023H [003;024H`[003;025Hb[003;026Ho[003;027Ho[003;028Ht[003;029H([003;030H)[003;031H:[003;032H/[003;033Hb[003;034Ho[003;035Ho[003;036Ht[003;037H/[003;038Hr[003;039Ha[003;040Hm[003;041Hf[003;042Hs[003;043H.[003;044He[003;045Hl[003;046Hf[003;047H`[003;048H.[003;049H.[003;050H.[003;051H[003;001H[004;001Hl[004;002Hi[004;003Hm[004;004Hi[004;005Hn[004;006He[004;007H:[004;008H [004;009HL[004;010Ho[004;011Ha[004;012Hd[004;013Hi[004;014Hn[004;015Hg[004;016H [004;017Hm[004;018Ho[004;019Hd[004;020Hu[004;021Hl[004;022He[004;023H [004;024H`[004;025Hb[004;026Ho[004;027Ho[004;028Ht[004;029H([004;030H)[004;031H:[004;032H/[004;033Hb[004;034Ho[004;035Ho[004;036Ht[004;037H/[004;038Hs[004;039Hc[004;040Hr[004;041Hi[004;042Hp[004;043Ht[004;044H_[004;045Hs[004;046He[004;047Hs[004;048Hs[004;049Hi[004;050Ho[004;051Hn[004;052H.[004;053He[004;054Hl[004;055Hf[004;056H`[004;057H.[004;058H.[004;059H.[004;060H[004;001H[005;001Hl[005;002Hi[005;003Hm[005;004Hi[005;005Hn[005;006He[005;007H:[005;008H [005;009HL[005;010Ho[005;011Ha[005;012Hd[005;013Hi[005;014Hn[005;015Hg[005;016H [005;017Hm[005;018Ho[005;019Hd[005;020Hu[005;021Hl[005;022He[005;023H [005;024H`[005;025Hb[005;026Ho[005;027Ho[005;028Ht[005;029H([005;030H)[005;031H:[005;032H/[005;033Hb[005;034Ho[005;035Ho[005;036Ht[005;037H/[005;038Hr[005;039Ha[005;040Hm[005;041Hf[005;042Hs[005;043H.[005;044Hi[005;045Hm[005;046Hg[005;047H`[005;048H.[005;049H.[005;050H.[005;051H[005;001H[006;001HGAXERA: BOOT_STACK_READY
GAXERA: DESCRIPTORS_AND_IDT_READY
GAXERA: BOOT_CONTEXT_READY kernel_phys=0x0000000019676000 kernel_virt=0xffffffff80000000 rsdp_phys=0x000000001fb7e014
GAXERA: MEMMAP_BEGIN count=34
GAXERA: MEMMAP_REGION index=0 start=0x0000000000000000 end=0x0000000000087000 len=0x0000000000087000 source_type=0 class=usable allocator=eligible reservation=none
GAXERA: MEMMAP_REGION index=1 start=0x0000000000087000 end=0x0000000000088000 len=0x0000000000001000 source_type=5 class=bootloader-reclaimable allocator=ineligible reservation=none
GAXERA: MEMMAP_REGION index=2 start=0x0000000000088000 end=0x00000000000a0000 len=0x0000000000018000 source_type=0 class=usable allocator=eligible reservation=none
GAXERA: MEMMAP_REGION index=3 start=0x0000000000100000 end=0x0000000000800000 len=0x0000000000700000 source_type=0 class=usable allocator=eligible reservation=none
GAXERA: MEMMAP_REGION index=4 start=0x0000000000800000 end=0x0000000000808000 len=0x0000000000008000 source_type=3 class=acpi-nvs allocator=ineligible reservation=none
GAXERA: MEMMAP_REGION index=5 start=0x0000000000808000 end=0x000000000080b000 len=0x0000000000003000 source_type=0 class=usable allocator=eligible reservation=none
GAXERA: MEMMAP_REGION index=6 start=0x000000000080b000 end=0x000000000080c000 len=0x0000000000001000 source_type=3 class=acpi-nvs allocator=ineligible reservation=none
GAXERA: MEMMAP_REGION index=7 start=0x000000000080c000 end=0x0000000000814000 len=0x0000000000008000 source_type=0 class=usable allocator=eligible reservation=none
GAXERA: MEMMAP_REGION index=8 start=0x0000000000814000 end=0x0000000000900000 len=0x00000000000ec000 source_type=3 class=acpi-nvs allocator=ineligible reservation=none
GAXERA: MEMMAP_REGION index=9 start=0x0000000000900000 end=0x0000000001780000 len=0x0000000000e80000 source_type=5 class=bootloader-reclaimable allocator=ineligible reservation=none
GAXERA: MEMMAP_REGION index=10 start=0x0000000001780000 end=0x0000000018cd2000 len=0x0000000017552000 source_type=0 class=usable allocator=eligible reservation=none
GAXERA: MEMMAP_REGION index=11 start=0x0000000018cd2000 end=0x0000000018cdf000 len=0x000000000000d000 source_type=5 class=bootloader-reclaimable allocator=ineligible reservation=none
GAXERA: MEMMAP_REGION index=12 start=0x0000000018cdf000 end=0x0000000018f8e000 len=0x00000000002af000 source_type=6 class=executable-and-modules allocator=ineligible reservation=none
GAXERA: MEMMAP_REGION index=13 start=0x0000000018f8e000 end=0x000000001923c000 len=0x00000000002ae000 source_type=6 class=executable-and-modules allocator=ineligible reservation=none
GAXERA: MEMMAP_REGION index=14 start=0x000000001923c000 end=0x0000000019676000 len=0x000000000043a000 source_type=6 class=executable-and-modules allocator=ineligible reservation=none
GAXERA: MEMMAP_REGION index=15 start=0x0000000019676000 end=0x00000000197f4000 len=0x000000000017e000 source_type=6 class=executable-and-modules allocator=ineligible reservation=none
GAXERA: MEMMAP_REGION index=16 start=0x00000000197f4000 end=0x000000001a66c000 len=0x0000000000e78000 source_type=5 class=bootloader-reclaimable allocator=ineligible reservation=none
GAXERA: MEMMAP_REGION index=17 start=0x000000001a66c000 end=0x000000001bf6c000 len=0x0000000001900000 source_type=0 class=usable allocator=eligible reservation=none
GAXERA: MEMMAP_REGION index=18 start=0x000000001bf6c000 end=0x000000001bfaa000 len=0x000000000003e000 source_type=5 class=bootloader-reclaimable allocator=ineligible reservation=none
GAXERA: MEMMAP_REGION index=19 start=0x000000001bfaa000 end=0x000000001bfab000 len=0x0000000000001000 source_type=6 class=executable-and-modules allocator=ineligible reservation=none
GAXERA: MEMMAP_REGION index=20 start=0x000000001bfab000 end=0x000000001bfaf000 len=0x0000000000004000 source_type=5 class=bootloader-reclaimable allocator=ineligible reservation=none
GAXERA: MEMMAP_REGION index=21 start=0x000000001bfaf000 end=0x000000001e6a0000 len=0x00000000026f1000 source_type=0 class=usable allocator=eligible reservation=none
GAXERA: MEMMAP_REGION index=22 start=0x000000001e6a0000 end=0x000000001ed3f000 len=0x000000000069f000 source_type=5 class=bootloader-reclaimable allocator=ineligible reservation=none
GAXERA: MEMMAP_REGION index=23 start=0x000000001ed3f000 end=0x000000001ee00000 len=0x00000000000c1000 source_type=8 class=mapped-reserved allocator=ineligible reservation=none
GAXERA: MEMMAP_REGION index=24 start=0x000000001ee00000 end=0x000000001f8ed000 len=0x0000000000aed000 source_type=5 class=bootloader-reclaimable allocator=ineligible reservation=none
GAXERA: MEMMAP_REGION index=25 start=0x000000001f8ed000 end=0x000000001faed000 len=0x0000000000200000 source_type=8 class=mapped-reserved allocator=ineligible reservation=none
GAXERA: MEMMAP_REGION index=26 start=0x000000001faed000 end=0x000000001fb6d000 len=0x0000000000080000 source_type=1 class=reserved allocator=ineligible reservation=none
GAXERA: MEMMAP_REGION index=27 start=0x000000001fb6d000 end=0x000000001fb7f000 len=0x0000000000012000 source_type=2 class=acpi-reclaimable allocator=ineligible reservation=none
GAXERA: MEMMAP_REGION index=28 start=0x000000001fb7f000 end=0x000000001fbff000 len=0x0000000000080000 source_type=3 class=acpi-nvs allocator=ineligible reservation=none
GAXERA: MEMMAP_REGION index=29 start=0x000000001fbff000 end=0x000000001fef4000 len=0x00000000002f5000 source_type=5 class=bootloader-reclaimable allocator=ineligible reservation=none
GAXERA: MEMMAP_REGION index=30 start=0x000000001fef4000 end=0x000000001ff78000 len=0x0000000000084000 source_type=8 class=mapped-reserved allocator=ineligible reservation=none
GAXERA: MEMMAP_REGION index=31 start=0x000000001ff78000 end=0x0000000020000000 len=0x0000000000088000 source_type=3 class=acpi-nvs allocator=ineligible reservation=none
GAXERA: MEMMAP_REGION index=32 start=0x0000000080000000 end=0x00000000803e8000 len=0x00000000003e8000 source_type=7 class=framebuffer allocator=ineligible reservation=none
GAXERA: MEMMAP_REGION index=33 start=0x000000fd00000000 end=0x0000010000000000 len=0x0000000300000000 source_type=1 class=reserved allocator=ineligible reservation=none
GAXERA: MEMMAP_END
GAXERA: BOOTSTRAP_FRAME_ALLOCATOR_READY ranges=8
GAXERA: PAGING_HHDM_MAPPED
GAXERA: PAGING_TEXT_MAPPED
GAXERA: PAGING_FRAMEBUFFER_MAPPED
GAXERA: PAGE_TABLES_READY root=0x0000000000000000 reservations=3
GAXERA: CR3_GAXERA_OWNED
GAXERA: PHYSICAL_FRAME_ALLOCATOR_READY frames=113901 bitmap_words=1780
GAXERA: MEMORY_FOUNDATION_OK heap=0xfffffe8000001000 size=2097152 lower_guard=0xfffffe8000000000
GAXERA: KERNEL_ENTRY_OK
GAXERA: FRAMEBUFFER_OK (1280x800, pitch: 5120)
GAXERA: TEST_PATTERN_DRAWN
GAXERA: ACPI_MADT_READY local_apic_phys=0x00000000fee00000 override=false
GAXERA: ACPI_TEMPORARY_WINDOW_RELEASED
GAXERA: LOCAL_APIC_READY phys=0x00000000fee00000 vector=0xe0
GAXERA: IOAPIC_READY phys=0x00000000fec00000 gsi_base=0
GAXERA: PREEMPTION_TIMER_READY ticks_per_ms=62929
GAXERA: TEST_PATTERN_DRAWN
GAXERA: CONTEXT_PRESERVATION_OK
Guest-confirmed QEMU test passed.

--- IPC Test ---
=== Building Gaxera Kernel ISO ===
     Removed 314 files, 130.0MiB total
Compiling kernel binary...
   Compiling kernel v0.1.0 (/home/nyx/gaxera/kernel)
    Finished `dev` profile [unoptimized + debuginfo] target(s) in 2.55s
Compiling guest binary (init)...
    Finished `dev` profile [unoptimized + debuginfo] target(s) in 0.03s
Assembling ISO directory structure...
Compiling ramfs binary...
    Finished `dev` profile [unoptimized + debuginfo] target(s) in 0.03s
Compiling script_session binary...
    Finished `dev` profile [unoptimized + debuginfo] target(s) in 0.03s
Packaging GaxFS ramfs.img...
Packaging bootable ISO image via xorriso...
xorriso 1.5.6 : RockRidge filesystem manipulator, libburnia project.

Drive current: -outdev 'stdio:target/gaxera.iso'
Media current: stdio file, overwriteable
Media status : is blank
Media summary: 0 sessions, 0 data blocks, 0 data,  944g free
Added to ISO image: directory '/'='/home/nyx/gaxera/target/iso_root'
xorriso : UPDATE :      16 files added in 1 seconds
xorriso : UPDATE :      16 files added in 1 seconds
ISO image produced: 14548 sectors
Written to medium : 14548 sectors at LBA 0
Writing to 'stdio:target/gaxera.iso' completed successfully.

Installing bootloader record sector...
Physical block size of 512 bytes.
Installing to GPT. Logical block size of 512 bytes.
Secondary header at LBA 0xe34f.
Secondary header valid.
Detected ISOHYBRID with a GUID partition table (GPT).
Converting to MBR for improved compatibility...
Conversion successful.
No active partition found, some systems may not boot.
Setting partition 1 as active to work around the issue...
Installing to MBR.
Stage 2 to be located at byte offset 0x200.
Reminder: Remember to copy the limine-bios.sys file in either
          the root, /boot, /limine, or /boot/limine directories of
          one of the partitions on the device, or boot will fail!
Limine BIOS stages installed successfully.
Gaxera packaging successfully compiled to target/gaxera.iso!
=== Launching QEMU Virtual Machine ===
OVMF UEFI firmware detected. Booting in UEFI mode.
Headless mode selected.
[2J[001;001H[=3h[2J[001;001H[2J[001;001H[8;056;240t[2J[001;001H[2J[001;001H[=3h[2J[001;001H[2J[001;001H[8;042;160t[2J[001;001HBdsDxe: loading Boot0002 "UEFI QEMU DVD-ROM QM00003 " from PciRoot(0x0)/Pci(0x1,0x1)/Ata(Secondary,Master,0x0)
BdsDxe: starting Boot0002 "UEFI QEMU DVD-ROM QM00003 " from PciRoot(0x0)/Pci(0x1,0x1)/Ata(Secondary,Master,0x0)
[001;001H[001;001H[001;001Hl[001;002Hi[001;003Hm[001;004Hi[001;005Hn[001;006He[001;007H:[001;008H [001;009HL[001;010Ho[001;011Ha[001;012Hd[001;013Hi[001;014Hn[001;015Hg[001;016H [001;017He[001;018Hx[001;019He[001;020Hc[001;021Hu[001;022Ht[001;023Ha[001;024Hb[001;025Hl[001;026He[001;027H [001;028H`[001;029Hb[001;030Ho[001;031Ho[001;032Ht[001;033H([001;034H)[001;035H:[001;036H/[001;037Hb[001;038Ho[001;039Ho[001;040Ht[001;041H/[001;042Hg[001;043Ha[001;044Hx[001;045He[001;046Hr[001;047Ha[001;048H.[001;049He[001;050Hl[001;051Hf[001;052H`[001;053H.[001;054H.[001;055H.[001;056H[001;001H[002;001Hl[002;002Hi[002;003Hm[002;004Hi[002;005Hn[002;006He[002;007H:[002;008H [002;009HL[002;010Ho[002;011Ha[002;012Hd[002;013Hi[002;014Hn[002;015Hg[002;016H [002;017Hm[002;018Ho[002;019Hd[002;020Hu[002;021Hl[002;022He[002;023H [002;024H`[002;025Hb[002;026Ho[002;027Ho[002;028Ht[002;029H([002;030H)[002;031H:[002;032H/[002;033Hb[002;034Ho[002;035Ho[002;036Ht[002;037H/[002;038Hi[002;039Hn[002;040Hi[002;041Ht[002;042H.[002;043He[002;044Hl[002;045Hf[002;046H`[002;047H.[002;048H.[002;049H.[002;050H[002;001H[003;001Hl[003;002Hi[003;003Hm[003;004Hi[003;005Hn[003;006He[003;007H:[003;008H [003;009HL[003;010Ho[003;011Ha[003;012Hd[003;013Hi[003;014Hn[003;015Hg[003;016H [003;017Hm[003;018Ho[003;019Hd[003;020Hu[003;021Hl[003;022He[003;023H [003;024H`[003;025Hb[003;026Ho[003;027Ho[003;028Ht[003;029H([003;030H)[003;031H:[003;032H/[003;033Hb[003;034Ho[003;035Ho[003;036Ht[003;037H/[003;038Hr[003;039Ha[003;040Hm[003;041Hf[003;042Hs[003;043H.[003;044He[003;045Hl[003;046Hf[003;047H`[003;048H.[003;049H.[003;050H.[003;051H[003;001H[004;001Hl[004;002Hi[004;003Hm[004;004Hi[004;005Hn[004;006He[004;007H:[004;008H [004;009HL[004;010Ho[004;011Ha[004;012Hd[004;013Hi[004;014Hn[004;015Hg[004;016H [004;017Hm[004;018Ho[004;019Hd[004;020Hu[004;021Hl[004;022He[004;023H [004;024H`[004;025Hb[004;026Ho[004;027Ho[004;028Ht[004;029H([004;030H)[004;031H:[004;032H/[004;033Hb[004;034Ho[004;035Ho[004;036Ht[004;037H/[004;038Hs[004;039Hc[004;040Hr[004;041Hi[004;042Hp[004;043Ht[004;044H_[004;045Hs[004;046He[004;047Hs[004;048Hs[004;049Hi[004;050Ho[004;051Hn[004;052H.[004;053He[004;054Hl[004;055Hf[004;056H`[004;057H.[004;058H.[004;059H.[004;060H[004;001H[005;001Hl[005;002Hi[005;003Hm[005;004Hi[005;005Hn[005;006He[005;007H:[005;008H [005;009HL[005;010Ho[005;011Ha[005;012Hd[005;013Hi[005;014Hn[005;015Hg[005;016H [005;017Hm[005;018Ho[005;019Hd[005;020Hu[005;021Hl[005;022He[005;023H [005;024H`[005;025Hb[005;026Ho[005;027Ho[005;028Ht[005;029H([005;030H)[005;031H:[005;032H/[005;033Hb[005;034Ho[005;035Ho[005;036Ht[005;037H/[005;038Hr[005;039Ha[005;040Hm[005;041Hf[005;042Hs[005;043H.[005;044Hi[005;045Hm[005;046Hg[005;047H`[005;048H.[005;049H.[005;050H.[005;051H[005;001H[006;001HGAXERA: BOOT_STACK_READY
GAXERA: DESCRIPTORS_AND_IDT_READY
GAXERA: BOOT_CONTEXT_READY kernel_phys=0x0000000019670000 kernel_virt=0xffffffff80000000 rsdp_phys=0x000000001fb7e014
GAXERA: MEMMAP_BEGIN count=34
GAXERA: MEMMAP_REGION index=0 start=0x0000000000000000 end=0x0000000000087000 len=0x0000000000087000 source_type=0 class=usable allocator=eligible reservation=none
GAXERA: MEMMAP_REGION index=1 start=0x0000000000087000 end=0x0000000000088000 len=0x0000000000001000 source_type=5 class=bootloader-reclaimable allocator=ineligible reservation=none
GAXERA: MEMMAP_REGION index=2 start=0x0000000000088000 end=0x00000000000a0000 len=0x0000000000018000 source_type=0 class=usable allocator=eligible reservation=none
GAXERA: MEMMAP_REGION index=3 start=0x0000000000100000 end=0x0000000000800000 len=0x0000000000700000 source_type=0 class=usable allocator=eligible reservation=none
GAXERA: MEMMAP_REGION index=4 start=0x0000000000800000 end=0x0000000000808000 len=0x0000000000008000 source_type=3 class=acpi-nvs allocator=ineligible reservation=none
GAXERA: MEMMAP_REGION index=5 start=0x0000000000808000 end=0x000000000080b000 len=0x0000000000003000 source_type=0 class=usable allocator=eligible reservation=none
GAXERA: MEMMAP_REGION index=6 start=0x000000000080b000 end=0x000000000080c000 len=0x0000000000001000 source_type=3 class=acpi-nvs allocator=ineligible reservation=none
GAXERA: MEMMAP_REGION index=7 start=0x000000000080c000 end=0x0000000000814000 len=0x0000000000008000 source_type=0 class=usable allocator=eligible reservation=none
GAXERA: MEMMAP_REGION index=8 start=0x0000000000814000 end=0x0000000000900000 len=0x00000000000ec000 source_type=3 class=acpi-nvs allocator=ineligible reservation=none
GAXERA: MEMMAP_REGION index=9 start=0x0000000000900000 end=0x0000000001780000 len=0x0000000000e80000 source_type=5 class=bootloader-reclaimable allocator=ineligible reservation=none
GAXERA: MEMMAP_REGION index=10 start=0x0000000001780000 end=0x0000000018ccc000 len=0x000000001754c000 source_type=0 class=usable allocator=eligible reservation=none
GAXERA: MEMMAP_REGION index=11 start=0x0000000018ccc000 end=0x0000000018cd9000 len=0x000000000000d000 source_type=5 class=bootloader-reclaimable allocator=ineligible reservation=none
GAXERA: MEMMAP_REGION index=12 start=0x0000000018cd9000 end=0x0000000018f88000 len=0x00000000002af000 source_type=6 class=executable-and-modules allocator=ineligible reservation=none
GAXERA: MEMMAP_REGION index=13 start=0x0000000018f88000 end=0x0000000019236000 len=0x00000000002ae000 source_type=6 class=executable-and-modules allocator=ineligible reservation=none
GAXERA: MEMMAP_REGION index=14 start=0x0000000019236000 end=0x0000000019670000 len=0x000000000043a000 source_type=6 class=executable-and-modules allocator=ineligible reservation=none
GAXERA: MEMMAP_REGION index=15 start=0x0000000019670000 end=0x00000000197ee000 len=0x000000000017e000 source_type=6 class=executable-and-modules allocator=ineligible reservation=none
GAXERA: MEMMAP_REGION index=16 start=0x00000000197ee000 end=0x000000001a66c000 len=0x0000000000e7e000 source_type=5 class=bootloader-reclaimable allocator=ineligible reservation=none
GAXERA: MEMMAP_REGION index=17 start=0x000000001a66c000 end=0x000000001bf6c000 len=0x0000000001900000 source_type=0 class=usable allocator=eligible reservation=none
GAXERA: MEMMAP_REGION index=18 start=0x000000001bf6c000 end=0x000000001bfaa000 len=0x000000000003e000 source_type=5 class=bootloader-reclaimable allocator=ineligible reservation=none
GAXERA: MEMMAP_REGION index=19 start=0x000000001bfaa000 end=0x000000001bfab000 len=0x0000000000001000 source_type=6 class=executable-and-modules allocator=ineligible reservation=none
GAXERA: MEMMAP_REGION index=20 start=0x000000001bfab000 end=0x000000001bfaf000 len=0x0000000000004000 source_type=5 class=bootloader-reclaimable allocator=ineligible reservation=none
GAXERA: MEMMAP_REGION index=21 start=0x000000001bfaf000 end=0x000000001e6a0000 len=0x00000000026f1000 source_type=0 class=usable allocator=eligible reservation=none
GAXERA: MEMMAP_REGION index=22 start=0x000000001e6a0000 end=0x000000001ed3f000 len=0x000000000069f000 source_type=5 class=bootloader-reclaimable allocator=ineligible reservation=none
GAXERA: MEMMAP_REGION index=23 start=0x000000001ed3f000 end=0x000000001ee00000 len=0x00000000000c1000 source_type=8 class=mapped-reserved allocator=ineligible reservation=none
GAXERA: MEMMAP_REGION index=24 start=0x000000001ee00000 end=0x000000001f8ed000 len=0x0000000000aed000 source_type=5 class=bootloader-reclaimable allocator=ineligible reservation=none
GAXERA: MEMMAP_REGION index=25 start=0x000000001f8ed000 end=0x000000001faed000 len=0x0000000000200000 source_type=8 class=mapped-reserved allocator=ineligible reservation=none
GAXERA: MEMMAP_REGION index=26 start=0x000000001faed000 end=0x000000001fb6d000 len=0x0000000000080000 source_type=1 class=reserved allocator=ineligible reservation=none
GAXERA: MEMMAP_REGION index=27 start=0x000000001fb6d000 end=0x000000001fb7f000 len=0x0000000000012000 source_type=2 class=acpi-reclaimable allocator=ineligible reservation=none
GAXERA: MEMMAP_REGION index=28 start=0x000000001fb7f000 end=0x000000001fbff000 len=0x0000000000080000 source_type=3 class=acpi-nvs allocator=ineligible reservation=none
GAXERA: MEMMAP_REGION index=29 start=0x000000001fbff000 end=0x000000001fef4000 len=0x00000000002f5000 source_type=5 class=bootloader-reclaimable allocator=ineligible reservation=none
GAXERA: MEMMAP_REGION index=30 start=0x000000001fef4000 end=0x000000001ff78000 len=0x0000000000084000 source_type=8 class=mapped-reserved allocator=ineligible reservation=none
GAXERA: MEMMAP_REGION index=31 start=0x000000001ff78000 end=0x0000000020000000 len=0x0000000000088000 source_type=3 class=acpi-nvs allocator=ineligible reservation=none
GAXERA: MEMMAP_REGION index=32 start=0x0000000080000000 end=0x00000000803e8000 len=0x00000000003e8000 source_type=7 class=framebuffer allocator=ineligible reservation=none
GAXERA: MEMMAP_REGION index=33 start=0x000000fd00000000 end=0x0000010000000000 len=0x0000000300000000 source_type=1 class=reserved allocator=ineligible reservation=none
GAXERA: MEMMAP_END
GAXERA: BOOTSTRAP_FRAME_ALLOCATOR_READY ranges=8
GAXERA: PAGING_HHDM_MAPPED
GAXERA: PAGING_TEXT_MAPPED
GAXERA: PAGING_FRAMEBUFFER_MAPPED
GAXERA: PAGE_TABLES_READY root=0x0000000000000000 reservations=3
GAXERA: CR3_GAXERA_OWNED
GAXERA: PHYSICAL_FRAME_ALLOCATOR_READY frames=113895 bitmap_words=1780
GAXERA: MEMORY_FOUNDATION_OK heap=0xfffffe8000001000 size=2097152 lower_guard=0xfffffe8000000000
GAXERA: KERNEL_ENTRY_OK
GAXERA: FRAMEBUFFER_OK (1280x800, pitch: 5120)
GAXERA: TEST_PATTERN_DRAWN
GAXERA: ACPI_MADT_READY local_apic_phys=0x00000000fee00000 override=false
GAXERA: ACPI_TEMPORARY_WINDOW_RELEASED
GAXERA: LOCAL_APIC_READY phys=0x00000000fee00000 vector=0xe0
GAXERA: IOAPIC_READY phys=0x00000000fec00000 gsi_base=0
GAXERA: PREEMPTION_TIMER_READY ticks_per_ms=62943
GAXERA: IPC_TEST_OK
Guest-confirmed QEMU test passed.

--- Preemption Test ---
=== Building Gaxera Kernel ISO ===
     Removed 314 files, 130.0MiB total
Compiling kernel binary...
   Compiling kernel v0.1.0 (/home/nyx/gaxera/kernel)
    Finished `dev` profile [unoptimized + debuginfo] target(s) in 2.54s
Compiling guest binary (init)...
    Finished `dev` profile [unoptimized + debuginfo] target(s) in 0.03s
Assembling ISO directory structure...
Compiling ramfs binary...
    Finished `dev` profile [unoptimized + debuginfo] target(s) in 0.03s
Compiling script_session binary...
    Finished `dev` profile [unoptimized + debuginfo] target(s) in 0.03s
Packaging GaxFS ramfs.img...
Packaging bootable ISO image via xorriso...
xorriso 1.5.6 : RockRidge filesystem manipulator, libburnia project.

Drive current: -outdev 'stdio:target/gaxera.iso'
Media current: stdio file, overwriteable
Media status : is blank
Media summary: 0 sessions, 0 data blocks, 0 data,  944g free
Added to ISO image: directory '/'='/home/nyx/gaxera/target/iso_root'
xorriso : UPDATE :      16 files added in 1 seconds
xorriso : UPDATE :      16 files added in 1 seconds
ISO image produced: 14534 sectors
Written to medium : 14534 sectors at LBA 0
Writing to 'stdio:target/gaxera.iso' completed successfully.

Installing bootloader record sector...
Physical block size of 512 bytes.
Installing to GPT. Logical block size of 512 bytes.
Secondary header at LBA 0xe317.
Secondary header valid.
Detected ISOHYBRID with a GUID partition table (GPT).
Converting to MBR for improved compatibility...
Conversion successful.
No active partition found, some systems may not boot.
Setting partition 1 as active to work around the issue...
Installing to MBR.
Stage 2 to be located at byte offset 0x200.
Reminder: Remember to copy the limine-bios.sys file in either
          the root, /boot, /limine, or /boot/limine directories of
          one of the partitions on the device, or boot will fail!
Limine BIOS stages installed successfully.
Gaxera packaging successfully compiled to target/gaxera.iso!
=== Launching QEMU Virtual Machine ===
OVMF UEFI firmware detected. Booting in UEFI mode.
Headless mode selected.
[2J[001;001H[=3h[2J[001;001H[2J[001;001H[8;056;240t[2J[001;001H[2J[001;001H[=3h[2J[001;001H[2J[001;001H[8;042;160t[2J[001;001HBdsDxe: loading Boot0002 "UEFI QEMU DVD-ROM QM00003 " from PciRoot(0x0)/Pci(0x1,0x1)/Ata(Secondary,Master,0x0)
BdsDxe: starting Boot0002 "UEFI QEMU DVD-ROM QM00003 " from PciRoot(0x0)/Pci(0x1,0x1)/Ata(Secondary,Master,0x0)
[001;001H[001;001H[001;001Hl[001;002Hi[001;003Hm[001;004Hi[001;005Hn[001;006He[001;007H:[001;008H [001;009HL[001;010Ho[001;011Ha[001;012Hd[001;013Hi[001;014Hn[001;015Hg[001;016H [001;017He[001;018Hx[001;019He[001;020Hc[001;021Hu[001;022Ht[001;023Ha[001;024Hb[001;025Hl[001;026He[001;027H [001;028H`[001;029Hb[001;030Ho[001;031Ho[001;032Ht[001;033H([001;034H)[001;035H:[001;036H/[001;037Hb[001;038Ho[001;039Ho[001;040Ht[001;041H/[001;042Hg[001;043Ha[001;044Hx[001;045He[001;046Hr[001;047Ha[001;048H.[001;049He[001;050Hl[001;051Hf[001;052H`[001;053H.[001;054H.[001;055H.[001;056H[001;001H[002;001Hl[002;002Hi[002;003Hm[002;004Hi[002;005Hn[002;006He[002;007H:[002;008H [002;009HL[002;010Ho[002;011Ha[002;012Hd[002;013Hi[002;014Hn[002;015Hg[002;016H [002;017Hm[002;018Ho[002;019Hd[002;020Hu[002;021Hl[002;022He[002;023H [002;024H`[002;025Hb[002;026Ho[002;027Ho[002;028Ht[002;029H([002;030H)[002;031H:[002;032H/[002;033Hb[002;034Ho[002;035Ho[002;036Ht[002;037H/[002;038Hi[002;039Hn[002;040Hi[002;041Ht[002;042H.[002;043He[002;044Hl[002;045Hf[002;046H`[002;047H.[002;048H.[002;049H.[002;050H[002;001H[003;001Hl[003;002Hi[003;003Hm[003;004Hi[003;005Hn[003;006He[003;007H:[003;008H [003;009HL[003;010Ho[003;011Ha[003;012Hd[003;013Hi[003;014Hn[003;015Hg[003;016H [003;017Hm[003;018Ho[003;019Hd[003;020Hu[003;021Hl[003;022He[003;023H [003;024H`[003;025Hb[003;026Ho[003;027Ho[003;028Ht[003;029H([003;030H)[003;031H:[003;032H/[003;033Hb[003;034Ho[003;035Ho[003;036Ht[003;037H/[003;038Hr[003;039Ha[003;040Hm[003;041Hf[003;042Hs[003;043H.[003;044He[003;045Hl[003;046Hf[003;047H`[003;048H.[003;049H.[003;050H.[003;051H[003;001H[004;001Hl[004;002Hi[004;003Hm[004;004Hi[004;005Hn[004;006He[004;007H:[004;008H [004;009HL[004;010Ho[004;011Ha[004;012Hd[004;013Hi[004;014Hn[004;015Hg[004;016H [004;017Hm[004;018Ho[004;019Hd[004;020Hu[004;021Hl[004;022He[004;023H [004;024H`[004;025Hb[004;026Ho[004;027Ho[004;028Ht[004;029H([004;030H)[004;031H:[004;032H/[004;033Hb[004;034Ho[004;035Ho[004;036Ht[004;037H/[004;038Hs[004;039Hc[004;040Hr[004;041Hi[004;042Hp[004;043Ht[004;044H_[004;045Hs[004;046He[004;047Hs[004;048Hs[004;049Hi[004;050Ho[004;051Hn[004;052H.[004;053He[004;054Hl[004;055Hf[004;056H`[004;057H.[004;058H.[004;059H.[004;060H[004;001H[005;001Hl[005;002Hi[005;003Hm[005;004Hi[005;005Hn[005;006He[005;007H:[005;008H [005;009HL[005;010Ho[005;011Ha[005;012Hd[005;013Hi[005;014Hn[005;015Hg[005;016H [005;017Hm[005;018Ho[005;019Hd[005;020Hu[005;021Hl[005;022He[005;023H [005;024H`[005;025Hb[005;026Ho[005;027Ho[005;028Ht[005;029H([005;030H)[005;031H:[005;032H/[005;033Hb[005;034Ho[005;035Ho[005;036Ht[005;037H/[005;038Hr[005;039Ha[005;040Hm[005;041Hf[005;042Hs[005;043H.[005;044Hi[005;045Hm[005;046Hg[005;047H`[005;048H.[005;049H.[005;050H.[005;051H[005;001H[006;001HGAXERA: BOOT_STACK_READY
GAXERA: DESCRIPTORS_AND_IDT_READY
GAXERA: BOOT_CONTEXT_READY kernel_phys=0x0000000019677000 kernel_virt=0xffffffff80000000 rsdp_phys=0x000000001fb7e014
GAXERA: MEMMAP_BEGIN count=34
GAXERA: MEMMAP_REGION index=0 start=0x0000000000000000 end=0x0000000000087000 len=0x0000000000087000 source_type=0 class=usable allocator=eligible reservation=none
GAXERA: MEMMAP_REGION index=1 start=0x0000000000087000 end=0x0000000000088000 len=0x0000000000001000 source_type=5 class=bootloader-reclaimable allocator=ineligible reservation=none
GAXERA: MEMMAP_REGION index=2 start=0x0000000000088000 end=0x00000000000a0000 len=0x0000000000018000 source_type=0 class=usable allocator=eligible reservation=none
GAXERA: MEMMAP_REGION index=3 start=0x0000000000100000 end=0x0000000000800000 len=0x0000000000700000 source_type=0 class=usable allocator=eligible reservation=none
GAXERA: MEMMAP_REGION index=4 start=0x0000000000800000 end=0x0000000000808000 len=0x0000000000008000 source_type=3 class=acpi-nvs allocator=ineligible reservation=none
GAXERA: MEMMAP_REGION index=5 start=0x0000000000808000 end=0x000000000080b000 len=0x0000000000003000 source_type=0 class=usable allocator=eligible reservation=none
GAXERA: MEMMAP_REGION index=6 start=0x000000000080b000 end=0x000000000080c000 len=0x0000000000001000 source_type=3 class=acpi-nvs allocator=ineligible reservation=none
GAXERA: MEMMAP_REGION index=7 start=0x000000000080c000 end=0x0000000000814000 len=0x0000000000008000 source_type=0 class=usable allocator=eligible reservation=none
GAXERA: MEMMAP_REGION index=8 start=0x0000000000814000 end=0x0000000000900000 len=0x00000000000ec000 source_type=3 class=acpi-nvs allocator=ineligible reservation=none
GAXERA: MEMMAP_REGION index=9 start=0x0000000000900000 end=0x0000000001780000 len=0x0000000000e80000 source_type=5 class=bootloader-reclaimable allocator=ineligible reservation=none
GAXERA: MEMMAP_REGION index=10 start=0x0000000001780000 end=0x0000000018cd3000 len=0x0000000017553000 source_type=0 class=usable allocator=eligible reservation=none
GAXERA: MEMMAP_REGION index=11 start=0x0000000018cd3000 end=0x0000000018ce0000 len=0x000000000000d000 source_type=5 class=bootloader-reclaimable allocator=ineligible reservation=none
GAXERA: MEMMAP_REGION index=12 start=0x0000000018ce0000 end=0x0000000018f8f000 len=0x00000000002af000 source_type=6 class=executable-and-modules allocator=ineligible reservation=none
GAXERA: MEMMAP_REGION index=13 start=0x0000000018f8f000 end=0x000000001923d000 len=0x00000000002ae000 source_type=6 class=executable-and-modules allocator=ineligible reservation=none
GAXERA: MEMMAP_REGION index=14 start=0x000000001923d000 end=0x0000000019677000 len=0x000000000043a000 source_type=6 class=executable-and-modules allocator=ineligible reservation=none
GAXERA: MEMMAP_REGION index=15 start=0x0000000019677000 end=0x00000000197f5000 len=0x000000000017e000 source_type=6 class=executable-and-modules allocator=ineligible reservation=none
GAXERA: MEMMAP_REGION index=16 start=0x00000000197f5000 end=0x000000001a66c000 len=0x0000000000e77000 source_type=5 class=bootloader-reclaimable allocator=ineligible reservation=none
GAXERA: MEMMAP_REGION index=17 start=0x000000001a66c000 end=0x000000001bf6c000 len=0x0000000001900000 source_type=0 class=usable allocator=eligible reservation=none
GAXERA: MEMMAP_REGION index=18 start=0x000000001bf6c000 end=0x000000001bfaa000 len=0x000000000003e000 source_type=5 class=bootloader-reclaimable allocator=ineligible reservation=none
GAXERA: MEMMAP_REGION index=19 start=0x000000001bfaa000 end=0x000000001bfab000 len=0x0000000000001000 source_type=6 class=executable-and-modules allocator=ineligible reservation=none
GAXERA: MEMMAP_REGION index=20 start=0x000000001bfab000 end=0x000000001bfaf000 len=0x0000000000004000 source_type=5 class=bootloader-reclaimable allocator=ineligible reservation=none
GAXERA: MEMMAP_REGION index=21 start=0x000000001bfaf000 end=0x000000001e6a0000 len=0x00000000026f1000 source_type=0 class=usable allocator=eligible reservation=none
GAXERA: MEMMAP_REGION index=22 start=0x000000001e6a0000 end=0x000000001ed3f000 len=0x000000000069f000 source_type=5 class=bootloader-reclaimable allocator=ineligible reservation=none
GAXERA: MEMMAP_REGION index=23 start=0x000000001ed3f000 end=0x000000001ee00000 len=0x00000000000c1000 source_type=8 class=mapped-reserved allocator=ineligible reservation=none
GAXERA: MEMMAP_REGION index=24 start=0x000000001ee00000 end=0x000000001f8ed000 len=0x0000000000aed000 source_type=5 class=bootloader-reclaimable allocator=ineligible reservation=none
GAXERA: MEMMAP_REGION index=25 start=0x000000001f8ed000 end=0x000000001faed000 len=0x0000000000200000 source_type=8 class=mapped-reserved allocator=ineligible reservation=none
GAXERA: MEMMAP_REGION index=26 start=0x000000001faed000 end=0x000000001fb6d000 len=0x0000000000080000 source_type=1 class=reserved allocator=ineligible reservation=none
GAXERA: MEMMAP_REGION index=27 start=0x000000001fb6d000 end=0x000000001fb7f000 len=0x0000000000012000 source_type=2 class=acpi-reclaimable allocator=ineligible reservation=none
GAXERA: MEMMAP_REGION index=28 start=0x000000001fb7f000 end=0x000000001fbff000 len=0x0000000000080000 source_type=3 class=acpi-nvs allocator=ineligible reservation=none
GAXERA: MEMMAP_REGION index=29 start=0x000000001fbff000 end=0x000000001fef4000 len=0x00000000002f5000 source_type=5 class=bootloader-reclaimable allocator=ineligible reservation=none
GAXERA: MEMMAP_REGION index=30 start=0x000000001fef4000 end=0x000000001ff78000 len=0x0000000000084000 source_type=8 class=mapped-reserved allocator=ineligible reservation=none
GAXERA: MEMMAP_REGION index=31 start=0x000000001ff78000 end=0x0000000020000000 len=0x0000000000088000 source_type=3 class=acpi-nvs allocator=ineligible reservation=none
GAXERA: MEMMAP_REGION index=32 start=0x0000000080000000 end=0x00000000803e8000 len=0x00000000003e8000 source_type=7 class=framebuffer allocator=ineligible reservation=none
GAXERA: MEMMAP_REGION index=33 start=0x000000fd00000000 end=0x0000010000000000 len=0x0000000300000000 source_type=1 class=reserved allocator=ineligible reservation=none
GAXERA: MEMMAP_END
GAXERA: BOOTSTRAP_FRAME_ALLOCATOR_READY ranges=8
GAXERA: PAGING_HHDM_MAPPED
GAXERA: PAGING_TEXT_MAPPED
GAXERA: PAGING_FRAMEBUFFER_MAPPED
GAXERA: PAGE_TABLES_READY root=0x0000000000000000 reservations=3
GAXERA: CR3_GAXERA_OWNED
GAXERA: PHYSICAL_FRAME_ALLOCATOR_READY frames=113902 bitmap_words=1780
GAXERA: MEMORY_FOUNDATION_OK heap=0xfffffe8000001000 size=2097152 lower_guard=0xfffffe8000000000
GAXERA: KERNEL_ENTRY_OK
GAXERA: FRAMEBUFFER_OK (1280x800, pitch: 5120)
GAXERA: TEST_PATTERN_DRAWN
GAXERA: ACPI_MADT_READY local_apic_phys=0x00000000fee00000 override=false
GAXERA: ACPI_TEMPORARY_WINDOW_RELEASED
GAXERA: LOCAL_APIC_READY phys=0x00000000fee00000 vector=0xe0
GAXERA: IOAPIC_READY phys=0x00000000fec00000 gsi_base=0
GAXERA: PREEMPTION_TIMER_READY ticks_per_ms=62899
GAXERA: STARTING_PREEMPTION_TEST
GAXERA: PREEMPTION_OK
Guest-confirmed QEMU test passed.

--- Frame Recycling Test ---
=== Building Gaxera Kernel ISO ===
     Removed 314 files, 130.0MiB total
Compiling kernel binary...
   Compiling kernel v0.1.0 (/home/nyx/gaxera/kernel)
    Finished `dev` profile [unoptimized + debuginfo] target(s) in 2.56s
Compiling guest binary (init)...
    Finished `dev` profile [unoptimized + debuginfo] target(s) in 0.03s
Assembling ISO directory structure...
Compiling ramfs binary...
    Finished `dev` profile [unoptimized + debuginfo] target(s) in 0.03s
Compiling script_session binary...
    Finished `dev` profile [unoptimized + debuginfo] target(s) in 0.03s
Packaging GaxFS ramfs.img...
Packaging bootable ISO image via xorriso...
xorriso 1.5.6 : RockRidge filesystem manipulator, libburnia project.

Drive current: -outdev 'stdio:target/gaxera.iso'
Media current: stdio file, overwriteable
Media status : is blank
Media summary: 0 sessions, 0 data blocks, 0 data,  944g free
Added to ISO image: directory '/'='/home/nyx/gaxera/target/iso_root'
xorriso : UPDATE :      16 files added in 1 seconds
xorriso : UPDATE :      16 files added in 1 seconds
ISO image produced: 14533 sectors
Written to medium : 14533 sectors at LBA 0
Writing to 'stdio:target/gaxera.iso' completed successfully.

Installing bootloader record sector...
Physical block size of 512 bytes.
Installing to GPT. Logical block size of 512 bytes.
Secondary header at LBA 0xe313.
Secondary header valid.
Detected ISOHYBRID with a GUID partition table (GPT).
Converting to MBR for improved compatibility...
Conversion successful.
No active partition found, some systems may not boot.
Setting partition 1 as active to work around the issue...
Installing to MBR.
Stage 2 to be located at byte offset 0x200.
Reminder: Remember to copy the limine-bios.sys file in either
          the root, /boot, /limine, or /boot/limine directories of
          one of the partitions on the device, or boot will fail!
Limine BIOS stages installed successfully.
Gaxera packaging successfully compiled to target/gaxera.iso!
=== Launching QEMU Virtual Machine ===
OVMF UEFI firmware detected. Booting in UEFI mode.
Headless mode selected.
[2J[001;001H[=3h[2J[001;001H[2J[001;001H[8;056;240t[2J[001;001H[2J[001;001H[=3h[2J[001;001H[2J[001;001H[8;042;160t[2J[001;001HBdsDxe: loading Boot0002 "UEFI QEMU DVD-ROM QM00003 " from PciRoot(0x0)/Pci(0x1,0x1)/Ata(Secondary,Master,0x0)
BdsDxe: starting Boot0002 "UEFI QEMU DVD-ROM QM00003 " from PciRoot(0x0)/Pci(0x1,0x1)/Ata(Secondary,Master,0x0)
[001;001H[001;001H[001;001Hl[001;002Hi[001;003Hm[001;004Hi[001;005Hn[001;006He[001;007H:[001;008H [001;009HL[001;010Ho[001;011Ha[001;012Hd[001;013Hi[001;014Hn[001;015Hg[001;016H [001;017He[001;018Hx[001;019He[001;020Hc[001;021Hu[001;022Ht[001;023Ha[001;024Hb[001;025Hl[001;026He[001;027H [001;028H`[001;029Hb[001;030Ho[001;031Ho[001;032Ht[001;033H([001;034H)[001;035H:[001;036H/[001;037Hb[001;038Ho[001;039Ho[001;040Ht[001;041H/[001;042Hg[001;043Ha[001;044Hx[001;045He[001;046Hr[001;047Ha[001;048H.[001;049He[001;050Hl[001;051Hf[001;052H`[001;053H.[001;054H.[001;055H.[001;056H[001;001H[002;001Hl[002;002Hi[002;003Hm[002;004Hi[002;005Hn[002;006He[002;007H:[002;008H [002;009HL[002;010Ho[002;011Ha[002;012Hd[002;013Hi[002;014Hn[002;015Hg[002;016H [002;017Hm[002;018Ho[002;019Hd[002;020Hu[002;021Hl[002;022He[002;023H [002;024H`[002;025Hb[002;026Ho[002;027Ho[002;028Ht[002;029H([002;030H)[002;031H:[002;032H/[002;033Hb[002;034Ho[002;035Ho[002;036Ht[002;037H/[002;038Hi[002;039Hn[002;040Hi[002;041Ht[002;042H.[002;043He[002;044Hl[002;045Hf[002;046H`[002;047H.[002;048H.[002;049H.[002;050H[002;001H[003;001Hl[003;002Hi[003;003Hm[003;004Hi[003;005Hn[003;006He[003;007H:[003;008H [003;009HL[003;010Ho[003;011Ha[003;012Hd[003;013Hi[003;014Hn[003;015Hg[003;016H [003;017Hm[003;018Ho[003;019Hd[003;020Hu[003;021Hl[003;022He[003;023H [003;024H`[003;025Hb[003;026Ho[003;027Ho[003;028Ht[003;029H([003;030H)[003;031H:[003;032H/[003;033Hb[003;034Ho[003;035Ho[003;036Ht[003;037H/[003;038Hr[003;039Ha[003;040Hm[003;041Hf[003;042Hs[003;043H.[003;044He[003;045Hl[003;046Hf[003;047H`[003;048H.[003;049H.[003;050H.[003;051H[003;001H[004;001Hl[004;002Hi[004;003Hm[004;004Hi[004;005Hn[004;006He[004;007H:[004;008H [004;009HL[004;010Ho[004;011Ha[004;012Hd[004;013Hi[004;014Hn[004;015Hg[004;016H [004;017Hm[004;018Ho[004;019Hd[004;020Hu[004;021Hl[004;022He[004;023H [004;024H`[004;025Hb[004;026Ho[004;027Ho[004;028Ht[004;029H([004;030H)[004;031H:[004;032H/[004;033Hb[004;034Ho[004;035Ho[004;036Ht[004;037H/[004;038Hs[004;039Hc[004;040Hr[004;041Hi[004;042Hp[004;043Ht[004;044H_[004;045Hs[004;046He[004;047Hs[004;048Hs[004;049Hi[004;050Ho[004;051Hn[004;052H.[004;053He[004;054Hl[004;055Hf[004;056H`[004;057H.[004;058H.[004;059H.[004;060H[004;001H[005;001Hl[005;002Hi[005;003Hm[005;004Hi[005;005Hn[005;006He[005;007H:[005;008H [005;009HL[005;010Ho[005;011Ha[005;012Hd[005;013Hi[005;014Hn[005;015Hg[005;016H [005;017Hm[005;018Ho[005;019Hd[005;020Hu[005;021Hl[005;022He[005;023H [005;024H`[005;025Hb[005;026Ho[005;027Ho[005;028Ht[005;029H([005;030H)[005;031H:[005;032H/[005;033Hb[005;034Ho[005;035Ho[005;036Ht[005;037H/[005;038Hr[005;039Ha[005;040Hm[005;041Hf[005;042Hs[005;043H.[005;044Hi[005;045Hm[005;046Hg[005;047H`[005;048H.[005;049H.[005;050H.[005;051H[005;001H[006;001HGAXERA: BOOT_STACK_READY
GAXERA: DESCRIPTORS_AND_IDT_READY
GAXERA: BOOT_CONTEXT_READY kernel_phys=0x0000000019679000 kernel_virt=0xffffffff80000000 rsdp_phys=0x000000001fb7e014
GAXERA: MEMMAP_BEGIN count=34
GAXERA: MEMMAP_REGION index=0 start=0x0000000000000000 end=0x0000000000087000 len=0x0000000000087000 source_type=0 class=usable allocator=eligible reservation=none
GAXERA: MEMMAP_REGION index=1 start=0x0000000000087000 end=0x0000000000088000 len=0x0000000000001000 source_type=5 class=bootloader-reclaimable allocator=ineligible reservation=none
GAXERA: MEMMAP_REGION index=2 start=0x0000000000088000 end=0x00000000000a0000 len=0x0000000000018000 source_type=0 class=usable allocator=eligible reservation=none
GAXERA: MEMMAP_REGION index=3 start=0x0000000000100000 end=0x0000000000800000 len=0x0000000000700000 source_type=0 class=usable allocator=eligible reservation=none
GAXERA: MEMMAP_REGION index=4 start=0x0000000000800000 end=0x0000000000808000 len=0x0000000000008000 source_type=3 class=acpi-nvs allocator=ineligible reservation=none
GAXERA: MEMMAP_REGION index=5 start=0x0000000000808000 end=0x000000000080b000 len=0x0000000000003000 source_type=0 class=usable allocator=eligible reservation=none
GAXERA: MEMMAP_REGION index=6 start=0x000000000080b000 end=0x000000000080c000 len=0x0000000000001000 source_type=3 class=acpi-nvs allocator=ineligible reservation=none
GAXERA: MEMMAP_REGION index=7 start=0x000000000080c000 end=0x0000000000814000 len=0x0000000000008000 source_type=0 class=usable allocator=eligible reservation=none
GAXERA: MEMMAP_REGION index=8 start=0x0000000000814000 end=0x0000000000900000 len=0x00000000000ec000 source_type=3 class=acpi-nvs allocator=ineligible reservation=none
GAXERA: MEMMAP_REGION index=9 start=0x0000000000900000 end=0x0000000001780000 len=0x0000000000e80000 source_type=5 class=bootloader-reclaimable allocator=ineligible reservation=none
GAXERA: MEMMAP_REGION index=10 start=0x0000000001780000 end=0x0000000018cd5000 len=0x0000000017555000 source_type=0 class=usable allocator=eligible reservation=none
GAXERA: MEMMAP_REGION index=11 start=0x0000000018cd5000 end=0x0000000018ce2000 len=0x000000000000d000 source_type=5 class=bootloader-reclaimable allocator=ineligible reservation=none
GAXERA: MEMMAP_REGION index=12 start=0x0000000018ce2000 end=0x0000000018f91000 len=0x00000000002af000 source_type=6 class=executable-and-modules allocator=ineligible reservation=none
GAXERA: MEMMAP_REGION index=13 start=0x0000000018f91000 end=0x000000001923f000 len=0x00000000002ae000 source_type=6 class=executable-and-modules allocator=ineligible reservation=none
GAXERA: MEMMAP_REGION index=14 start=0x000000001923f000 end=0x0000000019679000 len=0x000000000043a000 source_type=6 class=executable-and-modules allocator=ineligible reservation=none
GAXERA: MEMMAP_REGION index=15 start=0x0000000019679000 end=0x00000000197f5000 len=0x000000000017c000 source_type=6 class=executable-and-modules allocator=ineligible reservation=none
GAXERA: MEMMAP_REGION index=16 start=0x00000000197f5000 end=0x000000001a66c000 len=0x0000000000e77000 source_type=5 class=bootloader-reclaimable allocator=ineligible reservation=none
GAXERA: MEMMAP_REGION index=17 start=0x000000001a66c000 end=0x000000001bf6c000 len=0x0000000001900000 source_type=0 class=usable allocator=eligible reservation=none
GAXERA: MEMMAP_REGION index=18 start=0x000000001bf6c000 end=0x000000001bfaa000 len=0x000000000003e000 source_type=5 class=bootloader-reclaimable allocator=ineligible reservation=none
GAXERA: MEMMAP_REGION index=19 start=0x000000001bfaa000 end=0x000000001bfab000 len=0x0000000000001000 source_type=6 class=executable-and-modules allocator=ineligible reservation=none
GAXERA: MEMMAP_REGION index=20 start=0x000000001bfab000 end=0x000000001bfaf000 len=0x0000000000004000 source_type=5 class=bootloader-reclaimable allocator=ineligible reservation=none
GAXERA: MEMMAP_REGION index=21 start=0x000000001bfaf000 end=0x000000001e6a0000 len=0x00000000026f1000 source_type=0 class=usable allocator=eligible reservation=none
GAXERA: MEMMAP_REGION index=22 start=0x000000001e6a0000 end=0x000000001ed3f000 len=0x000000000069f000 source_type=5 class=bootloader-reclaimable allocator=ineligible reservation=none
GAXERA: MEMMAP_REGION index=23 start=0x000000001ed3f000 end=0x000000001ee00000 len=0x00000000000c1000 source_type=8 class=mapped-reserved allocator=ineligible reservation=none
GAXERA: MEMMAP_REGION index=24 start=0x000000001ee00000 end=0x000000001f8ed000 len=0x0000000000aed000 source_type=5 class=bootloader-reclaimable allocator=ineligible reservation=none
GAXERA: MEMMAP_REGION index=25 start=0x000000001f8ed000 end=0x000000001faed000 len=0x0000000000200000 source_type=8 class=mapped-reserved allocator=ineligible reservation=none
GAXERA: MEMMAP_REGION index=26 start=0x000000001faed000 end=0x000000001fb6d000 len=0x0000000000080000 source_type=1 class=reserved allocator=ineligible reservation=none
GAXERA: MEMMAP_REGION index=27 start=0x000000001fb6d000 end=0x000000001fb7f000 len=0x0000000000012000 source_type=2 class=acpi-reclaimable allocator=ineligible reservation=none
GAXERA: MEMMAP_REGION index=28 start=0x000000001fb7f000 end=0x000000001fbff000 len=0x0000000000080000 source_type=3 class=acpi-nvs allocator=ineligible reservation=none
GAXERA: MEMMAP_REGION index=29 start=0x000000001fbff000 end=0x000000001fef4000 len=0x00000000002f5000 source_type=5 class=bootloader-reclaimable allocator=ineligible reservation=none
GAXERA: MEMMAP_REGION index=30 start=0x000000001fef4000 end=0x000000001ff78000 len=0x0000000000084000 source_type=8 class=mapped-reserved allocator=ineligible reservation=none
GAXERA: MEMMAP_REGION index=31 start=0x000000001ff78000 end=0x0000000020000000 len=0x0000000000088000 source_type=3 class=acpi-nvs allocator=ineligible reservation=none
GAXERA: MEMMAP_REGION index=32 start=0x0000000080000000 end=0x00000000803e8000 len=0x00000000003e8000 source_type=7 class=framebuffer allocator=ineligible reservation=none
GAXERA: MEMMAP_REGION index=33 start=0x000000fd00000000 end=0x0000010000000000 len=0x0000000300000000 source_type=1 class=reserved allocator=ineligible reservation=none
GAXERA: MEMMAP_END
GAXERA: BOOTSTRAP_FRAME_ALLOCATOR_READY ranges=8
GAXERA: PAGING_HHDM_MAPPED
GAXERA: PAGING_TEXT_MAPPED
GAXERA: PAGING_FRAMEBUFFER_MAPPED
GAXERA: PAGE_TABLES_READY root=0x0000000000000000 reservations=3
GAXERA: CR3_GAXERA_OWNED
GAXERA: PHYSICAL_FRAME_ALLOCATOR_READY frames=113904 bitmap_words=1780
GAXERA: MEMORY_FOUNDATION_OK heap=0xfffffe8000001000 size=2097152 lower_guard=0xfffffe8000000000
GAXERA: KERNEL_ENTRY_OK
GAXERA: FRAMEBUFFER_OK (1280x800, pitch: 5120)
GAXERA: TEST_PATTERN_DRAWN
GAXERA: ACPI_MADT_READY local_apic_phys=0x00000000fee00000 override=false
GAXERA: ACPI_TEMPORARY_WINDOW_RELEASED
GAXERA: LOCAL_APIC_READY phys=0x00000000fee00000 vector=0xe0
GAXERA: IOAPIC_READY phys=0x00000000fec00000 gsi_base=0
GAXERA: PREEMPTION_TIMER_READY ticks_per_ms=62906
GAXERA: FRAME_RECYCLING_TEST_START
GAXERA: FRAME_RECYCLING_OK
Guest-confirmed QEMU test passed.

--- Slab Allocation Test ---
=== Building Gaxera Kernel ISO ===
     Removed 321 files, 130.4MiB total
Compiling kernel binary...
   Compiling kernel v0.1.0 (/home/nyx/gaxera/kernel)
    Finished `dev` profile [unoptimized + debuginfo] target(s) in 2.65s
Compiling guest binary (init)...
    Finished `dev` profile [unoptimized + debuginfo] target(s) in 0.03s
Assembling ISO directory structure...
Compiling ramfs binary...
    Finished `dev` profile [unoptimized + debuginfo] target(s) in 0.03s
Compiling script_session binary...
    Finished `dev` profile [unoptimized + debuginfo] target(s) in 0.03s
Packaging GaxFS ramfs.img...
Packaging bootable ISO image via xorriso...
xorriso 1.5.6 : RockRidge filesystem manipulator, libburnia project.

Drive current: -outdev 'stdio:target/gaxera.iso'
Media current: stdio file, overwriteable
Media status : is blank
Media summary: 0 sessions, 0 data blocks, 0 data,  944g free
Added to ISO image: directory '/'='/home/nyx/gaxera/target/iso_root'
xorriso : UPDATE :      16 files added in 1 seconds
xorriso : UPDATE :      16 files added in 1 seconds
ISO image produced: 14592 sectors
Written to medium : 14592 sectors at LBA 0
Writing to 'stdio:target/gaxera.iso' completed successfully.

Installing bootloader record sector...
Physical block size of 512 bytes.
Installing to GPT. Logical block size of 512 bytes.
Secondary header at LBA 0xe3ff.
Secondary header valid.
Detected ISOHYBRID with a GUID partition table (GPT).
Converting to MBR for improved compatibility...
Conversion successful.
No active partition found, some systems may not boot.
Setting partition 1 as active to work around the issue...
Installing to MBR.
Stage 2 to be located at byte offset 0x200.
Reminder: Remember to copy the limine-bios.sys file in either
          the root, /boot, /limine, or /boot/limine directories of
          one of the partitions on the device, or boot will fail!
Limine BIOS stages installed successfully.
Gaxera packaging successfully compiled to target/gaxera.iso!
=== Launching QEMU Virtual Machine ===
OVMF UEFI firmware detected. Booting in UEFI mode.
Headless mode selected.
[2J[001;001H[=3h[2J[001;001H[2J[001;001H[8;056;240t[2J[001;001H[2J[001;001H[=3h[2J[001;001H[2J[001;001H[8;042;160t[2J[001;001HBdsDxe: loading Boot0002 "UEFI QEMU DVD-ROM QM00003 " from PciRoot(0x0)/Pci(0x1,0x1)/Ata(Secondary,Master,0x0)
BdsDxe: starting Boot0002 "UEFI QEMU DVD-ROM QM00003 " from PciRoot(0x0)/Pci(0x1,0x1)/Ata(Secondary,Master,0x0)
[001;001H[001;001H[001;001Hl[001;002Hi[001;003Hm[001;004Hi[001;005Hn[001;006He[001;007H:[001;008H [001;009HL[001;010Ho[001;011Ha[001;012Hd[001;013Hi[001;014Hn[001;015Hg[001;016H [001;017He[001;018Hx[001;019He[001;020Hc[001;021Hu[001;022Ht[001;023Ha[001;024Hb[001;025Hl[001;026He[001;027H [001;028H`[001;029Hb[001;030Ho[001;031Ho[001;032Ht[001;033H([001;034H)[001;035H:[001;036H/[001;037Hb[001;038Ho[001;039Ho[001;040Ht[001;041H/[001;042Hg[001;043Ha[001;044Hx[001;045He[001;046Hr[001;047Ha[001;048H.[001;049He[001;050Hl[001;051Hf[001;052H`[001;053H.[001;054H.[001;055H.[001;056H[001;001H[002;001Hl[002;002Hi[002;003Hm[002;004Hi[002;005Hn[002;006He[002;007H:[002;008H [002;009HL[002;010Ho[002;011Ha[002;012Hd[002;013Hi[002;014Hn[002;015Hg[002;016H [002;017Hm[002;018Ho[002;019Hd[002;020Hu[002;021Hl[002;022He[002;023H [002;024H`[002;025Hb[002;026Ho[002;027Ho[002;028Ht[002;029H([002;030H)[002;031H:[002;032H/[002;033Hb[002;034Ho[002;035Ho[002;036Ht[002;037H/[002;038Hi[002;039Hn[002;040Hi[002;041Ht[002;042H.[002;043He[002;044Hl[002;045Hf[002;046H`[002;047H.[002;048H.[002;049H.[002;050H[002;001H[003;001Hl[003;002Hi[003;003Hm[003;004Hi[003;005Hn[003;006He[003;007H:[003;008H [003;009HL[003;010Ho[003;011Ha[003;012Hd[003;013Hi[003;014Hn[003;015Hg[003;016H [003;017Hm[003;018Ho[003;019Hd[003;020Hu[003;021Hl[003;022He[003;023H [003;024H`[003;025Hb[003;026Ho[003;027Ho[003;028Ht[003;029H([003;030H)[003;031H:[003;032H/[003;033Hb[003;034Ho[003;035Ho[003;036Ht[003;037H/[003;038Hr[003;039Ha[003;040Hm[003;041Hf[003;042Hs[003;043H.[003;044He[003;045Hl[003;046Hf[003;047H`[003;048H.[003;049H.[003;050H.[003;051H[003;001H[004;001Hl[004;002Hi[004;003Hm[004;004Hi[004;005Hn[004;006He[004;007H:[004;008H [004;009HL[004;010Ho[004;011Ha[004;012Hd[004;013Hi[004;014Hn[004;015Hg[004;016H [004;017Hm[004;018Ho[004;019Hd[004;020Hu[004;021Hl[004;022He[004;023H [004;024H`[004;025Hb[004;026Ho[004;027Ho[004;028Ht[004;029H([004;030H)[004;031H:[004;032H/[004;033Hb[004;034Ho[004;035Ho[004;036Ht[004;037H/[004;038Hs[004;039Hc[004;040Hr[004;041Hi[004;042Hp[004;043Ht[004;044H_[004;045Hs[004;046He[004;047Hs[004;048Hs[004;049Hi[004;050Ho[004;051Hn[004;052H.[004;053He[004;054Hl[004;055Hf[004;056H`[004;057H.[004;058H.[004;059H.[004;060H[004;001H[005;001Hl[005;002Hi[005;003Hm[005;004Hi[005;005Hn[005;006He[005;007H:[005;008H [005;009HL[005;010Ho[005;011Ha[005;012Hd[005;013Hi[005;014Hn[005;015Hg[005;016H [005;017Hm[005;018Ho[005;019Hd[005;020Hu[005;021Hl[005;022He[005;023H [005;024H`[005;025Hb[005;026Ho[005;027Ho[005;028Ht[005;029H([005;030H)[005;031H:[005;032H/[005;033Hb[005;034Ho[005;035Ho[005;036Ht[005;037H/[005;038Hr[005;039Ha[005;040Hm[005;041Hf[005;042Hs[005;043H.[005;044Hi[005;045Hm[005;046Hg[005;047H`[005;048H.[005;049H.[005;050H.[005;051H[005;001H[006;001HGAXERA: BOOT_STACK_READY
GAXERA: DESCRIPTORS_AND_IDT_READY
GAXERA: BOOT_CONTEXT_READY kernel_phys=0x0000000019659000 kernel_virt=0xffffffff80000000 rsdp_phys=0x000000001fb7e014
GAXERA: MEMMAP_BEGIN count=34
GAXERA: MEMMAP_REGION index=0 start=0x0000000000000000 end=0x0000000000087000 len=0x0000000000087000 source_type=0 class=usable allocator=eligible reservation=none
GAXERA: MEMMAP_REGION index=1 start=0x0000000000087000 end=0x0000000000088000 len=0x0000000000001000 source_type=5 class=bootloader-reclaimable allocator=ineligible reservation=none
GAXERA: MEMMAP_REGION index=2 start=0x0000000000088000 end=0x00000000000a0000 len=0x0000000000018000 source_type=0 class=usable allocator=eligible reservation=none
GAXERA: MEMMAP_REGION index=3 start=0x0000000000100000 end=0x0000000000800000 len=0x0000000000700000 source_type=0 class=usable allocator=eligible reservation=none
GAXERA: MEMMAP_REGION index=4 start=0x0000000000800000 end=0x0000000000808000 len=0x0000000000008000 source_type=3 class=acpi-nvs allocator=ineligible reservation=none
GAXERA: MEMMAP_REGION index=5 start=0x0000000000808000 end=0x000000000080b000 len=0x0000000000003000 source_type=0 class=usable allocator=eligible reservation=none
GAXERA: MEMMAP_REGION index=6 start=0x000000000080b000 end=0x000000000080c000 len=0x0000000000001000 source_type=3 class=acpi-nvs allocator=ineligible reservation=none
GAXERA: MEMMAP_REGION index=7 start=0x000000000080c000 end=0x0000000000814000 len=0x0000000000008000 source_type=0 class=usable allocator=eligible reservation=none
GAXERA: MEMMAP_REGION index=8 start=0x0000000000814000 end=0x0000000000900000 len=0x00000000000ec000 source_type=3 class=acpi-nvs allocator=ineligible reservation=none
GAXERA: MEMMAP_REGION index=9 start=0x0000000000900000 end=0x0000000001780000 len=0x0000000000e80000 source_type=5 class=bootloader-reclaimable allocator=ineligible reservation=none
GAXERA: MEMMAP_REGION index=10 start=0x0000000001780000 end=0x0000000018cb5000 len=0x0000000017535000 source_type=0 class=usable allocator=eligible reservation=none
GAXERA: MEMMAP_REGION index=11 start=0x0000000018cb5000 end=0x0000000018cc2000 len=0x000000000000d000 source_type=5 class=bootloader-reclaimable allocator=ineligible reservation=none
GAXERA: MEMMAP_REGION index=12 start=0x0000000018cc2000 end=0x0000000018f71000 len=0x00000000002af000 source_type=6 class=executable-and-modules allocator=ineligible reservation=none
GAXERA: MEMMAP_REGION index=13 start=0x0000000018f71000 end=0x000000001921f000 len=0x00000000002ae000 source_type=6 class=executable-and-modules allocator=ineligible reservation=none
GAXERA: MEMMAP_REGION index=14 start=0x000000001921f000 end=0x0000000019659000 len=0x000000000043a000 source_type=6 class=executable-and-modules allocator=ineligible reservation=none
GAXERA: MEMMAP_REGION index=15 start=0x0000000019659000 end=0x00000000197d8000 len=0x000000000017f000 source_type=6 class=executable-and-modules allocator=ineligible reservation=none
GAXERA: MEMMAP_REGION index=16 start=0x00000000197d8000 end=0x000000001a66c000 len=0x0000000000e94000 source_type=5 class=bootloader-reclaimable allocator=ineligible reservation=none
GAXERA: MEMMAP_REGION index=17 start=0x000000001a66c000 end=0x000000001bf6c000 len=0x0000000001900000 source_type=0 class=usable allocator=eligible reservation=none
GAXERA: MEMMAP_REGION index=18 start=0x000000001bf6c000 end=0x000000001bfaa000 len=0x000000000003e000 source_type=5 class=bootloader-reclaimable allocator=ineligible reservation=none
GAXERA: MEMMAP_REGION index=19 start=0x000000001bfaa000 end=0x000000001bfab000 len=0x0000000000001000 source_type=6 class=executable-and-modules allocator=ineligible reservation=none
GAXERA: MEMMAP_REGION index=20 start=0x000000001bfab000 end=0x000000001bfaf000 len=0x0000000000004000 source_type=5 class=bootloader-reclaimable allocator=ineligible reservation=none
GAXERA: MEMMAP_REGION index=21 start=0x000000001bfaf000 end=0x000000001e6a0000 len=0x00000000026f1000 source_type=0 class=usable allocator=eligible reservation=none
GAXERA: MEMMAP_REGION index=22 start=0x000000001e6a0000 end=0x000000001ed3f000 len=0x000000000069f000 source_type=5 class=bootloader-reclaimable allocator=ineligible reservation=none
GAXERA: MEMMAP_REGION index=23 start=0x000000001ed3f000 end=0x000000001ee00000 len=0x00000000000c1000 source_type=8 class=mapped-reserved allocator=ineligible reservation=none
GAXERA: MEMMAP_REGION index=24 start=0x000000001ee00000 end=0x000000001f8ed000 len=0x0000000000aed000 source_type=5 class=bootloader-reclaimable allocator=ineligible reservation=none
GAXERA: MEMMAP_REGION index=25 start=0x000000001f8ed000 end=0x000000001faed000 len=0x0000000000200000 source_type=8 class=mapped-reserved allocator=ineligible reservation=none
GAXERA: MEMMAP_REGION index=26 start=0x000000001faed000 end=0x000000001fb6d000 len=0x0000000000080000 source_type=1 class=reserved allocator=ineligible reservation=none
GAXERA: MEMMAP_REGION index=27 start=0x000000001fb6d000 end=0x000000001fb7f000 len=0x0000000000012000 source_type=2 class=acpi-reclaimable allocator=ineligible reservation=none
GAXERA: MEMMAP_REGION index=28 start=0x000000001fb7f000 end=0x000000001fbff000 len=0x0000000000080000 source_type=3 class=acpi-nvs allocator=ineligible reservation=none
GAXERA: MEMMAP_REGION index=29 start=0x000000001fbff000 end=0x000000001fef4000 len=0x00000000002f5000 source_type=5 class=bootloader-reclaimable allocator=ineligible reservation=none
GAXERA: MEMMAP_REGION index=30 start=0x000000001fef4000 end=0x000000001ff78000 len=0x0000000000084000 source_type=8 class=mapped-reserved allocator=ineligible reservation=none
GAXERA: MEMMAP_REGION index=31 start=0x000000001ff78000 end=0x0000000020000000 len=0x0000000000088000 source_type=3 class=acpi-nvs allocator=ineligible reservation=none
GAXERA: MEMMAP_REGION index=32 start=0x0000000080000000 end=0x00000000803e8000 len=0x00000000003e8000 source_type=7 class=framebuffer allocator=ineligible reservation=none
GAXERA: MEMMAP_REGION index=33 start=0x000000fd00000000 end=0x0000010000000000 len=0x0000000300000000 source_type=1 class=reserved allocator=ineligible reservation=none
GAXERA: MEMMAP_END
GAXERA: BOOTSTRAP_FRAME_ALLOCATOR_READY ranges=8
GAXERA: PAGING_HHDM_MAPPED
GAXERA: PAGING_TEXT_MAPPED
GAXERA: PAGING_FRAMEBUFFER_MAPPED
GAXERA: PAGE_TABLES_READY root=0x0000000000000000 reservations=3
GAXERA: CR3_GAXERA_OWNED
GAXERA: PHYSICAL_FRAME_ALLOCATOR_READY frames=113872 bitmap_words=1780
GAXERA: MEMORY_FOUNDATION_OK heap=0xfffffe8000001000 size=2097152 lower_guard=0xfffffe8000000000
GAXERA: KERNEL_ENTRY_OK
GAXERA: FRAMEBUFFER_OK (1280x800, pitch: 5120)
GAXERA: TEST_PATTERN_DRAWN
GAXERA: ACPI_MADT_READY local_apic_phys=0x00000000fee00000 override=false
GAXERA: ACPI_TEMPORARY_WINDOW_RELEASED
GAXERA: LOCAL_APIC_READY phys=0x00000000fee00000 vector=0xe0
GAXERA: IOAPIC_READY phys=0x00000000fec00000 gsi_base=0
GAXERA: PREEMPTION_TIMER_READY ticks_per_ms=63013
GAXERA: SLAB_ALLOCATION_TEST_START
GAXERA: SLAB_PAGES_ACTIVE count=8
GAXERA: SLAB_ALLOCATION_OK
Guest-confirmed QEMU test passed.

--- Unmap Memory Test ---
=== Building Gaxera Kernel ISO ===
     Removed 332 files, 131.0MiB total
Compiling kernel binary...
   Compiling kernel v0.1.0 (/home/nyx/gaxera/kernel)
    Finished `dev` profile [unoptimized + debuginfo] target(s) in 2.52s
Compiling guest binary (init)...
    Finished `dev` profile [unoptimized + debuginfo] target(s) in 0.03s
Assembling ISO directory structure...
Compiling ramfs binary...
    Finished `dev` profile [unoptimized + debuginfo] target(s) in 0.03s
Compiling script_session binary...
    Finished `dev` profile [unoptimized + debuginfo] target(s) in 0.03s
Packaging GaxFS ramfs.img...
Packaging bootable ISO image via xorriso...
xorriso 1.5.6 : RockRidge filesystem manipulator, libburnia project.

Drive current: -outdev 'stdio:target/gaxera.iso'
Media current: stdio file, overwriteable
Media status : is blank
Media summary: 0 sessions, 0 data blocks, 0 data,  944g free
Added to ISO image: directory '/'='/home/nyx/gaxera/target/iso_root'
xorriso : UPDATE :      16 files added in 1 seconds
xorriso : UPDATE :      16 files added in 1 seconds
ISO image produced: 14526 sectors
Written to medium : 14526 sectors at LBA 0
Writing to 'stdio:target/gaxera.iso' completed successfully.

Installing bootloader record sector...
Physical block size of 512 bytes.
Installing to GPT. Logical block size of 512 bytes.
Secondary header at LBA 0xe2f7.
Secondary header valid.
Detected ISOHYBRID with a GUID partition table (GPT).
Converting to MBR for improved compatibility...
Conversion successful.
No active partition found, some systems may not boot.
Setting partition 1 as active to work around the issue...
Installing to MBR.
Stage 2 to be located at byte offset 0x200.
Reminder: Remember to copy the limine-bios.sys file in either
          the root, /boot, /limine, or /boot/limine directories of
          one of the partitions on the device, or boot will fail!
Limine BIOS stages installed successfully.
Gaxera packaging successfully compiled to target/gaxera.iso!
=== Launching QEMU Virtual Machine ===
OVMF UEFI firmware detected. Booting in UEFI mode.
Headless mode selected.
[2J[001;001H[=3h[2J[001;001H[2J[001;001H[8;056;240t[2J[001;001H[2J[001;001H[=3h[2J[001;001H[2J[001;001H[8;042;160t[2J[001;001HBdsDxe: loading Boot0002 "UEFI QEMU DVD-ROM QM00003 " from PciRoot(0x0)/Pci(0x1,0x1)/Ata(Secondary,Master,0x0)
BdsDxe: starting Boot0002 "UEFI QEMU DVD-ROM QM00003 " from PciRoot(0x0)/Pci(0x1,0x1)/Ata(Secondary,Master,0x0)
[001;001H[001;001H[001;001Hl[001;002Hi[001;003Hm[001;004Hi[001;005Hn[001;006He[001;007H:[001;008H [001;009HL[001;010Ho[001;011Ha[001;012Hd[001;013Hi[001;014Hn[001;015Hg[001;016H [001;017He[001;018Hx[001;019He[001;020Hc[001;021Hu[001;022Ht[001;023Ha[001;024Hb[001;025Hl[001;026He[001;027H [001;028H`[001;029Hb[001;030Ho[001;031Ho[001;032Ht[001;033H([001;034H)[001;035H:[001;036H/[001;037Hb[001;038Ho[001;039Ho[001;040Ht[001;041H/[001;042Hg[001;043Ha[001;044Hx[001;045He[001;046Hr[001;047Ha[001;048H.[001;049He[001;050Hl[001;051Hf[001;052H`[001;053H.[001;054H.[001;055H.[001;056H[001;001H[002;001Hl[002;002Hi[002;003Hm[002;004Hi[002;005Hn[002;006He[002;007H:[002;008H [002;009HL[002;010Ho[002;011Ha[002;012Hd[002;013Hi[002;014Hn[002;015Hg[002;016H [002;017Hm[002;018Ho[002;019Hd[002;020Hu[002;021Hl[002;022He[002;023H [002;024H`[002;025Hb[002;026Ho[002;027Ho[002;028Ht[002;029H([002;030H)[002;031H:[002;032H/[002;033Hb[002;034Ho[002;035Ho[002;036Ht[002;037H/[002;038Hi[002;039Hn[002;040Hi[002;041Ht[002;042H.[002;043He[002;044Hl[002;045Hf[002;046H`[002;047H.[002;048H.[002;049H.[002;050H[002;001H[003;001Hl[003;002Hi[003;003Hm[003;004Hi[003;005Hn[003;006He[003;007H:[003;008H [003;009HL[003;010Ho[003;011Ha[003;012Hd[003;013Hi[003;014Hn[003;015Hg[003;016H [003;017Hm[003;018Ho[003;019Hd[003;020Hu[003;021Hl[003;022He[003;023H [003;024H`[003;025Hb[003;026Ho[003;027Ho[003;028Ht[003;029H([003;030H)[003;031H:[003;032H/[003;033Hb[003;034Ho[003;035Ho[003;036Ht[003;037H/[003;038Hr[003;039Ha[003;040Hm[003;041Hf[003;042Hs[003;043H.[003;044He[003;045Hl[003;046Hf[003;047H`[003;048H.[003;049H.[003;050H.[003;051H[003;001H[004;001Hl[004;002Hi[004;003Hm[004;004Hi[004;005Hn[004;006He[004;007H:[004;008H [004;009HL[004;010Ho[004;011Ha[004;012Hd[004;013Hi[004;014Hn[004;015Hg[004;016H [004;017Hm[004;018Ho[004;019Hd[004;020Hu[004;021Hl[004;022He[004;023H [004;024H`[004;025Hb[004;026Ho[004;027Ho[004;028Ht[004;029H([004;030H)[004;031H:[004;032H/[004;033Hb[004;034Ho[004;035Ho[004;036Ht[004;037H/[004;038Hs[004;039Hc[004;040Hr[004;041Hi[004;042Hp[004;043Ht[004;044H_[004;045Hs[004;046He[004;047Hs[004;048Hs[004;049Hi[004;050Ho[004;051Hn[004;052H.[004;053He[004;054Hl[004;055Hf[004;056H`[004;057H.[004;058H.[004;059H.[004;060H[004;001H[005;001Hl[005;002Hi[005;003Hm[005;004Hi[005;005Hn[005;006He[005;007H:[005;008H [005;009HL[005;010Ho[005;011Ha[005;012Hd[005;013Hi[005;014Hn[005;015Hg[005;016H [005;017Hm[005;018Ho[005;019Hd[005;020Hu[005;021Hl[005;022He[005;023H [005;024H`[005;025Hb[005;026Ho[005;027Ho[005;028Ht[005;029H([005;030H)[005;031H:[005;032H/[005;033Hb[005;034Ho[005;035Ho[005;036Ht[005;037H/[005;038Hr[005;039Ha[005;040Hm[005;041Hf[005;042Hs[005;043H.[005;044Hi[005;045Hm[005;046Hg[005;047H`[005;048H.[005;049H.[005;050H.[005;051H[005;001H[006;001HGAXERA: BOOT_STACK_READY
GAXERA: DESCRIPTORS_AND_IDT_READY
GAXERA: BOOT_CONTEXT_READY kernel_phys=0x000000001967e000 kernel_virt=0xffffffff80000000 rsdp_phys=0x000000001fb7e014
GAXERA: MEMMAP_BEGIN count=34
GAXERA: MEMMAP_REGION index=0 start=0x0000000000000000 end=0x0000000000087000 len=0x0000000000087000 source_type=0 class=usable allocator=eligible reservation=none
GAXERA: MEMMAP_REGION index=1 start=0x0000000000087000 end=0x0000000000088000 len=0x0000000000001000 source_type=5 class=bootloader-reclaimable allocator=ineligible reservation=none
GAXERA: MEMMAP_REGION index=2 start=0x0000000000088000 end=0x00000000000a0000 len=0x0000000000018000 source_type=0 class=usable allocator=eligible reservation=none
GAXERA: MEMMAP_REGION index=3 start=0x0000000000100000 end=0x0000000000800000 len=0x0000000000700000 source_type=0 class=usable allocator=eligible reservation=none
GAXERA: MEMMAP_REGION index=4 start=0x0000000000800000 end=0x0000000000808000 len=0x0000000000008000 source_type=3 class=acpi-nvs allocator=ineligible reservation=none
GAXERA: MEMMAP_REGION index=5 start=0x0000000000808000 end=0x000000000080b000 len=0x0000000000003000 source_type=0 class=usable allocator=eligible reservation=none
GAXERA: MEMMAP_REGION index=6 start=0x000000000080b000 end=0x000000000080c000 len=0x0000000000001000 source_type=3 class=acpi-nvs allocator=ineligible reservation=none
GAXERA: MEMMAP_REGION index=7 start=0x000000000080c000 end=0x0000000000814000 len=0x0000000000008000 source_type=0 class=usable allocator=eligible reservation=none
GAXERA: MEMMAP_REGION index=8 start=0x0000000000814000 end=0x0000000000900000 len=0x00000000000ec000 source_type=3 class=acpi-nvs allocator=ineligible reservation=none
GAXERA: MEMMAP_REGION index=9 start=0x0000000000900000 end=0x0000000001780000 len=0x0000000000e80000 source_type=5 class=bootloader-reclaimable allocator=ineligible reservation=none
GAXERA: MEMMAP_REGION index=10 start=0x0000000001780000 end=0x0000000018cda000 len=0x000000001755a000 source_type=0 class=usable allocator=eligible reservation=none
GAXERA: MEMMAP_REGION index=11 start=0x0000000018cda000 end=0x0000000018ce7000 len=0x000000000000d000 source_type=5 class=bootloader-reclaimable allocator=ineligible reservation=none
GAXERA: MEMMAP_REGION index=12 start=0x0000000018ce7000 end=0x0000000018f96000 len=0x00000000002af000 source_type=6 class=executable-and-modules allocator=ineligible reservation=none
GAXERA: MEMMAP_REGION index=13 start=0x0000000018f96000 end=0x0000000019244000 len=0x00000000002ae000 source_type=6 class=executable-and-modules allocator=ineligible reservation=none
GAXERA: MEMMAP_REGION index=14 start=0x0000000019244000 end=0x000000001967e000 len=0x000000000043a000 source_type=6 class=executable-and-modules allocator=ineligible reservation=none
GAXERA: MEMMAP_REGION index=15 start=0x000000001967e000 end=0x00000000197f9000 len=0x000000000017b000 source_type=6 class=executable-and-modules allocator=ineligible reservation=none
GAXERA: MEMMAP_REGION index=16 start=0x00000000197f9000 end=0x000000001a66c000 len=0x0000000000e73000 source_type=5 class=bootloader-reclaimable allocator=ineligible reservation=none
GAXERA: MEMMAP_REGION index=17 start=0x000000001a66c000 end=0x000000001bf6c000 len=0x0000000001900000 source_type=0 class=usable allocator=eligible reservation=none
GAXERA: MEMMAP_REGION index=18 start=0x000000001bf6c000 end=0x000000001bfaa000 len=0x000000000003e000 source_type=5 class=bootloader-reclaimable allocator=ineligible reservation=none
GAXERA: MEMMAP_REGION index=19 start=0x000000001bfaa000 end=0x000000001bfab000 len=0x0000000000001000 source_type=6 class=executable-and-modules allocator=ineligible reservation=none
GAXERA: MEMMAP_REGION index=20 start=0x000000001bfab000 end=0x000000001bfaf000 len=0x0000000000004000 source_type=5 class=bootloader-reclaimable allocator=ineligible reservation=none
GAXERA: MEMMAP_REGION index=21 start=0x000000001bfaf000 end=0x000000001e6a0000 len=0x00000000026f1000 source_type=0 class=usable allocator=eligible reservation=none
GAXERA: MEMMAP_REGION index=22 start=0x000000001e6a0000 end=0x000000001ed3f000 len=0x000000000069f000 source_type=5 class=bootloader-reclaimable allocator=ineligible reservation=none
GAXERA: MEMMAP_REGION index=23 start=0x000000001ed3f000 end=0x000000001ee00000 len=0x00000000000c1000 source_type=8 class=mapped-reserved allocator=ineligible reservation=none
GAXERA: MEMMAP_REGION index=24 start=0x000000001ee00000 end=0x000000001f8ed000 len=0x0000000000aed000 source_type=5 class=bootloader-reclaimable allocator=ineligible reservation=none
GAXERA: MEMMAP_REGION index=25 start=0x000000001f8ed000 end=0x000000001faed000 len=0x0000000000200000 source_type=8 class=mapped-reserved allocator=ineligible reservation=none
GAXERA: MEMMAP_REGION index=26 start=0x000000001faed000 end=0x000000001fb6d000 len=0x0000000000080000 source_type=1 class=reserved allocator=ineligible reservation=none
GAXERA: MEMMAP_REGION index=27 start=0x000000001fb6d000 end=0x000000001fb7f000 len=0x0000000000012000 source_type=2 class=acpi-reclaimable allocator=ineligible reservation=none
GAXERA: MEMMAP_REGION index=28 start=0x000000001fb7f000 end=0x000000001fbff000 len=0x0000000000080000 source_type=3 class=acpi-nvs allocator=ineligible reservation=none
GAXERA: MEMMAP_REGION index=29 start=0x000000001fbff000 end=0x000000001fef4000 len=0x00000000002f5000 source_type=5 class=bootloader-reclaimable allocator=ineligible reservation=none
GAXERA: MEMMAP_REGION index=30 start=0x000000001fef4000 end=0x000000001ff78000 len=0x0000000000084000 source_type=8 class=mapped-reserved allocator=ineligible reservation=none
GAXERA: MEMMAP_REGION index=31 start=0x000000001ff78000 end=0x0000000020000000 len=0x0000000000088000 source_type=3 class=acpi-nvs allocator=ineligible reservation=none
GAXERA: MEMMAP_REGION index=32 start=0x0000000080000000 end=0x00000000803e8000 len=0x00000000003e8000 source_type=7 class=framebuffer allocator=ineligible reservation=none
GAXERA: MEMMAP_REGION index=33 start=0x000000fd00000000 end=0x0000010000000000 len=0x0000000300000000 source_type=1 class=reserved allocator=ineligible reservation=none
GAXERA: MEMMAP_END
GAXERA: BOOTSTRAP_FRAME_ALLOCATOR_READY ranges=8
GAXERA: PAGING_HHDM_MAPPED
GAXERA: PAGING_TEXT_MAPPED
GAXERA: PAGING_FRAMEBUFFER_MAPPED
GAXERA: PAGE_TABLES_READY root=0x0000000000000000 reservations=3
GAXERA: CR3_GAXERA_OWNED
GAXERA: PHYSICAL_FRAME_ALLOCATOR_READY frames=113909 bitmap_words=1780
GAXERA: MEMORY_FOUNDATION_OK heap=0xfffffe8000001000 size=2097152 lower_guard=0xfffffe8000000000
GAXERA: KERNEL_ENTRY_OK
GAXERA: FRAMEBUFFER_OK (1280x800, pitch: 5120)
GAXERA: TEST_PATTERN_DRAWN
GAXERA: ACPI_MADT_READY local_apic_phys=0x00000000fee00000 override=false
GAXERA: ACPI_TEMPORARY_WINDOW_RELEASED
GAXERA: LOCAL_APIC_READY phys=0x00000000fee00000 vector=0xe0
GAXERA: IOAPIC_READY phys=0x00000000fec00000 gsi_base=0
GAXERA: PREEMPTION_TIMER_READY ticks_per_ms=62891
GAXERA: UNMAP_MEMORY_TEST_START
GAXERA: UNMAP_MEMORY_OK
Guest-confirmed QEMU test passed.

--- Shared Memory Test ---
=== Building Gaxera Kernel ISO ===
     Removed 316 files, 130.2MiB total
Compiling kernel binary...
   Compiling kernel v0.1.0 (/home/nyx/gaxera/kernel)
    Finished `dev` profile [unoptimized + debuginfo] target(s) in 2.56s
Compiling guest binary (init)...
    Finished `dev` profile [unoptimized + debuginfo] target(s) in 0.03s
Assembling ISO directory structure...
Compiling ramfs binary...
    Finished `dev` profile [unoptimized + debuginfo] target(s) in 0.04s
Compiling script_session binary...
    Finished `dev` profile [unoptimized + debuginfo] target(s) in 0.03s
Packaging GaxFS ramfs.img...
Packaging bootable ISO image via xorriso...
xorriso 1.5.6 : RockRidge filesystem manipulator, libburnia project.

Drive current: -outdev 'stdio:target/gaxera.iso'
Media current: stdio file, overwriteable
Media status : is blank
Media summary: 0 sessions, 0 data blocks, 0 data,  944g free
Added to ISO image: directory '/'='/home/nyx/gaxera/target/iso_root'
xorriso : UPDATE :      16 files added in 1 seconds
xorriso : UPDATE :      16 files added in 1 seconds
ISO image produced: 14528 sectors
Written to medium : 14528 sectors at LBA 0
Writing to 'stdio:target/gaxera.iso' completed successfully.

Installing bootloader record sector...
Physical block size of 512 bytes.
Installing to GPT. Logical block size of 512 bytes.
Secondary header at LBA 0xe2ff.
Secondary header valid.
Detected ISOHYBRID with a GUID partition table (GPT).
Converting to MBR for improved compatibility...
Conversion successful.
No active partition found, some systems may not boot.
Setting partition 1 as active to work around the issue...
Installing to MBR.
Stage 2 to be located at byte offset 0x200.
Reminder: Remember to copy the limine-bios.sys file in either
          the root, /boot, /limine, or /boot/limine directories of
          one of the partitions on the device, or boot will fail!
Limine BIOS stages installed successfully.
Gaxera packaging successfully compiled to target/gaxera.iso!
=== Launching QEMU Virtual Machine ===
OVMF UEFI firmware detected. Booting in UEFI mode.
Headless mode selected.
[2J[001;001H[=3h[2J[001;001H[2J[001;001H[8;056;240t[2J[001;001H[2J[001;001H[=3h[2J[001;001H[2J[001;001H[8;042;160t[2J[001;001HBdsDxe: loading Boot0002 "UEFI QEMU DVD-ROM QM00003 " from PciRoot(0x0)/Pci(0x1,0x1)/Ata(Secondary,Master,0x0)
BdsDxe: starting Boot0002 "UEFI QEMU DVD-ROM QM00003 " from PciRoot(0x0)/Pci(0x1,0x1)/Ata(Secondary,Master,0x0)
[001;001H[001;001H[001;001Hl[001;002Hi[001;003Hm[001;004Hi[001;005Hn[001;006He[001;007H:[001;008H [001;009HL[001;010Ho[001;011Ha[001;012Hd[001;013Hi[001;014Hn[001;015Hg[001;016H [001;017He[001;018Hx[001;019He[001;020Hc[001;021Hu[001;022Ht[001;023Ha[001;024Hb[001;025Hl[001;026He[001;027H [001;028H`[001;029Hb[001;030Ho[001;031Ho[001;032Ht[001;033H([001;034H)[001;035H:[001;036H/[001;037Hb[001;038Ho[001;039Ho[001;040Ht[001;041H/[001;042Hg[001;043Ha[001;044Hx[001;045He[001;046Hr[001;047Ha[001;048H.[001;049He[001;050Hl[001;051Hf[001;052H`[001;053H.[001;054H.[001;055H.[001;056H[001;001H[002;001Hl[002;002Hi[002;003Hm[002;004Hi[002;005Hn[002;006He[002;007H:[002;008H [002;009HL[002;010Ho[002;011Ha[002;012Hd[002;013Hi[002;014Hn[002;015Hg[002;016H [002;017Hm[002;018Ho[002;019Hd[002;020Hu[002;021Hl[002;022He[002;023H [002;024H`[002;025Hb[002;026Ho[002;027Ho[002;028Ht[002;029H([002;030H)[002;031H:[002;032H/[002;033Hb[002;034Ho[002;035Ho[002;036Ht[002;037H/[002;038Hi[002;039Hn[002;040Hi[002;041Ht[002;042H.[002;043He[002;044Hl[002;045Hf[002;046H`[002;047H.[002;048H.[002;049H.[002;050H[002;001H[003;001Hl[003;002Hi[003;003Hm[003;004Hi[003;005Hn[003;006He[003;007H:[003;008H [003;009HL[003;010Ho[003;011Ha[003;012Hd[003;013Hi[003;014Hn[003;015Hg[003;016H [003;017Hm[003;018Ho[003;019Hd[003;020Hu[003;021Hl[003;022He[003;023H [003;024H`[003;025Hb[003;026Ho[003;027Ho[003;028Ht[003;029H([003;030H)[003;031H:[003;032H/[003;033Hb[003;034Ho[003;035Ho[003;036Ht[003;037H/[003;038Hr[003;039Ha[003;040Hm[003;041Hf[003;042Hs[003;043H.[003;044He[003;045Hl[003;046Hf[003;047H`[003;048H.[003;049H.[003;050H.[003;051H[003;001H[004;001Hl[004;002Hi[004;003Hm[004;004Hi[004;005Hn[004;006He[004;007H:[004;008H [004;009HL[004;010Ho[004;011Ha[004;012Hd[004;013Hi[004;014Hn[004;015Hg[004;016H [004;017Hm[004;018Ho[004;019Hd[004;020Hu[004;021Hl[004;022He[004;023H [004;024H`[004;025Hb[004;026Ho[004;027Ho[004;028Ht[004;029H([004;030H)[004;031H:[004;032H/[004;033Hb[004;034Ho[004;035Ho[004;036Ht[004;037H/[004;038Hs[004;039Hc[004;040Hr[004;041Hi[004;042Hp[004;043Ht[004;044H_[004;045Hs[004;046He[004;047Hs[004;048Hs[004;049Hi[004;050Ho[004;051Hn[004;052H.[004;053He[004;054Hl[004;055Hf[004;056H`[004;057H.[004;058H.[004;059H.[004;060H[004;001H[005;001Hl[005;002Hi[005;003Hm[005;004Hi[005;005Hn[005;006He[005;007H:[005;008H [005;009HL[005;010Ho[005;011Ha[005;012Hd[005;013Hi[005;014Hn[005;015Hg[005;016H [005;017Hm[005;018Ho[005;019Hd[005;020Hu[005;021Hl[005;022He[005;023H [005;024H`[005;025Hb[005;026Ho[005;027Ho[005;028Ht[005;029H([005;030H)[005;031H:[005;032H/[005;033Hb[005;034Ho[005;035Ho[005;036Ht[005;037H/[005;038Hr[005;039Ha[005;040Hm[005;041Hf[005;042Hs[005;043H.[005;044Hi[005;045Hm[005;046Hg[005;047H`[005;048H.[005;049H.[005;050H.[005;051H[005;001H[006;001HGAXERA: BOOT_STACK_READY
GAXERA: DESCRIPTORS_AND_IDT_READY
GAXERA: BOOT_CONTEXT_READY kernel_phys=0x000000001967d000 kernel_virt=0xffffffff80000000 rsdp_phys=0x000000001fb7e014
GAXERA: MEMMAP_BEGIN count=34
GAXERA: MEMMAP_REGION index=0 start=0x0000000000000000 end=0x0000000000087000 len=0x0000000000087000 source_type=0 class=usable allocator=eligible reservation=none
GAXERA: MEMMAP_REGION index=1 start=0x0000000000087000 end=0x0000000000088000 len=0x0000000000001000 source_type=5 class=bootloader-reclaimable allocator=ineligible reservation=none
GAXERA: MEMMAP_REGION index=2 start=0x0000000000088000 end=0x00000000000a0000 len=0x0000000000018000 source_type=0 class=usable allocator=eligible reservation=none
GAXERA: MEMMAP_REGION index=3 start=0x0000000000100000 end=0x0000000000800000 len=0x0000000000700000 source_type=0 class=usable allocator=eligible reservation=none
GAXERA: MEMMAP_REGION index=4 start=0x0000000000800000 end=0x0000000000808000 len=0x0000000000008000 source_type=3 class=acpi-nvs allocator=ineligible reservation=none
GAXERA: MEMMAP_REGION index=5 start=0x0000000000808000 end=0x000000000080b000 len=0x0000000000003000 source_type=0 class=usable allocator=eligible reservation=none
GAXERA: MEMMAP_REGION index=6 start=0x000000000080b000 end=0x000000000080c000 len=0x0000000000001000 source_type=3 class=acpi-nvs allocator=ineligible reservation=none
GAXERA: MEMMAP_REGION index=7 start=0x000000000080c000 end=0x0000000000814000 len=0x0000000000008000 source_type=0 class=usable allocator=eligible reservation=none
GAXERA: MEMMAP_REGION index=8 start=0x0000000000814000 end=0x0000000000900000 len=0x00000000000ec000 source_type=3 class=acpi-nvs allocator=ineligible reservation=none
GAXERA: MEMMAP_REGION index=9 start=0x0000000000900000 end=0x0000000001780000 len=0x0000000000e80000 source_type=5 class=bootloader-reclaimable allocator=ineligible reservation=none
GAXERA: MEMMAP_REGION index=10 start=0x0000000001780000 end=0x0000000018cd9000 len=0x0000000017559000 source_type=0 class=usable allocator=eligible reservation=none
GAXERA: MEMMAP_REGION index=11 start=0x0000000018cd9000 end=0x0000000018ce6000 len=0x000000000000d000 source_type=5 class=bootloader-reclaimable allocator=ineligible reservation=none
GAXERA: MEMMAP_REGION index=12 start=0x0000000018ce6000 end=0x0000000018f95000 len=0x00000000002af000 source_type=6 class=executable-and-modules allocator=ineligible reservation=none
GAXERA: MEMMAP_REGION index=13 start=0x0000000018f95000 end=0x0000000019243000 len=0x00000000002ae000 source_type=6 class=executable-and-modules allocator=ineligible reservation=none
GAXERA: MEMMAP_REGION index=14 start=0x0000000019243000 end=0x000000001967d000 len=0x000000000043a000 source_type=6 class=executable-and-modules allocator=ineligible reservation=none
GAXERA: MEMMAP_REGION index=15 start=0x000000001967d000 end=0x00000000197f8000 len=0x000000000017b000 source_type=6 class=executable-and-modules allocator=ineligible reservation=none
GAXERA: MEMMAP_REGION index=16 start=0x00000000197f8000 end=0x000000001a66c000 len=0x0000000000e74000 source_type=5 class=bootloader-reclaimable allocator=ineligible reservation=none
GAXERA: MEMMAP_REGION index=17 start=0x000000001a66c000 end=0x000000001bf6c000 len=0x0000000001900000 source_type=0 class=usable allocator=eligible reservation=none
GAXERA: MEMMAP_REGION index=18 start=0x000000001bf6c000 end=0x000000001bfaa000 len=0x000000000003e000 source_type=5 class=bootloader-reclaimable allocator=ineligible reservation=none
GAXERA: MEMMAP_REGION index=19 start=0x000000001bfaa000 end=0x000000001bfab000 len=0x0000000000001000 source_type=6 class=executable-and-modules allocator=ineligible reservation=none
GAXERA: MEMMAP_REGION index=20 start=0x000000001bfab000 end=0x000000001bfaf000 len=0x0000000000004000 source_type=5 class=bootloader-reclaimable allocator=ineligible reservation=none
GAXERA: MEMMAP_REGION index=21 start=0x000000001bfaf000 end=0x000000001e6a0000 len=0x00000000026f1000 source_type=0 class=usable allocator=eligible reservation=none
GAXERA: MEMMAP_REGION index=22 start=0x000000001e6a0000 end=0x000000001ed3f000 len=0x000000000069f000 source_type=5 class=bootloader-reclaimable allocator=ineligible reservation=none
GAXERA: MEMMAP_REGION index=23 start=0x000000001ed3f000 end=0x000000001ee00000 len=0x00000000000c1000 source_type=8 class=mapped-reserved allocator=ineligible reservation=none
GAXERA: MEMMAP_REGION index=24 start=0x000000001ee00000 end=0x000000001f8ed000 len=0x0000000000aed000 source_type=5 class=bootloader-reclaimable allocator=ineligible reservation=none
GAXERA: MEMMAP_REGION index=25 start=0x000000001f8ed000 end=0x000000001faed000 len=0x0000000000200000 source_type=8 class=mapped-reserved allocator=ineligible reservation=none
GAXERA: MEMMAP_REGION index=26 start=0x000000001faed000 end=0x000000001fb6d000 len=0x0000000000080000 source_type=1 class=reserved allocator=ineligible reservation=none
GAXERA: MEMMAP_REGION index=27 start=0x000000001fb6d000 end=0x000000001fb7f000 len=0x0000000000012000 source_type=2 class=acpi-reclaimable allocator=ineligible reservation=none
GAXERA: MEMMAP_REGION index=28 start=0x000000001fb7f000 end=0x000000001fbff000 len=0x0000000000080000 source_type=3 class=acpi-nvs allocator=ineligible reservation=none
GAXERA: MEMMAP_REGION index=29 start=0x000000001fbff000 end=0x000000001fef4000 len=0x00000000002f5000 source_type=5 class=bootloader-reclaimable allocator=ineligible reservation=none
GAXERA: MEMMAP_REGION index=30 start=0x000000001fef4000 end=0x000000001ff78000 len=0x0000000000084000 source_type=8 class=mapped-reserved allocator=ineligible reservation=none
GAXERA: MEMMAP_REGION index=31 start=0x000000001ff78000 end=0x0000000020000000 len=0x0000000000088000 source_type=3 class=acpi-nvs allocator=ineligible reservation=none
GAXERA: MEMMAP_REGION index=32 start=0x0000000080000000 end=0x00000000803e8000 len=0x00000000003e8000 source_type=7 class=framebuffer allocator=ineligible reservation=none
GAXERA: MEMMAP_REGION index=33 start=0x000000fd00000000 end=0x0000010000000000 len=0x0000000300000000 source_type=1 class=reserved allocator=ineligible reservation=none
GAXERA: MEMMAP_END
GAXERA: BOOTSTRAP_FRAME_ALLOCATOR_READY ranges=8
GAXERA: PAGING_HHDM_MAPPED
GAXERA: PAGING_TEXT_MAPPED
GAXERA: PAGING_FRAMEBUFFER_MAPPED
GAXERA: PAGE_TABLES_READY root=0x0000000000000000 reservations=3
GAXERA: CR3_GAXERA_OWNED
GAXERA: PHYSICAL_FRAME_ALLOCATOR_READY frames=113908 bitmap_words=1780
GAXERA: MEMORY_FOUNDATION_OK heap=0xfffffe8000001000 size=2097152 lower_guard=0xfffffe8000000000
GAXERA: KERNEL_ENTRY_OK
GAXERA: FRAMEBUFFER_OK (1280x800, pitch: 5120)
GAXERA: TEST_PATTERN_DRAWN
GAXERA: ACPI_MADT_READY local_apic_phys=0x00000000fee00000 override=false
GAXERA: ACPI_TEMPORARY_WINDOW_RELEASED
GAXERA: LOCAL_APIC_READY phys=0x00000000fee00000 vector=0xe0
GAXERA: IOAPIC_READY phys=0x00000000fec00000 gsi_base=0
GAXERA: PREEMPTION_TIMER_READY ticks_per_ms=62958
GAXERA: SHARED_MEMORY_TEST_START
GAXERA: SHARED_MEMORY_OK
Guest-confirmed QEMU test passed.

--- IPC Multi-Client Test ---
=== Building Gaxera Kernel ISO ===
     Removed 318 files, 130.2MiB total
Compiling kernel binary...
   Compiling kernel v0.1.0 (/home/nyx/gaxera/kernel)
    Finished `dev` profile [unoptimized + debuginfo] target(s) in 2.56s
Compiling guest binary (init)...
    Finished `dev` profile [unoptimized + debuginfo] target(s) in 0.03s
Assembling ISO directory structure...
Compiling ramfs binary...
    Finished `dev` profile [unoptimized + debuginfo] target(s) in 0.04s
Compiling script_session binary...
    Finished `dev` profile [unoptimized + debuginfo] target(s) in 0.03s
Packaging GaxFS ramfs.img...
Packaging bootable ISO image via xorriso...
xorriso 1.5.6 : RockRidge filesystem manipulator, libburnia project.

Drive current: -outdev 'stdio:target/gaxera.iso'
Media current: stdio file, overwriteable
Media status : is blank
Media summary: 0 sessions, 0 data blocks, 0 data,  944g free
Added to ISO image: directory '/'='/home/nyx/gaxera/target/iso_root'
xorriso : UPDATE :      16 files added in 1 seconds
xorriso : UPDATE :      16 files added in 1 seconds
ISO image produced: 14539 sectors
Written to medium : 14539 sectors at LBA 0
Writing to 'stdio:target/gaxera.iso' completed successfully.

Installing bootloader record sector...
Physical block size of 512 bytes.
Installing to GPT. Logical block size of 512 bytes.
Secondary header at LBA 0xe32b.
Secondary header valid.
Detected ISOHYBRID with a GUID partition table (GPT).
Converting to MBR for improved compatibility...
Conversion successful.
No active partition found, some systems may not boot.
Setting partition 1 as active to work around the issue...
Installing to MBR.
Stage 2 to be located at byte offset 0x200.
Reminder: Remember to copy the limine-bios.sys file in either
          the root, /boot, /limine, or /boot/limine directories of
          one of the partitions on the device, or boot will fail!
Limine BIOS stages installed successfully.
Gaxera packaging successfully compiled to target/gaxera.iso!
=== Launching QEMU Virtual Machine ===
OVMF UEFI firmware detected. Booting in UEFI mode.
Headless mode selected.
[2J[001;001H[=3h[2J[001;001H[2J[001;001H[8;056;240t[2J[001;001H[2J[001;001H[=3h[2J[001;001H[2J[001;001H[8;042;160t[2J[001;001HBdsDxe: loading Boot0002 "UEFI QEMU DVD-ROM QM00003 " from PciRoot(0x0)/Pci(0x1,0x1)/Ata(Secondary,Master,0x0)
BdsDxe: starting Boot0002 "UEFI QEMU DVD-ROM QM00003 " from PciRoot(0x0)/Pci(0x1,0x1)/Ata(Secondary,Master,0x0)
[001;001H[001;001H[001;001Hl[001;002Hi[001;003Hm[001;004Hi[001;005Hn[001;006He[001;007H:[001;008H [001;009HL[001;010Ho[001;011Ha[001;012Hd[001;013Hi[001;014Hn[001;015Hg[001;016H [001;017He[001;018Hx[001;019He[001;020Hc[001;021Hu[001;022Ht[001;023Ha[001;024Hb[001;025Hl[001;026He[001;027H [001;028H`[001;029Hb[001;030Ho[001;031Ho[001;032Ht[001;033H([001;034H)[001;035H:[001;036H/[001;037Hb[001;038Ho[001;039Ho[001;040Ht[001;041H/[001;042Hg[001;043Ha[001;044Hx[001;045He[001;046Hr[001;047Ha[001;048H.[001;049He[001;050Hl[001;051Hf[001;052H`[001;053H.[001;054H.[001;055H.[001;056H[001;001H[002;001Hl[002;002Hi[002;003Hm[002;004Hi[002;005Hn[002;006He[002;007H:[002;008H [002;009HL[002;010Ho[002;011Ha[002;012Hd[002;013Hi[002;014Hn[002;015Hg[002;016H [002;017Hm[002;018Ho[002;019Hd[002;020Hu[002;021Hl[002;022He[002;023H [002;024H`[002;025Hb[002;026Ho[002;027Ho[002;028Ht[002;029H([002;030H)[002;031H:[002;032H/[002;033Hb[002;034Ho[002;035Ho[002;036Ht[002;037H/[002;038Hi[002;039Hn[002;040Hi[002;041Ht[002;042H.[002;043He[002;044Hl[002;045Hf[002;046H`[002;047H.[002;048H.[002;049H.[002;050H[002;001H[003;001Hl[003;002Hi[003;003Hm[003;004Hi[003;005Hn[003;006He[003;007H:[003;008H [003;009HL[003;010Ho[003;011Ha[003;012Hd[003;013Hi[003;014Hn[003;015Hg[003;016H [003;017Hm[003;018Ho[003;019Hd[003;020Hu[003;021Hl[003;022He[003;023H [003;024H`[003;025Hb[003;026Ho[003;027Ho[003;028Ht[003;029H([003;030H)[003;031H:[003;032H/[003;033Hb[003;034Ho[003;035Ho[003;036Ht[003;037H/[003;038Hr[003;039Ha[003;040Hm[003;041Hf[003;042Hs[003;043H.[003;044He[003;045Hl[003;046Hf[003;047H`[003;048H.[003;049H.[003;050H.[003;051H[003;001H[004;001Hl[004;002Hi[004;003Hm[004;004Hi[004;005Hn[004;006He[004;007H:[004;008H [004;009HL[004;010Ho[004;011Ha[004;012Hd[004;013Hi[004;014Hn[004;015Hg[004;016H [004;017Hm[004;018Ho[004;019Hd[004;020Hu[004;021Hl[004;022He[004;023H [004;024H`[004;025Hb[004;026Ho[004;027Ho[004;028Ht[004;029H([004;030H)[004;031H:[004;032H/[004;033Hb[004;034Ho[004;035Ho[004;036Ht[004;037H/[004;038Hs[004;039Hc[004;040Hr[004;041Hi[004;042Hp[004;043Ht[004;044H_[004;045Hs[004;046He[004;047Hs[004;048Hs[004;049Hi[004;050Ho[004;051Hn[004;052H.[004;053He[004;054Hl[004;055Hf[004;056H`[004;057H.[004;058H.[004;059H.[004;060H[004;001H[005;001Hl[005;002Hi[005;003Hm[005;004Hi[005;005Hn[005;006He[005;007H:[005;008H [005;009HL[005;010Ho[005;011Ha[005;012Hd[005;013Hi[005;014Hn[005;015Hg[005;016H [005;017Hm[005;018Ho[005;019Hd[005;020Hu[005;021Hl[005;022He[005;023H [005;024H`[005;025Hb[005;026Ho[005;027Ho[005;028Ht[005;029H([005;030H)[005;031H:[005;032H/[005;033Hb[005;034Ho[005;035Ho[005;036Ht[005;037H/[005;038Hr[005;039Ha[005;040Hm[005;041Hf[005;042Hs[005;043H.[005;044Hi[005;045Hm[005;046Hg[005;047H`[005;048H.[005;049H.[005;050H.[005;051H[005;001H[006;001HGAXERA: BOOT_STACK_READY
GAXERA: DESCRIPTORS_AND_IDT_READY
GAXERA: BOOT_CONTEXT_READY kernel_phys=0x0000000019676000 kernel_virt=0xffffffff80000000 rsdp_phys=0x000000001fb7e014
GAXERA: MEMMAP_BEGIN count=34
GAXERA: MEMMAP_REGION index=0 start=0x0000000000000000 end=0x0000000000087000 len=0x0000000000087000 source_type=0 class=usable allocator=eligible reservation=none
GAXERA: MEMMAP_REGION index=1 start=0x0000000000087000 end=0x0000000000088000 len=0x0000000000001000 source_type=5 class=bootloader-reclaimable allocator=ineligible reservation=none
GAXERA: MEMMAP_REGION index=2 start=0x0000000000088000 end=0x00000000000a0000 len=0x0000000000018000 source_type=0 class=usable allocator=eligible reservation=none
GAXERA: MEMMAP_REGION index=3 start=0x0000000000100000 end=0x0000000000800000 len=0x0000000000700000 source_type=0 class=usable allocator=eligible reservation=none
GAXERA: MEMMAP_REGION index=4 start=0x0000000000800000 end=0x0000000000808000 len=0x0000000000008000 source_type=3 class=acpi-nvs allocator=ineligible reservation=none
GAXERA: MEMMAP_REGION index=5 start=0x0000000000808000 end=0x000000000080b000 len=0x0000000000003000 source_type=0 class=usable allocator=eligible reservation=none
GAXERA: MEMMAP_REGION index=6 start=0x000000000080b000 end=0x000000000080c000 len=0x0000000000001000 source_type=3 class=acpi-nvs allocator=ineligible reservation=none
GAXERA: MEMMAP_REGION index=7 start=0x000000000080c000 end=0x0000000000814000 len=0x0000000000008000 source_type=0 class=usable allocator=eligible reservation=none
GAXERA: MEMMAP_REGION index=8 start=0x0000000000814000 end=0x0000000000900000 len=0x00000000000ec000 source_type=3 class=acpi-nvs allocator=ineligible reservation=none
GAXERA: MEMMAP_REGION index=9 start=0x0000000000900000 end=0x0000000001780000 len=0x0000000000e80000 source_type=5 class=bootloader-reclaimable allocator=ineligible reservation=none
GAXERA: MEMMAP_REGION index=10 start=0x0000000001780000 end=0x0000000018cd2000 len=0x0000000017552000 source_type=0 class=usable allocator=eligible reservation=none
GAXERA: MEMMAP_REGION index=11 start=0x0000000018cd2000 end=0x0000000018cdf000 len=0x000000000000d000 source_type=5 class=bootloader-reclaimable allocator=ineligible reservation=none
GAXERA: MEMMAP_REGION index=12 start=0x0000000018cdf000 end=0x0000000018f8e000 len=0x00000000002af000 source_type=6 class=executable-and-modules allocator=ineligible reservation=none
GAXERA: MEMMAP_REGION index=13 start=0x0000000018f8e000 end=0x000000001923c000 len=0x00000000002ae000 source_type=6 class=executable-and-modules allocator=ineligible reservation=none
GAXERA: MEMMAP_REGION index=14 start=0x000000001923c000 end=0x0000000019676000 len=0x000000000043a000 source_type=6 class=executable-and-modules allocator=ineligible reservation=none
GAXERA: MEMMAP_REGION index=15 start=0x0000000019676000 end=0x00000000197f2000 len=0x000000000017c000 source_type=6 class=executable-and-modules allocator=ineligible reservation=none
GAXERA: MEMMAP_REGION index=16 start=0x00000000197f2000 end=0x000000001a66c000 len=0x0000000000e7a000 source_type=5 class=bootloader-reclaimable allocator=ineligible reservation=none
GAXERA: MEMMAP_REGION index=17 start=0x000000001a66c000 end=0x000000001bf6c000 len=0x0000000001900000 source_type=0 class=usable allocator=eligible reservation=none
GAXERA: MEMMAP_REGION index=18 start=0x000000001bf6c000 end=0x000000001bfaa000 len=0x000000000003e000 source_type=5 class=bootloader-reclaimable allocator=ineligible reservation=none
GAXERA: MEMMAP_REGION index=19 start=0x000000001bfaa000 end=0x000000001bfab000 len=0x0000000000001000 source_type=6 class=executable-and-modules allocator=ineligible reservation=none
GAXERA: MEMMAP_REGION index=20 start=0x000000001bfab000 end=0x000000001bfaf000 len=0x0000000000004000 source_type=5 class=bootloader-reclaimable allocator=ineligible reservation=none
GAXERA: MEMMAP_REGION index=21 start=0x000000001bfaf000 end=0x000000001e6a0000 len=0x00000000026f1000 source_type=0 class=usable allocator=eligible reservation=none
GAXERA: MEMMAP_REGION index=22 start=0x000000001e6a0000 end=0x000000001ed3f000 len=0x000000000069f000 source_type=5 class=bootloader-reclaimable allocator=ineligible reservation=none
GAXERA: MEMMAP_REGION index=23 start=0x000000001ed3f000 end=0x000000001ee00000 len=0x00000000000c1000 source_type=8 class=mapped-reserved allocator=ineligible reservation=none
GAXERA: MEMMAP_REGION index=24 start=0x000000001ee00000 end=0x000000001f8ed000 len=0x0000000000aed000 source_type=5 class=bootloader-reclaimable allocator=ineligible reservation=none
GAXERA: MEMMAP_REGION index=25 start=0x000000001f8ed000 end=0x000000001faed000 len=0x0000000000200000 source_type=8 class=mapped-reserved allocator=ineligible reservation=none
GAXERA: MEMMAP_REGION index=26 start=0x000000001faed000 end=0x000000001fb6d000 len=0x0000000000080000 source_type=1 class=reserved allocator=ineligible reservation=none
GAXERA: MEMMAP_REGION index=27 start=0x000000001fb6d000 end=0x000000001fb7f000 len=0x0000000000012000 source_type=2 class=acpi-reclaimable allocator=ineligible reservation=none
GAXERA: MEMMAP_REGION index=28 start=0x000000001fb7f000 end=0x000000001fbff000 len=0x0000000000080000 source_type=3 class=acpi-nvs allocator=ineligible reservation=none
GAXERA: MEMMAP_REGION index=29 start=0x000000001fbff000 end=0x000000001fef4000 len=0x00000000002f5000 source_type=5 class=bootloader-reclaimable allocator=ineligible reservation=none
GAXERA: MEMMAP_REGION index=30 start=0x000000001fef4000 end=0x000000001ff78000 len=0x0000000000084000 source_type=8 class=mapped-reserved allocator=ineligible reservation=none
GAXERA: MEMMAP_REGION index=31 start=0x000000001ff78000 end=0x0000000020000000 len=0x0000000000088000 source_type=3 class=acpi-nvs allocator=ineligible reservation=none
GAXERA: MEMMAP_REGION index=32 start=0x0000000080000000 end=0x00000000803e8000 len=0x00000000003e8000 source_type=7 class=framebuffer allocator=ineligible reservation=none
GAXERA: MEMMAP_REGION index=33 start=0x000000fd00000000 end=0x0000010000000000 len=0x0000000300000000 source_type=1 class=reserved allocator=ineligible reservation=none
GAXERA: MEMMAP_END
GAXERA: BOOTSTRAP_FRAME_ALLOCATOR_READY ranges=8
GAXERA: PAGING_HHDM_MAPPED
GAXERA: PAGING_TEXT_MAPPED
GAXERA: PAGING_FRAMEBUFFER_MAPPED
GAXERA: PAGE_TABLES_READY root=0x0000000000000000 reservations=3
GAXERA: CR3_GAXERA_OWNED
GAXERA: PHYSICAL_FRAME_ALLOCATOR_READY frames=113901 bitmap_words=1780
GAXERA: MEMORY_FOUNDATION_OK heap=0xfffffe8000001000 size=2097152 lower_guard=0xfffffe8000000000
GAXERA: KERNEL_ENTRY_OK
GAXERA: FRAMEBUFFER_OK (1280x800, pitch: 5120)
GAXERA: TEST_PATTERN_DRAWN
GAXERA: ACPI_MADT_READY local_apic_phys=0x00000000fee00000 override=false
GAXERA: ACPI_TEMPORARY_WINDOW_RELEASED
GAXERA: LOCAL_APIC_READY phys=0x00000000fee00000 vector=0xe0
GAXERA: IOAPIC_READY phys=0x00000000fec00000 gsi_base=0
GAXERA: PREEMPTION_TIMER_READY ticks_per_ms=63258
GAXERA: IPC_MULTICLIENT_TEST_START
GAXERA: IPC_MULTICLIENT_OK
Guest-confirmed QEMU test passed.

--- IPC WaitSet Multiplexing Test ---
=== Building Gaxera Kernel ISO ===
     Removed 320 files, 130.4MiB total
Compiling kernel binary...
   Compiling kernel v0.1.0 (/home/nyx/gaxera/kernel)
    Finished `dev` profile [unoptimized + debuginfo] target(s) in 2.58s
Compiling guest binary (init)...
    Finished `dev` profile [unoptimized + debuginfo] target(s) in 0.03s
Assembling ISO directory structure...
Compiling ramfs binary...
    Finished `dev` profile [unoptimized + debuginfo] target(s) in 0.03s
Compiling script_session binary...
    Finished `dev` profile [unoptimized + debuginfo] target(s) in 0.03s
Packaging GaxFS ramfs.img...
Packaging bootable ISO image via xorriso...
xorriso 1.5.6 : RockRidge filesystem manipulator, libburnia project.

Drive current: -outdev 'stdio:target/gaxera.iso'
Media current: stdio file, overwriteable
Media status : is blank
Media summary: 0 sessions, 0 data blocks, 0 data,  944g free
Added to ISO image: directory '/'='/home/nyx/gaxera/target/iso_root'
xorriso : UPDATE :      16 files added in 1 seconds
xorriso : UPDATE :      16 files added in 1 seconds
ISO image produced: 14556 sectors
Written to medium : 14556 sectors at LBA 0
Writing to 'stdio:target/gaxera.iso' completed successfully.

Installing bootloader record sector...
Physical block size of 512 bytes.
Installing to GPT. Logical block size of 512 bytes.
Secondary header at LBA 0xe36f.
Secondary header valid.
Detected ISOHYBRID with a GUID partition table (GPT).
Converting to MBR for improved compatibility...
Conversion successful.
No active partition found, some systems may not boot.
Setting partition 1 as active to work around the issue...
Installing to MBR.
Stage 2 to be located at byte offset 0x200.
Reminder: Remember to copy the limine-bios.sys file in either
          the root, /boot, /limine, or /boot/limine directories of
          one of the partitions on the device, or boot will fail!
Limine BIOS stages installed successfully.
Gaxera packaging successfully compiled to target/gaxera.iso!
=== Launching QEMU Virtual Machine ===
OVMF UEFI firmware detected. Booting in UEFI mode.
Headless mode selected.
[2J[001;001H[=3h[2J[001;001H[2J[001;001H[8;056;240t[2J[001;001H[2J[001;001H[=3h[2J[001;001H[2J[001;001H[8;042;160t[2J[001;001HBdsDxe: loading Boot0002 "UEFI QEMU DVD-ROM QM00003 " from PciRoot(0x0)/Pci(0x1,0x1)/Ata(Secondary,Master,0x0)
BdsDxe: starting Boot0002 "UEFI QEMU DVD-ROM QM00003 " from PciRoot(0x0)/Pci(0x1,0x1)/Ata(Secondary,Master,0x0)
[001;001H[001;001H[001;001Hl[001;002Hi[001;003Hm[001;004Hi[001;005Hn[001;006He[001;007H:[001;008H [001;009HL[001;010Ho[001;011Ha[001;012Hd[001;013Hi[001;014Hn[001;015Hg[001;016H [001;017He[001;018Hx[001;019He[001;020Hc[001;021Hu[001;022Ht[001;023Ha[001;024Hb[001;025Hl[001;026He[001;027H [001;028H`[001;029Hb[001;030Ho[001;031Ho[001;032Ht[001;033H([001;034H)[001;035H:[001;036H/[001;037Hb[001;038Ho[001;039Ho[001;040Ht[001;041H/[001;042Hg[001;043Ha[001;044Hx[001;045He[001;046Hr[001;047Ha[001;048H.[001;049He[001;050Hl[001;051Hf[001;052H`[001;053H.[001;054H.[001;055H.[001;056H[001;001H[002;001Hl[002;002Hi[002;003Hm[002;004Hi[002;005Hn[002;006He[002;007H:[002;008H [002;009HL[002;010Ho[002;011Ha[002;012Hd[002;013Hi[002;014Hn[002;015Hg[002;016H [002;017Hm[002;018Ho[002;019Hd[002;020Hu[002;021Hl[002;022He[002;023H [002;024H`[002;025Hb[002;026Ho[002;027Ho[002;028Ht[002;029H([002;030H)[002;031H:[002;032H/[002;033Hb[002;034Ho[002;035Ho[002;036Ht[002;037H/[002;038Hi[002;039Hn[002;040Hi[002;041Ht[002;042H.[002;043He[002;044Hl[002;045Hf[002;046H`[002;047H.[002;048H.[002;049H.[002;050H[002;001H[003;001Hl[003;002Hi[003;003Hm[003;004Hi[003;005Hn[003;006He[003;007H:[003;008H [003;009HL[003;010Ho[003;011Ha[003;012Hd[003;013Hi[003;014Hn[003;015Hg[003;016H [003;017Hm[003;018Ho[003;019Hd[003;020Hu[003;021Hl[003;022He[003;023H [003;024H`[003;025Hb[003;026Ho[003;027Ho[003;028Ht[003;029H([003;030H)[003;031H:[003;032H/[003;033Hb[003;034Ho[003;035Ho[003;036Ht[003;037H/[003;038Hr[003;039Ha[003;040Hm[003;041Hf[003;042Hs[003;043H.[003;044He[003;045Hl[003;046Hf[003;047H`[003;048H.[003;049H.[003;050H.[003;051H[003;001H[004;001Hl[004;002Hi[004;003Hm[004;004Hi[004;005Hn[004;006He[004;007H:[004;008H [004;009HL[004;010Ho[004;011Ha[004;012Hd[004;013Hi[004;014Hn[004;015Hg[004;016H [004;017Hm[004;018Ho[004;019Hd[004;020Hu[004;021Hl[004;022He[004;023H [004;024H`[004;025Hb[004;026Ho[004;027Ho[004;028Ht[004;029H([004;030H)[004;031H:[004;032H/[004;033Hb[004;034Ho[004;035Ho[004;036Ht[004;037H/[004;038Hs[004;039Hc[004;040Hr[004;041Hi[004;042Hp[004;043Ht[004;044H_[004;045Hs[004;046He[004;047Hs[004;048Hs[004;049Hi[004;050Ho[004;051Hn[004;052H.[004;053He[004;054Hl[004;055Hf[004;056H`[004;057H.[004;058H.[004;059H.[004;060H[004;001H[005;001Hl[005;002Hi[005;003Hm[005;004Hi[005;005Hn[005;006He[005;007H:[005;008H [005;009HL[005;010Ho[005;011Ha[005;012Hd[005;013Hi[005;014Hn[005;015Hg[005;016H [005;017Hm[005;018Ho[005;019Hd[005;020Hu[005;021Hl[005;022He[005;023H [005;024H`[005;025Hb[005;026Ho[005;027Ho[005;028Ht[005;029H([005;030H)[005;031H:[005;032H/[005;033Hb[005;034Ho[005;035Ho[005;036Ht[005;037H/[005;038Hr[005;039Ha[005;040Hm[005;041Hf[005;042Hs[005;043H.[005;044Hi[005;045Hm[005;046Hg[005;047H`[005;048H.[005;049H.[005;050H.[005;051H[005;001H[006;001HGAXERA: BOOT_STACK_READY
GAXERA: DESCRIPTORS_AND_IDT_READY
GAXERA: BOOT_CONTEXT_READY kernel_phys=0x000000001966d000 kernel_virt=0xffffffff80000000 rsdp_phys=0x000000001fb7e014
GAXERA: MEMMAP_BEGIN count=34
GAXERA: MEMMAP_REGION index=0 start=0x0000000000000000 end=0x0000000000087000 len=0x0000000000087000 source_type=0 class=usable allocator=eligible reservation=none
GAXERA: MEMMAP_REGION index=1 start=0x0000000000087000 end=0x0000000000088000 len=0x0000000000001000 source_type=5 class=bootloader-reclaimable allocator=ineligible reservation=none
GAXERA: MEMMAP_REGION index=2 start=0x0000000000088000 end=0x00000000000a0000 len=0x0000000000018000 source_type=0 class=usable allocator=eligible reservation=none
GAXERA: MEMMAP_REGION index=3 start=0x0000000000100000 end=0x0000000000800000 len=0x0000000000700000 source_type=0 class=usable allocator=eligible reservation=none
GAXERA: MEMMAP_REGION index=4 start=0x0000000000800000 end=0x0000000000808000 len=0x0000000000008000 source_type=3 class=acpi-nvs allocator=ineligible reservation=none
GAXERA: MEMMAP_REGION index=5 start=0x0000000000808000 end=0x000000000080b000 len=0x0000000000003000 source_type=0 class=usable allocator=eligible reservation=none
GAXERA: MEMMAP_REGION index=6 start=0x000000000080b000 end=0x000000000080c000 len=0x0000000000001000 source_type=3 class=acpi-nvs allocator=ineligible reservation=none
GAXERA: MEMMAP_REGION index=7 start=0x000000000080c000 end=0x0000000000814000 len=0x0000000000008000 source_type=0 class=usable allocator=eligible reservation=none
GAXERA: MEMMAP_REGION index=8 start=0x0000000000814000 end=0x0000000000900000 len=0x00000000000ec000 source_type=3 class=acpi-nvs allocator=ineligible reservation=none
GAXERA: MEMMAP_REGION index=9 start=0x0000000000900000 end=0x0000000001780000 len=0x0000000000e80000 source_type=5 class=bootloader-reclaimable allocator=ineligible reservation=none
GAXERA: MEMMAP_REGION index=10 start=0x0000000001780000 end=0x0000000018cc9000 len=0x0000000017549000 source_type=0 class=usable allocator=eligible reservation=none
GAXERA: MEMMAP_REGION index=11 start=0x0000000018cc9000 end=0x0000000018cd6000 len=0x000000000000d000 source_type=5 class=bootloader-reclaimable allocator=ineligible reservation=none
GAXERA: MEMMAP_REGION index=12 start=0x0000000018cd6000 end=0x0000000018f85000 len=0x00000000002af000 source_type=6 class=executable-and-modules allocator=ineligible reservation=none
GAXERA: MEMMAP_REGION index=13 start=0x0000000018f85000 end=0x0000000019233000 len=0x00000000002ae000 source_type=6 class=executable-and-modules allocator=ineligible reservation=none
GAXERA: MEMMAP_REGION index=14 start=0x0000000019233000 end=0x000000001966d000 len=0x000000000043a000 source_type=6 class=executable-and-modules allocator=ineligible reservation=none
GAXERA: MEMMAP_REGION index=15 start=0x000000001966d000 end=0x00000000197ea000 len=0x000000000017d000 source_type=6 class=executable-and-modules allocator=ineligible reservation=none
GAXERA: MEMMAP_REGION index=16 start=0x00000000197ea000 end=0x000000001a66c000 len=0x0000000000e82000 source_type=5 class=bootloader-reclaimable allocator=ineligible reservation=none
GAXERA: MEMMAP_REGION index=17 start=0x000000001a66c000 end=0x000000001bf6c000 len=0x0000000001900000 source_type=0 class=usable allocator=eligible reservation=none
GAXERA: MEMMAP_REGION index=18 start=0x000000001bf6c000 end=0x000000001bfaa000 len=0x000000000003e000 source_type=5 class=bootloader-reclaimable allocator=ineligible reservation=none
GAXERA: MEMMAP_REGION index=19 start=0x000000001bfaa000 end=0x000000001bfab000 len=0x0000000000001000 source_type=6 class=executable-and-modules allocator=ineligible reservation=none
GAXERA: MEMMAP_REGION index=20 start=0x000000001bfab000 end=0x000000001bfaf000 len=0x0000000000004000 source_type=5 class=bootloader-reclaimable allocator=ineligible reservation=none
GAXERA: MEMMAP_REGION index=21 start=0x000000001bfaf000 end=0x000000001e6a0000 len=0x00000000026f1000 source_type=0 class=usable allocator=eligible reservation=none
GAXERA: MEMMAP_REGION index=22 start=0x000000001e6a0000 end=0x000000001ed3f000 len=0x000000000069f000 source_type=5 class=bootloader-reclaimable allocator=ineligible reservation=none
GAXERA: MEMMAP_REGION index=23 start=0x000000001ed3f000 end=0x000000001ee00000 len=0x00000000000c1000 source_type=8 class=mapped-reserved allocator=ineligible reservation=none
GAXERA: MEMMAP_REGION index=24 start=0x000000001ee00000 end=0x000000001f8ed000 len=0x0000000000aed000 source_type=5 class=bootloader-reclaimable allocator=ineligible reservation=none
GAXERA: MEMMAP_REGION index=25 start=0x000000001f8ed000 end=0x000000001faed000 len=0x0000000000200000 source_type=8 class=mapped-reserved allocator=ineligible reservation=none
GAXERA: MEMMAP_REGION index=26 start=0x000000001faed000 end=0x000000001fb6d000 len=0x0000000000080000 source_type=1 class=reserved allocator=ineligible reservation=none
GAXERA: MEMMAP_REGION index=27 start=0x000000001fb6d000 end=0x000000001fb7f000 len=0x0000000000012000 source_type=2 class=acpi-reclaimable allocator=ineligible reservation=none
GAXERA: MEMMAP_REGION index=28 start=0x000000001fb7f000 end=0x000000001fbff000 len=0x0000000000080000 source_type=3 class=acpi-nvs allocator=ineligible reservation=none
GAXERA: MEMMAP_REGION index=29 start=0x000000001fbff000 end=0x000000001fef4000 len=0x00000000002f5000 source_type=5 class=bootloader-reclaimable allocator=ineligible reservation=none
GAXERA: MEMMAP_REGION index=30 start=0x000000001fef4000 end=0x000000001ff78000 len=0x0000000000084000 source_type=8 class=mapped-reserved allocator=ineligible reservation=none
GAXERA: MEMMAP_REGION index=31 start=0x000000001ff78000 end=0x0000000020000000 len=0x0000000000088000 source_type=3 class=acpi-nvs allocator=ineligible reservation=none
GAXERA: MEMMAP_REGION index=32 start=0x0000000080000000 end=0x00000000803e8000 len=0x00000000003e8000 source_type=7 class=framebuffer allocator=ineligible reservation=none
GAXERA: MEMMAP_REGION index=33 start=0x000000fd00000000 end=0x0000010000000000 len=0x0000000300000000 source_type=1 class=reserved allocator=ineligible reservation=none
GAXERA: MEMMAP_END
GAXERA: BOOTSTRAP_FRAME_ALLOCATOR_READY ranges=8
GAXERA: PAGING_HHDM_MAPPED
GAXERA: PAGING_TEXT_MAPPED
GAXERA: PAGING_FRAMEBUFFER_MAPPED
GAXERA: PAGE_TABLES_READY root=0x0000000000000000 reservations=3
GAXERA: CR3_GAXERA_OWNED
GAXERA: PHYSICAL_FRAME_ALLOCATOR_READY frames=113892 bitmap_words=1780
GAXERA: MEMORY_FOUNDATION_OK heap=0xfffffe8000001000 size=2097152 lower_guard=0xfffffe8000000000
GAXERA: KERNEL_ENTRY_OK
GAXERA: FRAMEBUFFER_OK (1280x800, pitch: 5120)
GAXERA: TEST_PATTERN_DRAWN
GAXERA: ACPI_MADT_READY local_apic_phys=0x00000000fee00000 override=false
GAXERA: ACPI_TEMPORARY_WINDOW_RELEASED
GAXERA: LOCAL_APIC_READY phys=0x00000000fee00000 vector=0xe0
GAXERA: IOAPIC_READY phys=0x00000000fec00000 gsi_base=0
GAXERA: PREEMPTION_TIMER_READY ticks_per_ms=62932
GAXERA: IPC_WAITSET_TEST_START
GAXERA: IPC_WAITSET_OK
Guest-confirmed QEMU test passed.

--- IPC Priority Inheritance Test ---
=== Building Gaxera Kernel ISO ===
     Removed 325 files, 130.5MiB total
Compiling kernel binary...
   Compiling kernel v0.1.0 (/home/nyx/gaxera/kernel)
    Finished `dev` profile [unoptimized + debuginfo] target(s) in 2.54s
Compiling guest binary (init)...
    Finished `dev` profile [unoptimized + debuginfo] target(s) in 0.03s
Assembling ISO directory structure...
Compiling ramfs binary...
    Finished `dev` profile [unoptimized + debuginfo] target(s) in 0.03s
Compiling script_session binary...
    Finished `dev` profile [unoptimized + debuginfo] target(s) in 0.03s
Packaging GaxFS ramfs.img...
Packaging bootable ISO image via xorriso...
xorriso 1.5.6 : RockRidge filesystem manipulator, libburnia project.

Drive current: -outdev 'stdio:target/gaxera.iso'
Media current: stdio file, overwriteable
Media status : is blank
Media summary: 0 sessions, 0 data blocks, 0 data,  944g free
Added to ISO image: directory '/'='/home/nyx/gaxera/target/iso_root'
xorriso : UPDATE :      16 files added in 1 seconds
xorriso : UPDATE :      16 files added in 1 seconds
ISO image produced: 14545 sectors
Written to medium : 14545 sectors at LBA 0
Writing to 'stdio:target/gaxera.iso' completed successfully.

Installing bootloader record sector...
Physical block size of 512 bytes.
Installing to GPT. Logical block size of 512 bytes.
Secondary header at LBA 0xe343.
Secondary header valid.
Detected ISOHYBRID with a GUID partition table (GPT).
Converting to MBR for improved compatibility...
Conversion successful.
No active partition found, some systems may not boot.
Setting partition 1 as active to work around the issue...
Installing to MBR.
Stage 2 to be located at byte offset 0x200.
Reminder: Remember to copy the limine-bios.sys file in either
          the root, /boot, /limine, or /boot/limine directories of
          one of the partitions on the device, or boot will fail!
Limine BIOS stages installed successfully.
Gaxera packaging successfully compiled to target/gaxera.iso!
=== Launching QEMU Virtual Machine ===
OVMF UEFI firmware detected. Booting in UEFI mode.
Headless mode selected.
[2J[001;001H[=3h[2J[001;001H[2J[001;001H[8;056;240t[2J[001;001H[2J[001;001H[=3h[2J[001;001H[2J[001;001H[8;042;160t[2J[001;001HBdsDxe: loading Boot0002 "UEFI QEMU DVD-ROM QM00003 " from PciRoot(0x0)/Pci(0x1,0x1)/Ata(Secondary,Master,0x0)
BdsDxe: starting Boot0002 "UEFI QEMU DVD-ROM QM00003 " from PciRoot(0x0)/Pci(0x1,0x1)/Ata(Secondary,Master,0x0)
[001;001H[001;001H[001;001Hl[001;002Hi[001;003Hm[001;004Hi[001;005Hn[001;006He[001;007H:[001;008H [001;009HL[001;010Ho[001;011Ha[001;012Hd[001;013Hi[001;014Hn[001;015Hg[001;016H [001;017He[001;018Hx[001;019He[001;020Hc[001;021Hu[001;022Ht[001;023Ha[001;024Hb[001;025Hl[001;026He[001;027H [001;028H`[001;029Hb[001;030Ho[001;031Ho[001;032Ht[001;033H([001;034H)[001;035H:[001;036H/[001;037Hb[001;038Ho[001;039Ho[001;040Ht[001;041H/[001;042Hg[001;043Ha[001;044Hx[001;045He[001;046Hr[001;047Ha[001;048H.[001;049He[001;050Hl[001;051Hf[001;052H`[001;053H.[001;054H.[001;055H.[001;056H[001;001H[002;001Hl[002;002Hi[002;003Hm[002;004Hi[002;005Hn[002;006He[002;007H:[002;008H [002;009HL[002;010Ho[002;011Ha[002;012Hd[002;013Hi[002;014Hn[002;015Hg[002;016H [002;017Hm[002;018Ho[002;019Hd[002;020Hu[002;021Hl[002;022He[002;023H [002;024H`[002;025Hb[002;026Ho[002;027Ho[002;028Ht[002;029H([002;030H)[002;031H:[002;032H/[002;033Hb[002;034Ho[002;035Ho[002;036Ht[002;037H/[002;038Hi[002;039Hn[002;040Hi[002;041Ht[002;042H.[002;043He[002;044Hl[002;045Hf[002;046H`[002;047H.[002;048H.[002;049H.[002;050H[002;001H[003;001Hl[003;002Hi[003;003Hm[003;004Hi[003;005Hn[003;006He[003;007H:[003;008H [003;009HL[003;010Ho[003;011Ha[003;012Hd[003;013Hi[003;014Hn[003;015Hg[003;016H [003;017Hm[003;018Ho[003;019Hd[003;020Hu[003;021Hl[003;022He[003;023H [003;024H`[003;025Hb[003;026Ho[003;027Ho[003;028Ht[003;029H([003;030H)[003;031H:[003;032H/[003;033Hb[003;034Ho[003;035Ho[003;036Ht[003;037H/[003;038Hr[003;039Ha[003;040Hm[003;041Hf[003;042Hs[003;043H.[003;044He[003;045Hl[003;046Hf[003;047H`[003;048H.[003;049H.[003;050H.[003;051H[003;001H[004;001Hl[004;002Hi[004;003Hm[004;004Hi[004;005Hn[004;006He[004;007H:[004;008H [004;009HL[004;010Ho[004;011Ha[004;012Hd[004;013Hi[004;014Hn[004;015Hg[004;016H [004;017Hm[004;018Ho[004;019Hd[004;020Hu[004;021Hl[004;022He[004;023H [004;024H`[004;025Hb[004;026Ho[004;027Ho[004;028Ht[004;029H([004;030H)[004;031H:[004;032H/[004;033Hb[004;034Ho[004;035Ho[004;036Ht[004;037H/[004;038Hs[004;039Hc[004;040Hr[004;041Hi[004;042Hp[004;043Ht[004;044H_[004;045Hs[004;046He[004;047Hs[004;048Hs[004;049Hi[004;050Ho[004;051Hn[004;052H.[004;053He[004;054Hl[004;055Hf[004;056H`[004;057H.[004;058H.[004;059H.[004;060H[004;001H[005;001Hl[005;002Hi[005;003Hm[005;004Hi[005;005Hn[005;006He[005;007H:[005;008H [005;009HL[005;010Ho[005;011Ha[005;012Hd[005;013Hi[005;014Hn[005;015Hg[005;016H [005;017Hm[005;018Ho[005;019Hd[005;020Hu[005;021Hl[005;022He[005;023H [005;024H`[005;025Hb[005;026Ho[005;027Ho[005;028Ht[005;029H([005;030H)[005;031H:[005;032H/[005;033Hb[005;034Ho[005;035Ho[005;036Ht[005;037H/[005;038Hr[005;039Ha[005;040Hm[005;041Hf[005;042Hs[005;043H.[005;044Hi[005;045Hm[005;046Hg[005;047H`[005;048H.[005;049H.[005;050H.[005;051H[005;001H[006;001HGAXERA: BOOT_STACK_READY
GAXERA: DESCRIPTORS_AND_IDT_READY
GAXERA: BOOT_CONTEXT_READY kernel_phys=0x0000000019672000 kernel_virt=0xffffffff80000000 rsdp_phys=0x000000001fb7e014
GAXERA: MEMMAP_BEGIN count=34
GAXERA: MEMMAP_REGION index=0 start=0x0000000000000000 end=0x0000000000087000 len=0x0000000000087000 source_type=0 class=usable allocator=eligible reservation=none
GAXERA: MEMMAP_REGION index=1 start=0x0000000000087000 end=0x0000000000088000 len=0x0000000000001000 source_type=5 class=bootloader-reclaimable allocator=ineligible reservation=none
GAXERA: MEMMAP_REGION index=2 start=0x0000000000088000 end=0x00000000000a0000 len=0x0000000000018000 source_type=0 class=usable allocator=eligible reservation=none
GAXERA: MEMMAP_REGION index=3 start=0x0000000000100000 end=0x0000000000800000 len=0x0000000000700000 source_type=0 class=usable allocator=eligible reservation=none
GAXERA: MEMMAP_REGION index=4 start=0x0000000000800000 end=0x0000000000808000 len=0x0000000000008000 source_type=3 class=acpi-nvs allocator=ineligible reservation=none
GAXERA: MEMMAP_REGION index=5 start=0x0000000000808000 end=0x000000000080b000 len=0x0000000000003000 source_type=0 class=usable allocator=eligible reservation=none
GAXERA: MEMMAP_REGION index=6 start=0x000000000080b000 end=0x000000000080c000 len=0x0000000000001000 source_type=3 class=acpi-nvs allocator=ineligible reservation=none
GAXERA: MEMMAP_REGION index=7 start=0x000000000080c000 end=0x0000000000814000 len=0x0000000000008000 source_type=0 class=usable allocator=eligible reservation=none
GAXERA: MEMMAP_REGION index=8 start=0x0000000000814000 end=0x0000000000900000 len=0x00000000000ec000 source_type=3 class=acpi-nvs allocator=ineligible reservation=none
GAXERA: MEMMAP_REGION index=9 start=0x0000000000900000 end=0x0000000001780000 len=0x0000000000e80000 source_type=5 class=bootloader-reclaimable allocator=ineligible reservation=none
GAXERA: MEMMAP_REGION index=10 start=0x0000000001780000 end=0x0000000018cce000 len=0x000000001754e000 source_type=0 class=usable allocator=eligible reservation=none
GAXERA: MEMMAP_REGION index=11 start=0x0000000018cce000 end=0x0000000018cdb000 len=0x000000000000d000 source_type=5 class=bootloader-reclaimable allocator=ineligible reservation=none
GAXERA: MEMMAP_REGION index=12 start=0x0000000018cdb000 end=0x0000000018f8a000 len=0x00000000002af000 source_type=6 class=executable-and-modules allocator=ineligible reservation=none
GAXERA: MEMMAP_REGION index=13 start=0x0000000018f8a000 end=0x0000000019238000 len=0x00000000002ae000 source_type=6 class=executable-and-modules allocator=ineligible reservation=none
GAXERA: MEMMAP_REGION index=14 start=0x0000000019238000 end=0x0000000019672000 len=0x000000000043a000 source_type=6 class=executable-and-modules allocator=ineligible reservation=none
GAXERA: MEMMAP_REGION index=15 start=0x0000000019672000 end=0x00000000197ef000 len=0x000000000017d000 source_type=6 class=executable-and-modules allocator=ineligible reservation=none
GAXERA: MEMMAP_REGION index=16 start=0x00000000197ef000 end=0x000000001a66c000 len=0x0000000000e7d000 source_type=5 class=bootloader-reclaimable allocator=ineligible reservation=none
GAXERA: MEMMAP_REGION index=17 start=0x000000001a66c000 end=0x000000001bf6c000 len=0x0000000001900000 source_type=0 class=usable allocator=eligible reservation=none
GAXERA: MEMMAP_REGION index=18 start=0x000000001bf6c000 end=0x000000001bfaa000 len=0x000000000003e000 source_type=5 class=bootloader-reclaimable allocator=ineligible reservation=none
GAXERA: MEMMAP_REGION index=19 start=0x000000001bfaa000 end=0x000000001bfab000 len=0x0000000000001000 source_type=6 class=executable-and-modules allocator=ineligible reservation=none
GAXERA: MEMMAP_REGION index=20 start=0x000000001bfab000 end=0x000000001bfaf000 len=0x0000000000004000 source_type=5 class=bootloader-reclaimable allocator=ineligible reservation=none
GAXERA: MEMMAP_REGION index=21 start=0x000000001bfaf000 end=0x000000001e6a0000 len=0x00000000026f1000 source_type=0 class=usable allocator=eligible reservation=none
GAXERA: MEMMAP_REGION index=22 start=0x000000001e6a0000 end=0x000000001ed3f000 len=0x000000000069f000 source_type=5 class=bootloader-reclaimable allocator=ineligible reservation=none
GAXERA: MEMMAP_REGION index=23 start=0x000000001ed3f000 end=0x000000001ee00000 len=0x00000000000c1000 source_type=8 class=mapped-reserved allocator=ineligible reservation=none
GAXERA: MEMMAP_REGION index=24 start=0x000000001ee00000 end=0x000000001f8ed000 len=0x0000000000aed000 source_type=5 class=bootloader-reclaimable allocator=ineligible reservation=none
GAXERA: MEMMAP_REGION index=25 start=0x000000001f8ed000 end=0x000000001faed000 len=0x0000000000200000 source_type=8 class=mapped-reserved allocator=ineligible reservation=none
GAXERA: MEMMAP_REGION index=26 start=0x000000001faed000 end=0x000000001fb6d000 len=0x0000000000080000 source_type=1 class=reserved allocator=ineligible reservation=none
GAXERA: MEMMAP_REGION index=27 start=0x000000001fb6d000 end=0x000000001fb7f000 len=0x0000000000012000 source_type=2 class=acpi-reclaimable allocator=ineligible reservation=none
GAXERA: MEMMAP_REGION index=28 start=0x000000001fb7f000 end=0x000000001fbff000 len=0x0000000000080000 source_type=3 class=acpi-nvs allocator=ineligible reservation=none
GAXERA: MEMMAP_REGION index=29 start=0x000000001fbff000 end=0x000000001fef4000 len=0x00000000002f5000 source_type=5 class=bootloader-reclaimable allocator=ineligible reservation=none
GAXERA: MEMMAP_REGION index=30 start=0x000000001fef4000 end=0x000000001ff78000 len=0x0000000000084000 source_type=8 class=mapped-reserved allocator=ineligible reservation=none
GAXERA: MEMMAP_REGION index=31 start=0x000000001ff78000 end=0x0000000020000000 len=0x0000000000088000 source_type=3 class=acpi-nvs allocator=ineligible reservation=none
GAXERA: MEMMAP_REGION index=32 start=0x0000000080000000 end=0x00000000803e8000 len=0x00000000003e8000 source_type=7 class=framebuffer allocator=ineligible reservation=none
GAXERA: MEMMAP_REGION index=33 start=0x000000fd00000000 end=0x0000010000000000 len=0x0000000300000000 source_type=1 class=reserved allocator=ineligible reservation=none
GAXERA: MEMMAP_END
GAXERA: BOOTSTRAP_FRAME_ALLOCATOR_READY ranges=8
GAXERA: PAGING_HHDM_MAPPED
GAXERA: PAGING_TEXT_MAPPED
GAXERA: PAGING_FRAMEBUFFER_MAPPED
GAXERA: PAGE_TABLES_READY root=0x0000000000000000 reservations=3
GAXERA: CR3_GAXERA_OWNED
GAXERA: PHYSICAL_FRAME_ALLOCATOR_READY frames=113897 bitmap_words=1780
GAXERA: MEMORY_FOUNDATION_OK heap=0xfffffe8000001000 size=2097152 lower_guard=0xfffffe8000000000
GAXERA: KERNEL_ENTRY_OK
GAXERA: FRAMEBUFFER_OK (1280x800, pitch: 5120)
GAXERA: TEST_PATTERN_DRAWN
GAXERA: ACPI_MADT_READY local_apic_phys=0x00000000fee00000 override=false
GAXERA: ACPI_TEMPORARY_WINDOW_RELEASED
GAXERA: LOCAL_APIC_READY phys=0x00000000fee00000 vector=0xe0
GAXERA: IOAPIC_READY phys=0x00000000fec00000 gsi_base=0
GAXERA: PREEMPTION_TIMER_READY ticks_per_ms=62930
GAXERA: IPC_PRIORITY_INHERITANCE_TEST_START
GAXERA: IPC_PRIORITY_INHERITANCE_OK
Guest-confirmed QEMU test passed.

--- Interrupt & Notification Test ---
=== Building Gaxera Kernel ISO ===
     Removed 321 files, 130.4MiB total
Compiling kernel binary...
   Compiling kernel v0.1.0 (/home/nyx/gaxera/kernel)
    Finished `dev` profile [unoptimized + debuginfo] target(s) in 2.57s
Compiling guest binary (init)...
    Finished `dev` profile [unoptimized + debuginfo] target(s) in 0.04s
Assembling ISO directory structure...
Compiling ramfs binary...
    Finished `dev` profile [unoptimized + debuginfo] target(s) in 0.04s
Compiling script_session binary...
    Finished `dev` profile [unoptimized + debuginfo] target(s) in 0.03s
Packaging GaxFS ramfs.img...
Packaging bootable ISO image via xorriso...
xorriso 1.5.6 : RockRidge filesystem manipulator, libburnia project.

Drive current: -outdev 'stdio:target/gaxera.iso'
Media current: stdio file, overwriteable
Media status : is blank
Media summary: 0 sessions, 0 data blocks, 0 data,  944g free
Added to ISO image: directory '/'='/home/nyx/gaxera/target/iso_root'
xorriso : UPDATE :      16 files added in 1 seconds
xorriso : UPDATE :      16 files added in 1 seconds
ISO image produced: 14562 sectors
Written to medium : 14562 sectors at LBA 0
Writing to 'stdio:target/gaxera.iso' completed successfully.

Installing bootloader record sector...
Physical block size of 512 bytes.
Installing to GPT. Logical block size of 512 bytes.
Secondary header at LBA 0xe387.
Secondary header valid.
Detected ISOHYBRID with a GUID partition table (GPT).
Converting to MBR for improved compatibility...
Conversion successful.
No active partition found, some systems may not boot.
Setting partition 1 as active to work around the issue...
Installing to MBR.
Stage 2 to be located at byte offset 0x200.
Reminder: Remember to copy the limine-bios.sys file in either
          the root, /boot, /limine, or /boot/limine directories of
          one of the partitions on the device, or boot will fail!
Limine BIOS stages installed successfully.
Gaxera packaging successfully compiled to target/gaxera.iso!
=== Launching QEMU Virtual Machine ===
OVMF UEFI firmware detected. Booting in UEFI mode.
Headless mode selected.
[2J[001;001H[=3h[2J[001;001H[2J[001;001H[8;056;240t[2J[001;001H[2J[001;001H[=3h[2J[001;001H[2J[001;001H[8;042;160t[2J[001;001HBdsDxe: loading Boot0002 "UEFI QEMU DVD-ROM QM00003 " from PciRoot(0x0)/Pci(0x1,0x1)/Ata(Secondary,Master,0x0)
BdsDxe: starting Boot0002 "UEFI QEMU DVD-ROM QM00003 " from PciRoot(0x0)/Pci(0x1,0x1)/Ata(Secondary,Master,0x0)
[001;001H[001;001H[001;001Hl[001;002Hi[001;003Hm[001;004Hi[001;005Hn[001;006He[001;007H:[001;008H [001;009HL[001;010Ho[001;011Ha[001;012Hd[001;013Hi[001;014Hn[001;015Hg[001;016H [001;017He[001;018Hx[001;019He[001;020Hc[001;021Hu[001;022Ht[001;023Ha[001;024Hb[001;025Hl[001;026He[001;027H [001;028H`[001;029Hb[001;030Ho[001;031Ho[001;032Ht[001;033H([001;034H)[001;035H:[001;036H/[001;037Hb[001;038Ho[001;039Ho[001;040Ht[001;041H/[001;042Hg[001;043Ha[001;044Hx[001;045He[001;046Hr[001;047Ha[001;048H.[001;049He[001;050Hl[001;051Hf[001;052H`[001;053H.[001;054H.[001;055H.[001;056H[001;001H[002;001Hl[002;002Hi[002;003Hm[002;004Hi[002;005Hn[002;006He[002;007H:[002;008H [002;009HL[002;010Ho[002;011Ha[002;012Hd[002;013Hi[002;014Hn[002;015Hg[002;016H [002;017Hm[002;018Ho[002;019Hd[002;020Hu[002;021Hl[002;022He[002;023H [002;024H`[002;025Hb[002;026Ho[002;027Ho[002;028Ht[002;029H([002;030H)[002;031H:[002;032H/[002;033Hb[002;034Ho[002;035Ho[002;036Ht[002;037H/[002;038Hi[002;039Hn[002;040Hi[002;041Ht[002;042H.[002;043He[002;044Hl[002;045Hf[002;046H`[002;047H.[002;048H.[002;049H.[002;050H[002;001H[003;001Hl[003;002Hi[003;003Hm[003;004Hi[003;005Hn[003;006He[003;007H:[003;008H [003;009HL[003;010Ho[003;011Ha[003;012Hd[003;013Hi[003;014Hn[003;015Hg[003;016H [003;017Hm[003;018Ho[003;019Hd[003;020Hu[003;021Hl[003;022He[003;023H [003;024H`[003;025Hb[003;026Ho[003;027Ho[003;028Ht[003;029H([003;030H)[003;031H:[003;032H/[003;033Hb[003;034Ho[003;035Ho[003;036Ht[003;037H/[003;038Hr[003;039Ha[003;040Hm[003;041Hf[003;042Hs[003;043H.[003;044He[003;045Hl[003;046Hf[003;047H`[003;048H.[003;049H.[003;050H.[003;051H[003;001H[004;001Hl[004;002Hi[004;003Hm[004;004Hi[004;005Hn[004;006He[004;007H:[004;008H [004;009HL[004;010Ho[004;011Ha[004;012Hd[004;013Hi[004;014Hn[004;015Hg[004;016H [004;017Hm[004;018Ho[004;019Hd[004;020Hu[004;021Hl[004;022He[004;023H [004;024H`[004;025Hb[004;026Ho[004;027Ho[004;028Ht[004;029H([004;030H)[004;031H:[004;032H/[004;033Hb[004;034Ho[004;035Ho[004;036Ht[004;037H/[004;038Hs[004;039Hc[004;040Hr[004;041Hi[004;042Hp[004;043Ht[004;044H_[004;045Hs[004;046He[004;047Hs[004;048Hs[004;049Hi[004;050Ho[004;051Hn[004;052H.[004;053He[004;054Hl[004;055Hf[004;056H`[004;057H.[004;058H.[004;059H.[004;060H[004;001H[005;001Hl[005;002Hi[005;003Hm[005;004Hi[005;005Hn[005;006He[005;007H:[005;008H [005;009HL[005;010Ho[005;011Ha[005;012Hd[005;013Hi[005;014Hn[005;015Hg[005;016H [005;017Hm[005;018Ho[005;019Hd[005;020Hu[005;021Hl[005;022He[005;023H [005;024H`[005;025Hb[005;026Ho[005;027Ho[005;028Ht[005;029H([005;030H)[005;031H:[005;032H/[005;033Hb[005;034Ho[005;035Ho[005;036Ht[005;037H/[005;038Hr[005;039Ha[005;040Hm[005;041Hf[005;042Hs[005;043H.[005;044Hi[005;045Hm[005;046Hg[005;047H`[005;048H.[005;049H.[005;050H.[005;051H[005;001H[006;001HGAXERA: BOOT_STACK_READY
GAXERA: DESCRIPTORS_AND_IDT_READY
GAXERA: BOOT_CONTEXT_READY kernel_phys=0x000000001966a000 kernel_virt=0xffffffff80000000 rsdp_phys=0x000000001fb7e014
GAXERA: MEMMAP_BEGIN count=34
GAXERA: MEMMAP_REGION index=0 start=0x0000000000000000 end=0x0000000000087000 len=0x0000000000087000 source_type=0 class=usable allocator=eligible reservation=none
GAXERA: MEMMAP_REGION index=1 start=0x0000000000087000 end=0x0000000000088000 len=0x0000000000001000 source_type=5 class=bootloader-reclaimable allocator=ineligible reservation=none
GAXERA: MEMMAP_REGION index=2 start=0x0000000000088000 end=0x00000000000a0000 len=0x0000000000018000 source_type=0 class=usable allocator=eligible reservation=none
GAXERA: MEMMAP_REGION index=3 start=0x0000000000100000 end=0x0000000000800000 len=0x0000000000700000 source_type=0 class=usable allocator=eligible reservation=none
GAXERA: MEMMAP_REGION index=4 start=0x0000000000800000 end=0x0000000000808000 len=0x0000000000008000 source_type=3 class=acpi-nvs allocator=ineligible reservation=none
GAXERA: MEMMAP_REGION index=5 start=0x0000000000808000 end=0x000000000080b000 len=0x0000000000003000 source_type=0 class=usable allocator=eligible reservation=none
GAXERA: MEMMAP_REGION index=6 start=0x000000000080b000 end=0x000000000080c000 len=0x0000000000001000 source_type=3 class=acpi-nvs allocator=ineligible reservation=none
GAXERA: MEMMAP_REGION index=7 start=0x000000000080c000 end=0x0000000000814000 len=0x0000000000008000 source_type=0 class=usable allocator=eligible reservation=none
GAXERA: MEMMAP_REGION index=8 start=0x0000000000814000 end=0x0000000000900000 len=0x00000000000ec000 source_type=3 class=acpi-nvs allocator=ineligible reservation=none
GAXERA: MEMMAP_REGION index=9 start=0x0000000000900000 end=0x0000000001780000 len=0x0000000000e80000 source_type=5 class=bootloader-reclaimable allocator=ineligible reservation=none
GAXERA: MEMMAP_REGION index=10 start=0x0000000001780000 end=0x0000000018cc6000 len=0x0000000017546000 source_type=0 class=usable allocator=eligible reservation=none
GAXERA: MEMMAP_REGION index=11 start=0x0000000018cc6000 end=0x0000000018cd3000 len=0x000000000000d000 source_type=5 class=bootloader-reclaimable allocator=ineligible reservation=none
GAXERA: MEMMAP_REGION index=12 start=0x0000000018cd3000 end=0x0000000018f82000 len=0x00000000002af000 source_type=6 class=executable-and-modules allocator=ineligible reservation=none
GAXERA: MEMMAP_REGION index=13 start=0x0000000018f82000 end=0x0000000019230000 len=0x00000000002ae000 source_type=6 class=executable-and-modules allocator=ineligible reservation=none
GAXERA: MEMMAP_REGION index=14 start=0x0000000019230000 end=0x000000001966a000 len=0x000000000043a000 source_type=6 class=executable-and-modules allocator=ineligible reservation=none
GAXERA: MEMMAP_REGION index=15 start=0x000000001966a000 end=0x00000000197e7000 len=0x000000000017d000 source_type=6 class=executable-and-modules allocator=ineligible reservation=none
GAXERA: MEMMAP_REGION index=16 start=0x00000000197e7000 end=0x000000001a66c000 len=0x0000000000e85000 source_type=5 class=bootloader-reclaimable allocator=ineligible reservation=none
GAXERA: MEMMAP_REGION index=17 start=0x000000001a66c000 end=0x000000001bf6c000 len=0x0000000001900000 source_type=0 class=usable allocator=eligible reservation=none
GAXERA: MEMMAP_REGION index=18 start=0x000000001bf6c000 end=0x000000001bfaa000 len=0x000000000003e000 source_type=5 class=bootloader-reclaimable allocator=ineligible reservation=none
GAXERA: MEMMAP_REGION index=19 start=0x000000001bfaa000 end=0x000000001bfab000 len=0x0000000000001000 source_type=6 class=executable-and-modules allocator=ineligible reservation=none
GAXERA: MEMMAP_REGION index=20 start=0x000000001bfab000 end=0x000000001bfaf000 len=0x0000000000004000 source_type=5 class=bootloader-reclaimable allocator=ineligible reservation=none
GAXERA: MEMMAP_REGION index=21 start=0x000000001bfaf000 end=0x000000001e6a0000 len=0x00000000026f1000 source_type=0 class=usable allocator=eligible reservation=none
GAXERA: MEMMAP_REGION index=22 start=0x000000001e6a0000 end=0x000000001ed3f000 len=0x000000000069f000 source_type=5 class=bootloader-reclaimable allocator=ineligible reservation=none
GAXERA: MEMMAP_REGION index=23 start=0x000000001ed3f000 end=0x000000001ee00000 len=0x00000000000c1000 source_type=8 class=mapped-reserved allocator=ineligible reservation=none
GAXERA: MEMMAP_REGION index=24 start=0x000000001ee00000 end=0x000000001f8ed000 len=0x0000000000aed000 source_type=5 class=bootloader-reclaimable allocator=ineligible reservation=none
GAXERA: MEMMAP_REGION index=25 start=0x000000001f8ed000 end=0x000000001faed000 len=0x0000000000200000 source_type=8 class=mapped-reserved allocator=ineligible reservation=none
GAXERA: MEMMAP_REGION index=26 start=0x000000001faed000 end=0x000000001fb6d000 len=0x0000000000080000 source_type=1 class=reserved allocator=ineligible reservation=none
GAXERA: MEMMAP_REGION index=27 start=0x000000001fb6d000 end=0x000000001fb7f000 len=0x0000000000012000 source_type=2 class=acpi-reclaimable allocator=ineligible reservation=none
GAXERA: MEMMAP_REGION index=28 start=0x000000001fb7f000 end=0x000000001fbff000 len=0x0000000000080000 source_type=3 class=acpi-nvs allocator=ineligible reservation=none
GAXERA: MEMMAP_REGION index=29 start=0x000000001fbff000 end=0x000000001fef4000 len=0x00000000002f5000 source_type=5 class=bootloader-reclaimable allocator=ineligible reservation=none
GAXERA: MEMMAP_REGION index=30 start=0x000000001fef4000 end=0x000000001ff78000 len=0x0000000000084000 source_type=8 class=mapped-reserved allocator=ineligible reservation=none
GAXERA: MEMMAP_REGION index=31 start=0x000000001ff78000 end=0x0000000020000000 len=0x0000000000088000 source_type=3 class=acpi-nvs allocator=ineligible reservation=none
GAXERA: MEMMAP_REGION index=32 start=0x0000000080000000 end=0x00000000803e8000 len=0x00000000003e8000 source_type=7 class=framebuffer allocator=ineligible reservation=none
GAXERA: MEMMAP_REGION index=33 start=0x000000fd00000000 end=0x0000010000000000 len=0x0000000300000000 source_type=1 class=reserved allocator=ineligible reservation=none
GAXERA: MEMMAP_END
GAXERA: BOOTSTRAP_FRAME_ALLOCATOR_READY ranges=8
GAXERA: PAGING_HHDM_MAPPED
GAXERA: PAGING_TEXT_MAPPED
GAXERA: PAGING_FRAMEBUFFER_MAPPED
GAXERA: PAGE_TABLES_READY root=0x0000000000000000 reservations=3
GAXERA: CR3_GAXERA_OWNED
GAXERA: PHYSICAL_FRAME_ALLOCATOR_READY frames=113889 bitmap_words=1780
GAXERA: MEMORY_FOUNDATION_OK heap=0xfffffe8000001000 size=2097152 lower_guard=0xfffffe8000000000
GAXERA: KERNEL_ENTRY_OK
GAXERA: FRAMEBUFFER_OK (1280x800, pitch: 5120)
GAXERA: TEST_PATTERN_DRAWN
GAXERA: ACPI_MADT_READY local_apic_phys=0x00000000fee00000 override=false
GAXERA: ACPI_TEMPORARY_WINDOW_RELEASED
GAXERA: LOCAL_APIC_READY phys=0x00000000fee00000 vector=0xe0
GAXERA: IOAPIC_READY phys=0x00000000fec00000 gsi_base=0
GAXERA: PREEMPTION_TIMER_READY ticks_per_ms=62948
GAXERA: INTERRUPT_NOTIFICATION_TEST_START
GAXERA: INTERRUPT_NOTIFICATION_OK
Guest-confirmed QEMU test passed.

--- MMIO Driver Foundation Test ---
=== Building Gaxera Kernel ISO ===
     Removed 327 files, 130.6MiB total
Compiling kernel binary...
   Compiling kernel v0.1.0 (/home/nyx/gaxera/kernel)
    Finished `dev` profile [unoptimized + debuginfo] target(s) in 2.52s
Compiling guest binary (init)...
    Finished `dev` profile [unoptimized + debuginfo] target(s) in 0.03s
Assembling ISO directory structure...
Compiling ramfs binary...
    Finished `dev` profile [unoptimized + debuginfo] target(s) in 0.03s
Compiling script_session binary...
    Finished `dev` profile [unoptimized + debuginfo] target(s) in 0.03s
Packaging GaxFS ramfs.img...
Packaging bootable ISO image via xorriso...
xorriso 1.5.6 : RockRidge filesystem manipulator, libburnia project.

Drive current: -outdev 'stdio:target/gaxera.iso'
Media current: stdio file, overwriteable
Media status : is blank
Media summary: 0 sessions, 0 data blocks, 0 data,  944g free
Added to ISO image: directory '/'='/home/nyx/gaxera/target/iso_root'
xorriso : UPDATE :      16 files added in 1 seconds
xorriso : UPDATE :      16 files added in 1 seconds
ISO image produced: 14527 sectors
Written to medium : 14527 sectors at LBA 0
Writing to 'stdio:target/gaxera.iso' completed successfully.

Installing bootloader record sector...
Physical block size of 512 bytes.
Installing to GPT. Logical block size of 512 bytes.
Secondary header at LBA 0xe2fb.
Secondary header valid.
Detected ISOHYBRID with a GUID partition table (GPT).
Converting to MBR for improved compatibility...
Conversion successful.
No active partition found, some systems may not boot.
Setting partition 1 as active to work around the issue...
Installing to MBR.
Stage 2 to be located at byte offset 0x200.
Reminder: Remember to copy the limine-bios.sys file in either
          the root, /boot, /limine, or /boot/limine directories of
          one of the partitions on the device, or boot will fail!
Limine BIOS stages installed successfully.
Gaxera packaging successfully compiled to target/gaxera.iso!
=== Launching QEMU Virtual Machine ===
OVMF UEFI firmware detected. Booting in UEFI mode.
Headless mode selected.
[2J[001;001H[=3h[2J[001;001H[2J[001;001H[8;056;240t[2J[001;001H[2J[001;001H[=3h[2J[001;001H[2J[001;001H[8;042;160t[2J[001;001HBdsDxe: loading Boot0002 "UEFI QEMU DVD-ROM QM00003 " from PciRoot(0x0)/Pci(0x1,0x1)/Ata(Secondary,Master,0x0)
BdsDxe: starting Boot0002 "UEFI QEMU DVD-ROM QM00003 " from PciRoot(0x0)/Pci(0x1,0x1)/Ata(Secondary,Master,0x0)
[001;001H[001;001H[001;001Hl[001;002Hi[001;003Hm[001;004Hi[001;005Hn[001;006He[001;007H:[001;008H [001;009HL[001;010Ho[001;011Ha[001;012Hd[001;013Hi[001;014Hn[001;015Hg[001;016H [001;017He[001;018Hx[001;019He[001;020Hc[001;021Hu[001;022Ht[001;023Ha[001;024Hb[001;025Hl[001;026He[001;027H [001;028H`[001;029Hb[001;030Ho[001;031Ho[001;032Ht[001;033H([001;034H)[001;035H:[001;036H/[001;037Hb[001;038Ho[001;039Ho[001;040Ht[001;041H/[001;042Hg[001;043Ha[001;044Hx[001;045He[001;046Hr[001;047Ha[001;048H.[001;049He[001;050Hl[001;051Hf[001;052H`[001;053H.[001;054H.[001;055H.[001;056H[001;001H[002;001Hl[002;002Hi[002;003Hm[002;004Hi[002;005Hn[002;006He[002;007H:[002;008H [002;009HL[002;010Ho[002;011Ha[002;012Hd[002;013Hi[002;014Hn[002;015Hg[002;016H [002;017Hm[002;018Ho[002;019Hd[002;020Hu[002;021Hl[002;022He[002;023H [002;024H`[002;025Hb[002;026Ho[002;027Ho[002;028Ht[002;029H([002;030H)[002;031H:[002;032H/[002;033Hb[002;034Ho[002;035Ho[002;036Ht[002;037H/[002;038Hi[002;039Hn[002;040Hi[002;041Ht[002;042H.[002;043He[002;044Hl[002;045Hf[002;046H`[002;047H.[002;048H.[002;049H.[002;050H[002;001H[003;001Hl[003;002Hi[003;003Hm[003;004Hi[003;005Hn[003;006He[003;007H:[003;008H [003;009HL[003;010Ho[003;011Ha[003;012Hd[003;013Hi[003;014Hn[003;015Hg[003;016H [003;017Hm[003;018Ho[003;019Hd[003;020Hu[003;021Hl[003;022He[003;023H [003;024H`[003;025Hb[003;026Ho[003;027Ho[003;028Ht[003;029H([003;030H)[003;031H:[003;032H/[003;033Hb[003;034Ho[003;035Ho[003;036Ht[003;037H/[003;038Hr[003;039Ha[003;040Hm[003;041Hf[003;042Hs[003;043H.[003;044He[003;045Hl[003;046Hf[003;047H`[003;048H.[003;049H.[003;050H.[003;051H[003;001H[004;001Hl[004;002Hi[004;003Hm[004;004Hi[004;005Hn[004;006He[004;007H:[004;008H [004;009HL[004;010Ho[004;011Ha[004;012Hd[004;013Hi[004;014Hn[004;015Hg[004;016H [004;017Hm[004;018Ho[004;019Hd[004;020Hu[004;021Hl[004;022He[004;023H [004;024H`[004;025Hb[004;026Ho[004;027Ho[004;028Ht[004;029H([004;030H)[004;031H:[004;032H/[004;033Hb[004;034Ho[004;035Ho[004;036Ht[004;037H/[004;038Hs[004;039Hc[004;040Hr[004;041Hi[004;042Hp[004;043Ht[004;044H_[004;045Hs[004;046He[004;047Hs[004;048Hs[004;049Hi[004;050Ho[004;051Hn[004;052H.[004;053He[004;054Hl[004;055Hf[004;056H`[004;057H.[004;058H.[004;059H.[004;060H[004;001H[005;001Hl[005;002Hi[005;003Hm[005;004Hi[005;005Hn[005;006He[005;007H:[005;008H [005;009HL[005;010Ho[005;011Ha[005;012Hd[005;013Hi[005;014Hn[005;015Hg[005;016H [005;017Hm[005;018Ho[005;019Hd[005;020Hu[005;021Hl[005;022He[005;023H [005;024H`[005;025Hb[005;026Ho[005;027Ho[005;028Ht[005;029H([005;030H)[005;031H:[005;032H/[005;033Hb[005;034Ho[005;035Ho[005;036Ht[005;037H/[005;038Hr[005;039Ha[005;040Hm[005;041Hf[005;042Hs[005;043H.[005;044Hi[005;045Hm[005;046Hg[005;047H`[005;048H.[005;049H.[005;050H.[005;051H[005;001H[006;001HGAXERA: BOOT_STACK_READY
GAXERA: DESCRIPTORS_AND_IDT_READY
GAXERA: BOOT_CONTEXT_READY kernel_phys=0x000000001967d000 kernel_virt=0xffffffff80000000 rsdp_phys=0x000000001fb7e014
GAXERA: MEMMAP_BEGIN count=34
GAXERA: MEMMAP_REGION index=0 start=0x0000000000000000 end=0x0000000000087000 len=0x0000000000087000 source_type=0 class=usable allocator=eligible reservation=none
GAXERA: MEMMAP_REGION index=1 start=0x0000000000087000 end=0x0000000000088000 len=0x0000000000001000 source_type=5 class=bootloader-reclaimable allocator=ineligible reservation=none
GAXERA: MEMMAP_REGION index=2 start=0x0000000000088000 end=0x00000000000a0000 len=0x0000000000018000 source_type=0 class=usable allocator=eligible reservation=none
GAXERA: MEMMAP_REGION index=3 start=0x0000000000100000 end=0x0000000000800000 len=0x0000000000700000 source_type=0 class=usable allocator=eligible reservation=none
GAXERA: MEMMAP_REGION index=4 start=0x0000000000800000 end=0x0000000000808000 len=0x0000000000008000 source_type=3 class=acpi-nvs allocator=ineligible reservation=none
GAXERA: MEMMAP_REGION index=5 start=0x0000000000808000 end=0x000000000080b000 len=0x0000000000003000 source_type=0 class=usable allocator=eligible reservation=none
GAXERA: MEMMAP_REGION index=6 start=0x000000000080b000 end=0x000000000080c000 len=0x0000000000001000 source_type=3 class=acpi-nvs allocator=ineligible reservation=none
GAXERA: MEMMAP_REGION index=7 start=0x000000000080c000 end=0x0000000000814000 len=0x0000000000008000 source_type=0 class=usable allocator=eligible reservation=none
GAXERA: MEMMAP_REGION index=8 start=0x0000000000814000 end=0x0000000000900000 len=0x00000000000ec000 source_type=3 class=acpi-nvs allocator=ineligible reservation=none
GAXERA: MEMMAP_REGION index=9 start=0x0000000000900000 end=0x0000000001780000 len=0x0000000000e80000 source_type=5 class=bootloader-reclaimable allocator=ineligible reservation=none
GAXERA: MEMMAP_REGION index=10 start=0x0000000001780000 end=0x0000000018cd9000 len=0x0000000017559000 source_type=0 class=usable allocator=eligible reservation=none
GAXERA: MEMMAP_REGION index=11 start=0x0000000018cd9000 end=0x0000000018ce6000 len=0x000000000000d000 source_type=5 class=bootloader-reclaimable allocator=ineligible reservation=none
GAXERA: MEMMAP_REGION index=12 start=0x0000000018ce6000 end=0x0000000018f95000 len=0x00000000002af000 source_type=6 class=executable-and-modules allocator=ineligible reservation=none
GAXERA: MEMMAP_REGION index=13 start=0x0000000018f95000 end=0x0000000019243000 len=0x00000000002ae000 source_type=6 class=executable-and-modules allocator=ineligible reservation=none
GAXERA: MEMMAP_REGION index=14 start=0x0000000019243000 end=0x000000001967d000 len=0x000000000043a000 source_type=6 class=executable-and-modules allocator=ineligible reservation=none
GAXERA: MEMMAP_REGION index=15 start=0x000000001967d000 end=0x00000000197f8000 len=0x000000000017b000 source_type=6 class=executable-and-modules allocator=ineligible reservation=none
GAXERA: MEMMAP_REGION index=16 start=0x00000000197f8000 end=0x000000001a66c000 len=0x0000000000e74000 source_type=5 class=bootloader-reclaimable allocator=ineligible reservation=none
GAXERA: MEMMAP_REGION index=17 start=0x000000001a66c000 end=0x000000001bf6c000 len=0x0000000001900000 source_type=0 class=usable allocator=eligible reservation=none
GAXERA: MEMMAP_REGION index=18 start=0x000000001bf6c000 end=0x000000001bfaa000 len=0x000000000003e000 source_type=5 class=bootloader-reclaimable allocator=ineligible reservation=none
GAXERA: MEMMAP_REGION index=19 start=0x000000001bfaa000 end=0x000000001bfab000 len=0x0000000000001000 source_type=6 class=executable-and-modules allocator=ineligible reservation=none
GAXERA: MEMMAP_REGION index=20 start=0x000000001bfab000 end=0x000000001bfaf000 len=0x0000000000004000 source_type=5 class=bootloader-reclaimable allocator=ineligible reservation=none
GAXERA: MEMMAP_REGION index=21 start=0x000000001bfaf000 end=0x000000001e6a0000 len=0x00000000026f1000 source_type=0 class=usable allocator=eligible reservation=none
GAXERA: MEMMAP_REGION index=22 start=0x000000001e6a0000 end=0x000000001ed3f000 len=0x000000000069f000 source_type=5 class=bootloader-reclaimable allocator=ineligible reservation=none
GAXERA: MEMMAP_REGION index=23 start=0x000000001ed3f000 end=0x000000001ee00000 len=0x00000000000c1000 source_type=8 class=mapped-reserved allocator=ineligible reservation=none
GAXERA: MEMMAP_REGION index=24 start=0x000000001ee00000 end=0x000000001f8ed000 len=0x0000000000aed000 source_type=5 class=bootloader-reclaimable allocator=ineligible reservation=none
GAXERA: MEMMAP_REGION index=25 start=0x000000001f8ed000 end=0x000000001faed000 len=0x0000000000200000 source_type=8 class=mapped-reserved allocator=ineligible reservation=none
GAXERA: MEMMAP_REGION index=26 start=0x000000001faed000 end=0x000000001fb6d000 len=0x0000000000080000 source_type=1 class=reserved allocator=ineligible reservation=none
GAXERA: MEMMAP_REGION index=27 start=0x000000001fb6d000 end=0x000000001fb7f000 len=0x0000000000012000 source_type=2 class=acpi-reclaimable allocator=ineligible reservation=none
GAXERA: MEMMAP_REGION index=28 start=0x000000001fb7f000 end=0x000000001fbff000 len=0x0000000000080000 source_type=3 class=acpi-nvs allocator=ineligible reservation=none
GAXERA: MEMMAP_REGION index=29 start=0x000000001fbff000 end=0x000000001fef4000 len=0x00000000002f5000 source_type=5 class=bootloader-reclaimable allocator=ineligible reservation=none
GAXERA: MEMMAP_REGION index=30 start=0x000000001fef4000 end=0x000000001ff78000 len=0x0000000000084000 source_type=8 class=mapped-reserved allocator=ineligible reservation=none
GAXERA: MEMMAP_REGION index=31 start=0x000000001ff78000 end=0x0000000020000000 len=0x0000000000088000 source_type=3 class=acpi-nvs allocator=ineligible reservation=none
GAXERA: MEMMAP_REGION index=32 start=0x0000000080000000 end=0x00000000803e8000 len=0x00000000003e8000 source_type=7 class=framebuffer allocator=ineligible reservation=none
GAXERA: MEMMAP_REGION index=33 start=0x000000fd00000000 end=0x0000010000000000 len=0x0000000300000000 source_type=1 class=reserved allocator=ineligible reservation=none
GAXERA: MEMMAP_END
GAXERA: BOOTSTRAP_FRAME_ALLOCATOR_READY ranges=8
GAXERA: PAGING_HHDM_MAPPED
GAXERA: PAGING_TEXT_MAPPED
GAXERA: PAGING_FRAMEBUFFER_MAPPED
GAXERA: PAGE_TABLES_READY root=0x0000000000000000 reservations=3
GAXERA: CR3_GAXERA_OWNED
GAXERA: PHYSICAL_FRAME_ALLOCATOR_READY frames=113908 bitmap_words=1780
GAXERA: MEMORY_FOUNDATION_OK heap=0xfffffe8000001000 size=2097152 lower_guard=0xfffffe8000000000
GAXERA: KERNEL_ENTRY_OK
GAXERA: FRAMEBUFFER_OK (1280x800, pitch: 5120)
GAXERA: TEST_PATTERN_DRAWN
GAXERA: ACPI_MADT_READY local_apic_phys=0x00000000fee00000 override=false
GAXERA: ACPI_TEMPORARY_WINDOW_RELEASED
GAXERA: LOCAL_APIC_READY phys=0x00000000fee00000 vector=0xe0
GAXERA: IOAPIC_READY phys=0x00000000fec00000 gsi_base=0
GAXERA: PREEMPTION_TIMER_READY ticks_per_ms=62941
GAXERA: MMIO_DRIVER_TEST_START
GAXERA: MMIO_DRIVER_OK
Guest-confirmed QEMU test passed.

--- Userspace Runtime Test ---
=== Building Gaxera Kernel ISO ===
     Removed 317 files, 130.2MiB total
Compiling kernel binary...
   Compiling kernel v0.1.0 (/home/nyx/gaxera/kernel)
    Finished `dev` profile [unoptimized + debuginfo] target(s) in 2.57s
Compiling guest binary (init)...
    Finished `dev` profile [unoptimized + debuginfo] target(s) in 0.03s
Assembling ISO directory structure...
Compiling ramfs binary...
    Finished `dev` profile [unoptimized + debuginfo] target(s) in 0.03s
Compiling script_session binary...
    Finished `dev` profile [unoptimized + debuginfo] target(s) in 0.03s
Packaging GaxFS ramfs.img...
Packaging bootable ISO image via xorriso...
xorriso 1.5.6 : RockRidge filesystem manipulator, libburnia project.

Drive current: -outdev 'stdio:target/gaxera.iso'
Media current: stdio file, overwriteable
Media status : is blank
Media summary: 0 sessions, 0 data blocks, 0 data,  944g free
Added to ISO image: directory '/'='/home/nyx/gaxera/target/iso_root'
xorriso : UPDATE :      16 files added in 1 seconds
xorriso : UPDATE :      16 files added in 1 seconds
ISO image produced: 14590 sectors
Written to medium : 14590 sectors at LBA 0
Writing to 'stdio:target/gaxera.iso' completed successfully.

Installing bootloader record sector...
Physical block size of 512 bytes.
Installing to GPT. Logical block size of 512 bytes.
Secondary header at LBA 0xe3f7.
Secondary header valid.
Detected ISOHYBRID with a GUID partition table (GPT).
Converting to MBR for improved compatibility...
Conversion successful.
No active partition found, some systems may not boot.
Setting partition 1 as active to work around the issue...
Installing to MBR.
Stage 2 to be located at byte offset 0x200.
Reminder: Remember to copy the limine-bios.sys file in either
          the root, /boot, /limine, or /boot/limine directories of
          one of the partitions on the device, or boot will fail!
Limine BIOS stages installed successfully.
Gaxera packaging successfully compiled to target/gaxera.iso!
=== Launching QEMU Virtual Machine ===
OVMF UEFI firmware detected. Booting in UEFI mode.
Headless mode selected.
[2J[001;001H[=3h[2J[001;001H[2J[001;001H[8;056;240t[2J[001;001H[2J[001;001H[=3h[2J[001;001H[2J[001;001H[8;042;160t[2J[001;001HBdsDxe: loading Boot0002 "UEFI QEMU DVD-ROM QM00003 " from PciRoot(0x0)/Pci(0x1,0x1)/Ata(Secondary,Master,0x0)
BdsDxe: starting Boot0002 "UEFI QEMU DVD-ROM QM00003 " from PciRoot(0x0)/Pci(0x1,0x1)/Ata(Secondary,Master,0x0)
[001;001H[001;001H[001;001Hl[001;002Hi[001;003Hm[001;004Hi[001;005Hn[001;006He[001;007H:[001;008H [001;009HL[001;010Ho[001;011Ha[001;012Hd[001;013Hi[001;014Hn[001;015Hg[001;016H [001;017He[001;018Hx[001;019He[001;020Hc[001;021Hu[001;022Ht[001;023Ha[001;024Hb[001;025Hl[001;026He[001;027H [001;028H`[001;029Hb[001;030Ho[001;031Ho[001;032Ht[001;033H([001;034H)[001;035H:[001;036H/[001;037Hb[001;038Ho[001;039Ho[001;040Ht[001;041H/[001;042Hg[001;043Ha[001;044Hx[001;045He[001;046Hr[001;047Ha[001;048H.[001;049He[001;050Hl[001;051Hf[001;052H`[001;053H.[001;054H.[001;055H.[001;056H[001;001H[002;001Hl[002;002Hi[002;003Hm[002;004Hi[002;005Hn[002;006He[002;007H:[002;008H [002;009HL[002;010Ho[002;011Ha[002;012Hd[002;013Hi[002;014Hn[002;015Hg[002;016H [002;017Hm[002;018Ho[002;019Hd[002;020Hu[002;021Hl[002;022He[002;023H [002;024H`[002;025Hb[002;026Ho[002;027Ho[002;028Ht[002;029H([002;030H)[002;031H:[002;032H/[002;033Hb[002;034Ho[002;035Ho[002;036Ht[002;037H/[002;038Hi[002;039Hn[002;040Hi[002;041Ht[002;042H.[002;043He[002;044Hl[002;045Hf[002;046H`[002;047H.[002;048H.[002;049H.[002;050H[002;001H[003;001Hl[003;002Hi[003;003Hm[003;004Hi[003;005Hn[003;006He[003;007H:[003;008H [003;009HL[003;010Ho[003;011Ha[003;012Hd[003;013Hi[003;014Hn[003;015Hg[003;016H [003;017Hm[003;018Ho[003;019Hd[003;020Hu[003;021Hl[003;022He[003;023H [003;024H`[003;025Hb[003;026Ho[003;027Ho[003;028Ht[003;029H([003;030H)[003;031H:[003;032H/[003;033Hb[003;034Ho[003;035Ho[003;036Ht[003;037H/[003;038Hr[003;039Ha[003;040Hm[003;041Hf[003;042Hs[003;043H.[003;044He[003;045Hl[003;046Hf[003;047H`[003;048H.[003;049H.[003;050H.[003;051H[003;001H[004;001Hl[004;002Hi[004;003Hm[004;004Hi[004;005Hn[004;006He[004;007H:[004;008H [004;009HL[004;010Ho[004;011Ha[004;012Hd[004;013Hi[004;014Hn[004;015Hg[004;016H [004;017Hm[004;018Ho[004;019Hd[004;020Hu[004;021Hl[004;022He[004;023H [004;024H`[004;025Hb[004;026Ho[004;027Ho[004;028Ht[004;029H([004;030H)[004;031H:[004;032H/[004;033Hb[004;034Ho[004;035Ho[004;036Ht[004;037H/[004;038Hs[004;039Hc[004;040Hr[004;041Hi[004;042Hp[004;043Ht[004;044H_[004;045Hs[004;046He[004;047Hs[004;048Hs[004;049Hi[004;050Ho[004;051Hn[004;052H.[004;053He[004;054Hl[004;055Hf[004;056H`[004;057H.[004;058H.[004;059H.[004;060H[004;001H[005;001Hl[005;002Hi[005;003Hm[005;004Hi[005;005Hn[005;006He[005;007H:[005;008H [005;009HL[005;010Ho[005;011Ha[005;012Hd[005;013Hi[005;014Hn[005;015Hg[005;016H [005;017Hm[005;018Ho[005;019Hd[005;020Hu[005;021Hl[005;022He[005;023H [005;024H`[005;025Hb[005;026Ho[005;027Ho[005;028Ht[005;029H([005;030H)[005;031H:[005;032H/[005;033Hb[005;034Ho[005;035Ho[005;036Ht[005;037H/[005;038Hr[005;039Ha[005;040Hm[005;041Hf[005;042Hs[005;043H.[005;044Hi[005;045Hm[005;046Hg[005;047H`[005;048H.[005;049H.[005;050H.[005;051H[005;001H[006;001HGAXERA: BOOT_STACK_READY
GAXERA: DESCRIPTORS_AND_IDT_READY
GAXERA: BOOT_CONTEXT_READY kernel_phys=0x000000001965e000 kernel_virt=0xffffffff80000000 rsdp_phys=0x000000001fb7e014
GAXERA: MEMMAP_BEGIN count=34
GAXERA: MEMMAP_REGION index=0 start=0x0000000000000000 end=0x0000000000087000 len=0x0000000000087000 source_type=0 class=usable allocator=eligible reservation=none
GAXERA: MEMMAP_REGION index=1 start=0x0000000000087000 end=0x0000000000088000 len=0x0000000000001000 source_type=5 class=bootloader-reclaimable allocator=ineligible reservation=none
GAXERA: MEMMAP_REGION index=2 start=0x0000000000088000 end=0x00000000000a0000 len=0x0000000000018000 source_type=0 class=usable allocator=eligible reservation=none
GAXERA: MEMMAP_REGION index=3 start=0x0000000000100000 end=0x0000000000800000 len=0x0000000000700000 source_type=0 class=usable allocator=eligible reservation=none
GAXERA: MEMMAP_REGION index=4 start=0x0000000000800000 end=0x0000000000808000 len=0x0000000000008000 source_type=3 class=acpi-nvs allocator=ineligible reservation=none
GAXERA: MEMMAP_REGION index=5 start=0x0000000000808000 end=0x000000000080b000 len=0x0000000000003000 source_type=0 class=usable allocator=eligible reservation=none
GAXERA: MEMMAP_REGION index=6 start=0x000000000080b000 end=0x000000000080c000 len=0x0000000000001000 source_type=3 class=acpi-nvs allocator=ineligible reservation=none
GAXERA: MEMMAP_REGION index=7 start=0x000000000080c000 end=0x0000000000814000 len=0x0000000000008000 source_type=0 class=usable allocator=eligible reservation=none
GAXERA: MEMMAP_REGION index=8 start=0x0000000000814000 end=0x0000000000900000 len=0x00000000000ec000 source_type=3 class=acpi-nvs allocator=ineligible reservation=none
GAXERA: MEMMAP_REGION index=9 start=0x0000000000900000 end=0x0000000001780000 len=0x0000000000e80000 source_type=5 class=bootloader-reclaimable allocator=ineligible reservation=none
GAXERA: MEMMAP_REGION index=10 start=0x0000000001780000 end=0x0000000018cba000 len=0x000000001753a000 source_type=0 class=usable allocator=eligible reservation=none
GAXERA: MEMMAP_REGION index=11 start=0x0000000018cba000 end=0x0000000018cc7000 len=0x000000000000d000 source_type=5 class=bootloader-reclaimable allocator=ineligible reservation=none
GAXERA: MEMMAP_REGION index=12 start=0x0000000018cc7000 end=0x0000000018f76000 len=0x00000000002af000 source_type=6 class=executable-and-modules allocator=ineligible reservation=none
GAXERA: MEMMAP_REGION index=13 start=0x0000000018f76000 end=0x0000000019224000 len=0x00000000002ae000 source_type=6 class=executable-and-modules allocator=ineligible reservation=none
GAXERA: MEMMAP_REGION index=14 start=0x0000000019224000 end=0x000000001965e000 len=0x000000000043a000 source_type=6 class=executable-and-modules allocator=ineligible reservation=none
GAXERA: MEMMAP_REGION index=15 start=0x000000001965e000 end=0x00000000197d9000 len=0x000000000017b000 source_type=6 class=executable-and-modules allocator=ineligible reservation=none
GAXERA: MEMMAP_REGION index=16 start=0x00000000197d9000 end=0x000000001a66c000 len=0x0000000000e93000 source_type=5 class=bootloader-reclaimable allocator=ineligible reservation=none
GAXERA: MEMMAP_REGION index=17 start=0x000000001a66c000 end=0x000000001bf6c000 len=0x0000000001900000 source_type=0 class=usable allocator=eligible reservation=none
GAXERA: MEMMAP_REGION index=18 start=0x000000001bf6c000 end=0x000000001bfaa000 len=0x000000000003e000 source_type=5 class=bootloader-reclaimable allocator=ineligible reservation=none
GAXERA: MEMMAP_REGION index=19 start=0x000000001bfaa000 end=0x000000001bfab000 len=0x0000000000001000 source_type=6 class=executable-and-modules allocator=ineligible reservation=none
GAXERA: MEMMAP_REGION index=20 start=0x000000001bfab000 end=0x000000001bfaf000 len=0x0000000000004000 source_type=5 class=bootloader-reclaimable allocator=ineligible reservation=none
GAXERA: MEMMAP_REGION index=21 start=0x000000001bfaf000 end=0x000000001e6a0000 len=0x00000000026f1000 source_type=0 class=usable allocator=eligible reservation=none
GAXERA: MEMMAP_REGION index=22 start=0x000000001e6a0000 end=0x000000001ed3f000 len=0x000000000069f000 source_type=5 class=bootloader-reclaimable allocator=ineligible reservation=none
GAXERA: MEMMAP_REGION index=23 start=0x000000001ed3f000 end=0x000000001ee00000 len=0x00000000000c1000 source_type=8 class=mapped-reserved allocator=ineligible reservation=none
GAXERA: MEMMAP_REGION index=24 start=0x000000001ee00000 end=0x000000001f8ed000 len=0x0000000000aed000 source_type=5 class=bootloader-reclaimable allocator=ineligible reservation=none
GAXERA: MEMMAP_REGION index=25 start=0x000000001f8ed000 end=0x000000001faed000 len=0x0000000000200000 source_type=8 class=mapped-reserved allocator=ineligible reservation=none
GAXERA: MEMMAP_REGION index=26 start=0x000000001faed000 end=0x000000001fb6d000 len=0x0000000000080000 source_type=1 class=reserved allocator=ineligible reservation=none
GAXERA: MEMMAP_REGION index=27 start=0x000000001fb6d000 end=0x000000001fb7f000 len=0x0000000000012000 source_type=2 class=acpi-reclaimable allocator=ineligible reservation=none
GAXERA: MEMMAP_REGION index=28 start=0x000000001fb7f000 end=0x000000001fbff000 len=0x0000000000080000 source_type=3 class=acpi-nvs allocator=ineligible reservation=none
GAXERA: MEMMAP_REGION index=29 start=0x000000001fbff000 end=0x000000001fef4000 len=0x00000000002f5000 source_type=5 class=bootloader-reclaimable allocator=ineligible reservation=none
GAXERA: MEMMAP_REGION index=30 start=0x000000001fef4000 end=0x000000001ff78000 len=0x0000000000084000 source_type=8 class=mapped-reserved allocator=ineligible reservation=none
GAXERA: MEMMAP_REGION index=31 start=0x000000001ff78000 end=0x0000000020000000 len=0x0000000000088000 source_type=3 class=acpi-nvs allocator=ineligible reservation=none
GAXERA: MEMMAP_REGION index=32 start=0x0000000080000000 end=0x00000000803e8000 len=0x00000000003e8000 source_type=7 class=framebuffer allocator=ineligible reservation=none
GAXERA: MEMMAP_REGION index=33 start=0x000000fd00000000 end=0x0000010000000000 len=0x0000000300000000 source_type=1 class=reserved allocator=ineligible reservation=none
GAXERA: MEMMAP_END
GAXERA: BOOTSTRAP_FRAME_ALLOCATOR_READY ranges=8
GAXERA: PAGING_HHDM_MAPPED
GAXERA: PAGING_TEXT_MAPPED
GAXERA: PAGING_FRAMEBUFFER_MAPPED
GAXERA: PAGE_TABLES_READY root=0x0000000000000000 reservations=3
GAXERA: CR3_GAXERA_OWNED
GAXERA: PHYSICAL_FRAME_ALLOCATOR_READY frames=113877 bitmap_words=1780
GAXERA: MEMORY_FOUNDATION_OK heap=0xfffffe8000001000 size=2097152 lower_guard=0xfffffe8000000000
GAXERA: KERNEL_ENTRY_OK
GAXERA: FRAMEBUFFER_OK (1280x800, pitch: 5120)
GAXERA: TEST_PATTERN_DRAWN
GAXERA: ACPI_MADT_READY local_apic_phys=0x00000000fee00000 override=false
GAXERA: ACPI_TEMPORARY_WINDOW_RELEASED
GAXERA: LOCAL_APIC_READY phys=0x00000000fee00000 vector=0xe0
GAXERA: IOAPIC_READY phys=0x00000000fec00000 gsi_base=0
GAXERA: PREEMPTION_TIMER_READY ticks_per_ms=62901
GAXERA: USERSPACE_RUNTIME_TEST_START
GAXERA: USERSPACE_RUNTIME_OK
Guest-confirmed QEMU test passed.

--- Ring-3 Memory Lifecycle Test ---
=== Building Gaxera Kernel ISO ===
     Removed 317 files, 130.4MiB total
Compiling kernel binary...
   Compiling kernel v0.1.0 (/home/nyx/gaxera/kernel)
    Finished `dev` profile [unoptimized + debuginfo] target(s) in 2.62s
Compiling guest binary (userspace-tests)...
   Compiling userspace-tests v0.1.0 (/home/nyx/gaxera/crates/userspace-tests)
    Finished `dev` profile [unoptimized + debuginfo] target(s) in 0.50s
Assembling ISO directory structure...
Compiling ramfs binary...
    Finished `dev` profile [unoptimized + debuginfo] target(s) in 0.03s
Compiling script_session binary...
    Finished `dev` profile [unoptimized + debuginfo] target(s) in 0.03s
Packaging GaxFS ramfs.img...
Packaging bootable ISO image via xorriso...
xorriso 1.5.6 : RockRidge filesystem manipulator, libburnia project.

Drive current: -outdev 'stdio:target/gaxera.iso'
Media current: stdio file, overwriteable
Media status : is blank
Media summary: 0 sessions, 0 data blocks, 0 data,  943g free
Added to ISO image: directory '/'='/home/nyx/gaxera/target/iso_root'
xorriso : UPDATE :      16 files added in 1 seconds
xorriso : UPDATE :      16 files added in 1 seconds
ISO image produced: 14515 sectors
Written to medium : 14515 sectors at LBA 0
Writing to 'stdio:target/gaxera.iso' completed successfully.

Installing bootloader record sector...
Physical block size of 512 bytes.
Installing to GPT. Logical block size of 512 bytes.
Secondary header at LBA 0xe2cb.
Secondary header valid.
Detected ISOHYBRID with a GUID partition table (GPT).
Converting to MBR for improved compatibility...
Conversion successful.
No active partition found, some systems may not boot.
Setting partition 1 as active to work around the issue...
Installing to MBR.
Stage 2 to be located at byte offset 0x200.
Reminder: Remember to copy the limine-bios.sys file in either
          the root, /boot, /limine, or /boot/limine directories of
          one of the partitions on the device, or boot will fail!
Limine BIOS stages installed successfully.
Gaxera packaging successfully compiled to target/gaxera.iso!
=== Launching QEMU Virtual Machine ===
OVMF UEFI firmware detected. Booting in UEFI mode.
Headless mode selected.
[2J[001;001H[=3h[2J[001;001H[2J[001;001H[8;056;240t[2J[001;001H[2J[001;001H[=3h[2J[001;001H[2J[001;001H[8;042;160t[2J[001;001HBdsDxe: loading Boot0002 "UEFI QEMU DVD-ROM QM00003 " from PciRoot(0x0)/Pci(0x1,0x1)/Ata(Secondary,Master,0x0)
BdsDxe: starting Boot0002 "UEFI QEMU DVD-ROM QM00003 " from PciRoot(0x0)/Pci(0x1,0x1)/Ata(Secondary,Master,0x0)
[001;001H[001;001H[001;001Hl[001;002Hi[001;003Hm[001;004Hi[001;005Hn[001;006He[001;007H:[001;008H [001;009HL[001;010Ho[001;011Ha[001;012Hd[001;013Hi[001;014Hn[001;015Hg[001;016H [001;017He[001;018Hx[001;019He[001;020Hc[001;021Hu[001;022Ht[001;023Ha[001;024Hb[001;025Hl[001;026He[001;027H [001;028H`[001;029Hb[001;030Ho[001;031Ho[001;032Ht[001;033H([001;034H)[001;035H:[001;036H/[001;037Hb[001;038Ho[001;039Ho[001;040Ht[001;041H/[001;042Hg[001;043Ha[001;044Hx[001;045He[001;046Hr[001;047Ha[001;048H.[001;049He[001;050Hl[001;051Hf[001;052H`[001;053H.[001;054H.[001;055H.[001;056H[001;001H[002;001Hl[002;002Hi[002;003Hm[002;004Hi[002;005Hn[002;006He[002;007H:[002;008H [002;009HL[002;010Ho[002;011Ha[002;012Hd[002;013Hi[002;014Hn[002;015Hg[002;016H [002;017Hm[002;018Ho[002;019Hd[002;020Hu[002;021Hl[002;022He[002;023H [002;024H`[002;025Hb[002;026Ho[002;027Ho[002;028Ht[002;029H([002;030H)[002;031H:[002;032H/[002;033Hb[002;034Ho[002;035Ho[002;036Ht[002;037H/[002;038Hi[002;039Hn[002;040Hi[002;041Ht[002;042H.[002;043He[002;044Hl[002;045Hf[002;046H`[002;047H.[002;048H.[002;049H.[002;050H[002;001H[003;001Hl[003;002Hi[003;003Hm[003;004Hi[003;005Hn[003;006He[003;007H:[003;008H [003;009HL[003;010Ho[003;011Ha[003;012Hd[003;013Hi[003;014Hn[003;015Hg[003;016H [003;017Hm[003;018Ho[003;019Hd[003;020Hu[003;021Hl[003;022He[003;023H [003;024H`[003;025Hb[003;026Ho[003;027Ho[003;028Ht[003;029H([003;030H)[003;031H:[003;032H/[003;033Hb[003;034Ho[003;035Ho[003;036Ht[003;037H/[003;038Hr[003;039Ha[003;040Hm[003;041Hf[003;042Hs[003;043H.[003;044He[003;045Hl[003;046Hf[003;047H`[003;048H.[003;049H.[003;050H.[003;051H[003;001H[004;001Hl[004;002Hi[004;003Hm[004;004Hi[004;005Hn[004;006He[004;007H:[004;008H [004;009HL[004;010Ho[004;011Ha[004;012Hd[004;013Hi[004;014Hn[004;015Hg[004;016H [004;017Hm[004;018Ho[004;019Hd[004;020Hu[004;021Hl[004;022He[004;023H [004;024H`[004;025Hb[004;026Ho[004;027Ho[004;028Ht[004;029H([004;030H)[004;031H:[004;032H/[004;033Hb[004;034Ho[004;035Ho[004;036Ht[004;037H/[004;038Hs[004;039Hc[004;040Hr[004;041Hi[004;042Hp[004;043Ht[004;044H_[004;045Hs[004;046He[004;047Hs[004;048Hs[004;049Hi[004;050Ho[004;051Hn[004;052H.[004;053He[004;054Hl[004;055Hf[004;056H`[004;057H.[004;058H.[004;059H.[004;060H[004;001H[005;001Hl[005;002Hi[005;003Hm[005;004Hi[005;005Hn[005;006He[005;007H:[005;008H [005;009HL[005;010Ho[005;011Ha[005;012Hd[005;013Hi[005;014Hn[005;015Hg[005;016H [005;017Hm[005;018Ho[005;019Hd[005;020Hu[005;021Hl[005;022He[005;023H [005;024H`[005;025Hb[005;026Ho[005;027Ho[005;028Ht[005;029H([005;030H)[005;031H:[005;032H/[005;033Hb[005;034Ho[005;035Ho[005;036Ht[005;037H/[005;038Hr[005;039Ha[005;040Hm[005;041Hf[005;042Hs[005;043H.[005;044Hi[005;045Hm[005;046Hg[005;047H`[005;048H.[005;049H.[005;050H.[005;051H[005;001H[006;001HGAXERA: BOOT_STACK_READY
GAXERA: DESCRIPTORS_AND_IDT_READY
GAXERA: BOOT_CONTEXT_READY kernel_phys=0x0000000019659000 kernel_virt=0xffffffff80000000 rsdp_phys=0x000000001fb7e014
GAXERA: MEMMAP_BEGIN count=34
GAXERA: MEMMAP_REGION index=0 start=0x0000000000000000 end=0x0000000000087000 len=0x0000000000087000 source_type=0 class=usable allocator=eligible reservation=none
GAXERA: MEMMAP_REGION index=1 start=0x0000000000087000 end=0x0000000000088000 len=0x0000000000001000 source_type=5 class=bootloader-reclaimable allocator=ineligible reservation=none
GAXERA: MEMMAP_REGION index=2 start=0x0000000000088000 end=0x00000000000a0000 len=0x0000000000018000 source_type=0 class=usable allocator=eligible reservation=none
GAXERA: MEMMAP_REGION index=3 start=0x0000000000100000 end=0x0000000000800000 len=0x0000000000700000 source_type=0 class=usable allocator=eligible reservation=none
GAXERA: MEMMAP_REGION index=4 start=0x0000000000800000 end=0x0000000000808000 len=0x0000000000008000 source_type=3 class=acpi-nvs allocator=ineligible reservation=none
GAXERA: MEMMAP_REGION index=5 start=0x0000000000808000 end=0x000000000080b000 len=0x0000000000003000 source_type=0 class=usable allocator=eligible reservation=none
GAXERA: MEMMAP_REGION index=6 start=0x000000000080b000 end=0x000000000080c000 len=0x0000000000001000 source_type=3 class=acpi-nvs allocator=ineligible reservation=none
GAXERA: MEMMAP_REGION index=7 start=0x000000000080c000 end=0x0000000000814000 len=0x0000000000008000 source_type=0 class=usable allocator=eligible reservation=none
GAXERA: MEMMAP_REGION index=8 start=0x0000000000814000 end=0x0000000000900000 len=0x00000000000ec000 source_type=3 class=acpi-nvs allocator=ineligible reservation=none
GAXERA: MEMMAP_REGION index=9 start=0x0000000000900000 end=0x0000000001780000 len=0x0000000000e80000 source_type=5 class=bootloader-reclaimable allocator=ineligible reservation=none
GAXERA: MEMMAP_REGION index=10 start=0x0000000001780000 end=0x0000000018cd2000 len=0x0000000017552000 source_type=0 class=usable allocator=eligible reservation=none
GAXERA: MEMMAP_REGION index=11 start=0x0000000018cd2000 end=0x0000000018cdf000 len=0x000000000000d000 source_type=5 class=bootloader-reclaimable allocator=ineligible reservation=none
GAXERA: MEMMAP_REGION index=12 start=0x0000000018cdf000 end=0x0000000018f8e000 len=0x00000000002af000 source_type=6 class=executable-and-modules allocator=ineligible reservation=none
GAXERA: MEMMAP_REGION index=13 start=0x0000000018f8e000 end=0x000000001923c000 len=0x00000000002ae000 source_type=6 class=executable-and-modules allocator=ineligible reservation=none
GAXERA: MEMMAP_REGION index=14 start=0x000000001923c000 end=0x0000000019659000 len=0x000000000041d000 source_type=6 class=executable-and-modules allocator=ineligible reservation=none
GAXERA: MEMMAP_REGION index=15 start=0x0000000019659000 end=0x00000000197e1000 len=0x0000000000188000 source_type=6 class=executable-and-modules allocator=ineligible reservation=none
GAXERA: MEMMAP_REGION index=16 start=0x00000000197e1000 end=0x000000001a66c000 len=0x0000000000e8b000 source_type=5 class=bootloader-reclaimable allocator=ineligible reservation=none
GAXERA: MEMMAP_REGION index=17 start=0x000000001a66c000 end=0x000000001bf6c000 len=0x0000000001900000 source_type=0 class=usable allocator=eligible reservation=none
GAXERA: MEMMAP_REGION index=18 start=0x000000001bf6c000 end=0x000000001bfaa000 len=0x000000000003e000 source_type=5 class=bootloader-reclaimable allocator=ineligible reservation=none
GAXERA: MEMMAP_REGION index=19 start=0x000000001bfaa000 end=0x000000001bfab000 len=0x0000000000001000 source_type=6 class=executable-and-modules allocator=ineligible reservation=none
GAXERA: MEMMAP_REGION index=20 start=0x000000001bfab000 end=0x000000001bfaf000 len=0x0000000000004000 source_type=5 class=bootloader-reclaimable allocator=ineligible reservation=none
GAXERA: MEMMAP_REGION index=21 start=0x000000001bfaf000 end=0x000000001e6a0000 len=0x00000000026f1000 source_type=0 class=usable allocator=eligible reservation=none
GAXERA: MEMMAP_REGION index=22 start=0x000000001e6a0000 end=0x000000001ed3f000 len=0x000000000069f000 source_type=5 class=bootloader-reclaimable allocator=ineligible reservation=none
GAXERA: MEMMAP_REGION index=23 start=0x000000001ed3f000 end=0x000000001ee00000 len=0x00000000000c1000 source_type=8 class=mapped-reserved allocator=ineligible reservation=none
GAXERA: MEMMAP_REGION index=24 start=0x000000001ee00000 end=0x000000001f8ed000 len=0x0000000000aed000 source_type=5 class=bootloader-reclaimable allocator=ineligible reservation=none
GAXERA: MEMMAP_REGION index=25 start=0x000000001f8ed000 end=0x000000001faed000 len=0x0000000000200000 source_type=8 class=mapped-reserved allocator=ineligible reservation=none
GAXERA: MEMMAP_REGION index=26 start=0x000000001faed000 end=0x000000001fb6d000 len=0x0000000000080000 source_type=1 class=reserved allocator=ineligible reservation=none
GAXERA: MEMMAP_REGION index=27 start=0x000000001fb6d000 end=0x000000001fb7f000 len=0x0000000000012000 source_type=2 class=acpi-reclaimable allocator=ineligible reservation=none
GAXERA: MEMMAP_REGION index=28 start=0x000000001fb7f000 end=0x000000001fbff000 len=0x0000000000080000 source_type=3 class=acpi-nvs allocator=ineligible reservation=none
GAXERA: MEMMAP_REGION index=29 start=0x000000001fbff000 end=0x000000001fef4000 len=0x00000000002f5000 source_type=5 class=bootloader-reclaimable allocator=ineligible reservation=none
GAXERA: MEMMAP_REGION index=30 start=0x000000001fef4000 end=0x000000001ff78000 len=0x0000000000084000 source_type=8 class=mapped-reserved allocator=ineligible reservation=none
GAXERA: MEMMAP_REGION index=31 start=0x000000001ff78000 end=0x0000000020000000 len=0x0000000000088000 source_type=3 class=acpi-nvs allocator=ineligible reservation=none
GAXERA: MEMMAP_REGION index=32 start=0x0000000080000000 end=0x00000000803e8000 len=0x00000000003e8000 source_type=7 class=framebuffer allocator=ineligible reservation=none
GAXERA: MEMMAP_REGION index=33 start=0x000000fd00000000 end=0x0000010000000000 len=0x0000000300000000 source_type=1 class=reserved allocator=ineligible reservation=none
GAXERA: MEMMAP_END
GAXERA: BOOTSTRAP_FRAME_ALLOCATOR_READY ranges=8
GAXERA: PAGING_HHDM_MAPPED
GAXERA: PAGING_TEXT_MAPPED
GAXERA: PAGING_FRAMEBUFFER_MAPPED
GAXERA: PAGE_TABLES_READY root=0x0000000000000000 reservations=3
GAXERA: CR3_GAXERA_OWNED
GAXERA: PHYSICAL_FRAME_ALLOCATOR_READY frames=113901 bitmap_words=1780
GAXERA: MEMORY_FOUNDATION_OK heap=0xfffffe8000001000 size=2097152 lower_guard=0xfffffe8000000000
GAXERA: KERNEL_ENTRY_OK
GAXERA: FRAMEBUFFER_OK (1280x800, pitch: 5120)
GAXERA: TEST_PATTERN_DRAWN
GAXERA: ACPI_MADT_READY local_apic_phys=0x00000000fee00000 override=false
GAXERA: ACPI_TEMPORARY_WINDOW_RELEASED
GAXERA: LOCAL_APIC_READY phys=0x00000000fee00000 vector=0xe0
GAXERA: IOAPIC_READY phys=0x00000000fec00000 gsi_base=0
GAXERA: PREEMPTION_TIMER_READY ticks_per_ms=63007
GAXERA: INIT_MODULE found at phys=0x000000001923c000 size=4309040
GAXERA: KERNEL_STACK top=0xfffffe1000011000
GAXERA: USER_STACK base=0x00007fffffff0000 top=0x0000800000000000 pages=16
GAXERA: ENTER_USER_MODE entry=0x00000000002050c0 rsp=0x00007ffffffffff0 manifest=0x00007ffffffdf000
GAXERA: TEST_MEMORY_LIFECYCLE_STARTED
GAXERA: STEP 1 OK
GAXERA: STEP 2 OK
GAXERA: STEP 3 OK
GAXERA: STEP 4 OK
GAXERA: STEP 5 OK
GAXERA: STEP 6 OK
GAXERA: STEP 7 OK
GAXERA: STEP 8 OK
GAXERA: MEMORY_RECLAIMED_AND_QUOTA_REFUNDED
Guest-confirmed QEMU test passed.

--- Ring-3 Heap Runtime Test ---
=== Building Gaxera Kernel ISO ===
     Removed 319 files, 130.3MiB total
Compiling kernel binary...
   Compiling kernel v0.1.0 (/home/nyx/gaxera/kernel)
    Finished `dev` profile [unoptimized + debuginfo] target(s) in 2.54s
Compiling guest binary (test_ring3_heap)...
   Compiling test_ring3_heap v0.1.0 (/home/nyx/gaxera/crates/test_ring3_heap)
    Finished `dev` profile [unoptimized + debuginfo] target(s) in 0.15s
Assembling ISO directory structure...
Compiling ramfs binary...
    Finished `dev` profile [unoptimized + debuginfo] target(s) in 0.03s
Compiling script_session binary...
    Finished `dev` profile [unoptimized + debuginfo] target(s) in 0.03s
Packaging GaxFS ramfs.img...
Packaging bootable ISO image via xorriso...
xorriso 1.5.6 : RockRidge filesystem manipulator, libburnia project.

Drive current: -outdev 'stdio:target/gaxera.iso'
Media current: stdio file, overwriteable
Media status : is blank
Media summary: 0 sessions, 0 data blocks, 0 data,  943g free
Added to ISO image: directory '/'='/home/nyx/gaxera/target/iso_root'
xorriso : UPDATE :      16 files added in 1 seconds
xorriso : UPDATE :      16 files added in 1 seconds
ISO image produced: 14592 sectors
Written to medium : 14592 sectors at LBA 0
Writing to 'stdio:target/gaxera.iso' completed successfully.

Installing bootloader record sector...
Physical block size of 512 bytes.
Installing to GPT. Logical block size of 512 bytes.
Secondary header at LBA 0xe3ff.
Secondary header valid.
Detected ISOHYBRID with a GUID partition table (GPT).
Converting to MBR for improved compatibility...
Conversion successful.
No active partition found, some systems may not boot.
Setting partition 1 as active to work around the issue...
Installing to MBR.
Stage 2 to be located at byte offset 0x200.
Reminder: Remember to copy the limine-bios.sys file in either
          the root, /boot, /limine, or /boot/limine directories of
          one of the partitions on the device, or boot will fail!
Limine BIOS stages installed successfully.
Gaxera packaging successfully compiled to target/gaxera.iso!
=== Launching QEMU Virtual Machine ===
OVMF UEFI firmware detected. Booting in UEFI mode.
Headless mode selected.
[2J[001;001H[=3h[2J[001;001H[2J[001;001H[8;056;240t[2J[001;001H[2J[001;001H[=3h[2J[001;001H[2J[001;001H[8;042;160t[2J[001;001HBdsDxe: loading Boot0002 "UEFI QEMU DVD-ROM QM00003 " from PciRoot(0x0)/Pci(0x1,0x1)/Ata(Secondary,Master,0x0)
BdsDxe: starting Boot0002 "UEFI QEMU DVD-ROM QM00003 " from PciRoot(0x0)/Pci(0x1,0x1)/Ata(Secondary,Master,0x0)
[001;001H[001;001H[001;001Hl[001;002Hi[001;003Hm[001;004Hi[001;005Hn[001;006He[001;007H:[001;008H [001;009HL[001;010Ho[001;011Ha[001;012Hd[001;013Hi[001;014Hn[001;015Hg[001;016H [001;017He[001;018Hx[001;019He[001;020Hc[001;021Hu[001;022Ht[001;023Ha[001;024Hb[001;025Hl[001;026He[001;027H [001;028H`[001;029Hb[001;030Ho[001;031Ho[001;032Ht[001;033H([001;034H)[001;035H:[001;036H/[001;037Hb[001;038Ho[001;039Ho[001;040Ht[001;041H/[001;042Hg[001;043Ha[001;044Hx[001;045He[001;046Hr[001;047Ha[001;048H.[001;049He[001;050Hl[001;051Hf[001;052H`[001;053H.[001;054H.[001;055H.[001;056H[001;001H[002;001Hl[002;002Hi[002;003Hm[002;004Hi[002;005Hn[002;006He[002;007H:[002;008H [002;009HL[002;010Ho[002;011Ha[002;012Hd[002;013Hi[002;014Hn[002;015Hg[002;016H [002;017Hm[002;018Ho[002;019Hd[002;020Hu[002;021Hl[002;022He[002;023H [002;024H`[002;025Hb[002;026Ho[002;027Ho[002;028Ht[002;029H([002;030H)[002;031H:[002;032H/[002;033Hb[002;034Ho[002;035Ho[002;036Ht[002;037H/[002;038Hi[002;039Hn[002;040Hi[002;041Ht[002;042H.[002;043He[002;044Hl[002;045Hf[002;046H`[002;047H.[002;048H.[002;049H.[002;050H[002;001H[003;001Hl[003;002Hi[003;003Hm[003;004Hi[003;005Hn[003;006He[003;007H:[003;008H [003;009HL[003;010Ho[003;011Ha[003;012Hd[003;013Hi[003;014Hn[003;015Hg[003;016H [003;017Hm[003;018Ho[003;019Hd[003;020Hu[003;021Hl[003;022He[003;023H [003;024H`[003;025Hb[003;026Ho[003;027Ho[003;028Ht[003;029H([003;030H)[003;031H:[003;032H/[003;033Hb[003;034Ho[003;035Ho[003;036Ht[003;037H/[003;038Hr[003;039Ha[003;040Hm[003;041Hf[003;042Hs[003;043H.[003;044He[003;045Hl[003;046Hf[003;047H`[003;048H.[003;049H.[003;050H.[003;051H[003;001H[004;001Hl[004;002Hi[004;003Hm[004;004Hi[004;005Hn[004;006He[004;007H:[004;008H [004;009HL[004;010Ho[004;011Ha[004;012Hd[004;013Hi[004;014Hn[004;015Hg[004;016H [004;017Hm[004;018Ho[004;019Hd[004;020Hu[004;021Hl[004;022He[004;023H [004;024H`[004;025Hb[004;026Ho[004;027Ho[004;028Ht[004;029H([004;030H)[004;031H:[004;032H/[004;033Hb[004;034Ho[004;035Ho[004;036Ht[004;037H/[004;038Hs[004;039Hc[004;040Hr[004;041Hi[004;042Hp[004;043Ht[004;044H_[004;045Hs[004;046He[004;047Hs[004;048Hs[004;049Hi[004;050Ho[004;051Hn[004;052H.[004;053He[004;054Hl[004;055Hf[004;056H`[004;057H.[004;058H.[004;059H.[004;060H[004;001H[005;001Hl[005;002Hi[005;003Hm[005;004Hi[005;005Hn[005;006He[005;007H:[005;008H [005;009HL[005;010Ho[005;011Ha[005;012Hd[005;013Hi[005;014Hn[005;015Hg[005;016H [005;017Hm[005;018Ho[005;019Hd[005;020Hu[005;021Hl[005;022He[005;023H [005;024H`[005;025Hb[005;026Ho[005;027Ho[005;028Ht[005;029H([005;030H)[005;031H:[005;032H/[005;033Hb[005;034Ho[005;035Ho[005;036Ht[005;037H/[005;038Hr[005;039Ha[005;040Hm[005;041Hf[005;042Hs[005;043H.[005;044Hi[005;045Hm[005;046Hg[005;047H`[005;048H.[005;049H.[005;050H.[005;051H[005;001H[006;001HGAXERA: BOOT_STACK_READY
GAXERA: DESCRIPTORS_AND_IDT_READY
GAXERA: BOOT_CONTEXT_READY kernel_phys=0x0000000019659000 kernel_virt=0xffffffff80000000 rsdp_phys=0x000000001fb7e014
GAXERA: MEMMAP_BEGIN count=34
GAXERA: MEMMAP_REGION index=0 start=0x0000000000000000 end=0x0000000000087000 len=0x0000000000087000 source_type=0 class=usable allocator=eligible reservation=none
GAXERA: MEMMAP_REGION index=1 start=0x0000000000087000 end=0x0000000000088000 len=0x0000000000001000 source_type=5 class=bootloader-reclaimable allocator=ineligible reservation=none
GAXERA: MEMMAP_REGION index=2 start=0x0000000000088000 end=0x00000000000a0000 len=0x0000000000018000 source_type=0 class=usable allocator=eligible reservation=none
GAXERA: MEMMAP_REGION index=3 start=0x0000000000100000 end=0x0000000000800000 len=0x0000000000700000 source_type=0 class=usable allocator=eligible reservation=none
GAXERA: MEMMAP_REGION index=4 start=0x0000000000800000 end=0x0000000000808000 len=0x0000000000008000 source_type=3 class=acpi-nvs allocator=ineligible reservation=none
GAXERA: MEMMAP_REGION index=5 start=0x0000000000808000 end=0x000000000080b000 len=0x0000000000003000 source_type=0 class=usable allocator=eligible reservation=none
GAXERA: MEMMAP_REGION index=6 start=0x000000000080b000 end=0x000000000080c000 len=0x0000000000001000 source_type=3 class=acpi-nvs allocator=ineligible reservation=none
GAXERA: MEMMAP_REGION index=7 start=0x000000000080c000 end=0x0000000000814000 len=0x0000000000008000 source_type=0 class=usable allocator=eligible reservation=none
GAXERA: MEMMAP_REGION index=8 start=0x0000000000814000 end=0x0000000000900000 len=0x00000000000ec000 source_type=3 class=acpi-nvs allocator=ineligible reservation=none
GAXERA: MEMMAP_REGION index=9 start=0x0000000000900000 end=0x0000000001780000 len=0x0000000000e80000 source_type=5 class=bootloader-reclaimable allocator=ineligible reservation=none
GAXERA: MEMMAP_REGION index=10 start=0x0000000001780000 end=0x0000000018cac000 len=0x000000001752c000 source_type=0 class=usable allocator=eligible reservation=none
GAXERA: MEMMAP_REGION index=11 start=0x0000000018cac000 end=0x0000000018cb9000 len=0x000000000000d000 source_type=5 class=bootloader-reclaimable allocator=ineligible reservation=none
GAXERA: MEMMAP_REGION index=12 start=0x0000000018cb9000 end=0x0000000018f68000 len=0x00000000002af000 source_type=6 class=executable-and-modules allocator=ineligible reservation=none
GAXERA: MEMMAP_REGION index=13 start=0x0000000018f68000 end=0x0000000019216000 len=0x00000000002ae000 source_type=6 class=executable-and-modules allocator=ineligible reservation=none
GAXERA: MEMMAP_REGION index=14 start=0x0000000019216000 end=0x0000000019659000 len=0x0000000000443000 source_type=6 class=executable-and-modules allocator=ineligible reservation=none
GAXERA: MEMMAP_REGION index=15 start=0x0000000019659000 end=0x00000000197e1000 len=0x0000000000188000 source_type=6 class=executable-and-modules allocator=ineligible reservation=none
GAXERA: MEMMAP_REGION index=16 start=0x00000000197e1000 end=0x000000001a66c000 len=0x0000000000e8b000 source_type=5 class=bootloader-reclaimable allocator=ineligible reservation=none
GAXERA: MEMMAP_REGION index=17 start=0x000000001a66c000 end=0x000000001bf6c000 len=0x0000000001900000 source_type=0 class=usable allocator=eligible reservation=none
GAXERA: MEMMAP_REGION index=18 start=0x000000001bf6c000 end=0x000000001bfaa000 len=0x000000000003e000 source_type=5 class=bootloader-reclaimable allocator=ineligible reservation=none
GAXERA: MEMMAP_REGION index=19 start=0x000000001bfaa000 end=0x000000001bfab000 len=0x0000000000001000 source_type=6 class=executable-and-modules allocator=ineligible reservation=none
GAXERA: MEMMAP_REGION index=20 start=0x000000001bfab000 end=0x000000001bfaf000 len=0x0000000000004000 source_type=5 class=bootloader-reclaimable allocator=ineligible reservation=none
GAXERA: MEMMAP_REGION index=21 start=0x000000001bfaf000 end=0x000000001e6a0000 len=0x00000000026f1000 source_type=0 class=usable allocator=eligible reservation=none
GAXERA: MEMMAP_REGION index=22 start=0x000000001e6a0000 end=0x000000001ed3f000 len=0x000000000069f000 source_type=5 class=bootloader-reclaimable allocator=ineligible reservation=none
GAXERA: MEMMAP_REGION index=23 start=0x000000001ed3f000 end=0x000000001ee00000 len=0x00000000000c1000 source_type=8 class=mapped-reserved allocator=ineligible reservation=none
GAXERA: MEMMAP_REGION index=24 start=0x000000001ee00000 end=0x000000001f8ed000 len=0x0000000000aed000 source_type=5 class=bootloader-reclaimable allocator=ineligible reservation=none
GAXERA: MEMMAP_REGION index=25 start=0x000000001f8ed000 end=0x000000001faed000 len=0x0000000000200000 source_type=8 class=mapped-reserved allocator=ineligible reservation=none
GAXERA: MEMMAP_REGION index=26 start=0x000000001faed000 end=0x000000001fb6d000 len=0x0000000000080000 source_type=1 class=reserved allocator=ineligible reservation=none
GAXERA: MEMMAP_REGION index=27 start=0x000000001fb6d000 end=0x000000001fb7f000 len=0x0000000000012000 source_type=2 class=acpi-reclaimable allocator=ineligible reservation=none
GAXERA: MEMMAP_REGION index=28 start=0x000000001fb7f000 end=0x000000001fbff000 len=0x0000000000080000 source_type=3 class=acpi-nvs allocator=ineligible reservation=none
GAXERA: MEMMAP_REGION index=29 start=0x000000001fbff000 end=0x000000001fef4000 len=0x00000000002f5000 source_type=5 class=bootloader-reclaimable allocator=ineligible reservation=none
GAXERA: MEMMAP_REGION index=30 start=0x000000001fef4000 end=0x000000001ff78000 len=0x0000000000084000 source_type=8 class=mapped-reserved allocator=ineligible reservation=none
GAXERA: MEMMAP_REGION index=31 start=0x000000001ff78000 end=0x0000000020000000 len=0x0000000000088000 source_type=3 class=acpi-nvs allocator=ineligible reservation=none
GAXERA: MEMMAP_REGION index=32 start=0x0000000080000000 end=0x00000000803e8000 len=0x00000000003e8000 source_type=7 class=framebuffer allocator=ineligible reservation=none
GAXERA: MEMMAP_REGION index=33 start=0x000000fd00000000 end=0x0000010000000000 len=0x0000000300000000 source_type=1 class=reserved allocator=ineligible reservation=none
GAXERA: MEMMAP_END
GAXERA: BOOTSTRAP_FRAME_ALLOCATOR_READY ranges=8
GAXERA: PAGING_HHDM_MAPPED
GAXERA: PAGING_TEXT_MAPPED
GAXERA: PAGING_FRAMEBUFFER_MAPPED
GAXERA: PAGE_TABLES_READY root=0x0000000000000000 reservations=3
GAXERA: CR3_GAXERA_OWNED
GAXERA: PHYSICAL_FRAME_ALLOCATOR_READY frames=113863 bitmap_words=1780
GAXERA: MEMORY_FOUNDATION_OK heap=0xfffffe8000001000 size=2097152 lower_guard=0xfffffe8000000000
GAXERA: KERNEL_ENTRY_OK
GAXERA: FRAMEBUFFER_OK (1280x800, pitch: 5120)
GAXERA: TEST_PATTERN_DRAWN
GAXERA: ACPI_MADT_READY local_apic_phys=0x00000000fee00000 override=false
GAXERA: ACPI_TEMPORARY_WINDOW_RELEASED
GAXERA: LOCAL_APIC_READY phys=0x00000000fee00000 vector=0xe0
GAXERA: IOAPIC_READY phys=0x00000000fec00000 gsi_base=0
GAXERA: PREEMPTION_TIMER_READY ticks_per_ms=62973
GAXERA: INIT_MODULE found at phys=0x0000000019216000 size=4466928
GAXERA: KERNEL_STACK top=0xfffffe1000011000
GAXERA: USER_STACK base=0x00007fffffff0000 top=0x0000800000000000 pages=16
GAXERA: ENTER_USER_MODE entry=0x0000000000207cc0 rsp=0x00007ffffffffff0 manifest=0x00007ffffffdf000
GAXERA: RING3_HEAP_TEST_SUCCESS
Guest-confirmed QEMU test passed.

--- Service Registry Test ---
=== Building Gaxera Kernel ISO ===
     Removed 319 files, 130.3MiB total
Compiling kernel binary...
   Compiling kernel v0.1.0 (/home/nyx/gaxera/kernel)
    Finished `dev` profile [unoptimized + debuginfo] target(s) in 2.54s
Compiling guest binary (init)...
    Finished `dev` profile [unoptimized + debuginfo] target(s) in 0.03s
Assembling ISO directory structure...
Compiling ramfs binary...
    Finished `dev` profile [unoptimized + debuginfo] target(s) in 0.04s
Compiling script_session binary...
    Finished `dev` profile [unoptimized + debuginfo] target(s) in 0.03s
Packaging GaxFS ramfs.img...
Packaging bootable ISO image via xorriso...
xorriso 1.5.6 : RockRidge filesystem manipulator, libburnia project.

Drive current: -outdev 'stdio:target/gaxera.iso'
Media current: stdio file, overwriteable
Media status : is blank
Media summary: 0 sessions, 0 data blocks, 0 data,  943g free
Added to ISO image: directory '/'='/home/nyx/gaxera/target/iso_root'
xorriso : UPDATE :      16 files added in 1 seconds
xorriso : UPDATE :      16 files added in 1 seconds
ISO image produced: 14532 sectors
Written to medium : 14532 sectors at LBA 0
Writing to 'stdio:target/gaxera.iso' completed successfully.

Installing bootloader record sector...
Physical block size of 512 bytes.
Installing to GPT. Logical block size of 512 bytes.
Secondary header at LBA 0xe30f.
Secondary header valid.
Detected ISOHYBRID with a GUID partition table (GPT).
Converting to MBR for improved compatibility...
Conversion successful.
No active partition found, some systems may not boot.
Setting partition 1 as active to work around the issue...
Installing to MBR.
Stage 2 to be located at byte offset 0x200.
Reminder: Remember to copy the limine-bios.sys file in either
          the root, /boot, /limine, or /boot/limine directories of
          one of the partitions on the device, or boot will fail!
Limine BIOS stages installed successfully.
Gaxera packaging successfully compiled to target/gaxera.iso!
=== Launching QEMU Virtual Machine ===
OVMF UEFI firmware detected. Booting in UEFI mode.
Headless mode selected.
[2J[001;001H[=3h[2J[001;001H[2J[001;001H[8;056;240t[2J[001;001H[2J[001;001H[=3h[2J[001;001H[2J[001;001H[8;042;160t[2J[001;001HBdsDxe: loading Boot0002 "UEFI QEMU DVD-ROM QM00003 " from PciRoot(0x0)/Pci(0x1,0x1)/Ata(Secondary,Master,0x0)
BdsDxe: starting Boot0002 "UEFI QEMU DVD-ROM QM00003 " from PciRoot(0x0)/Pci(0x1,0x1)/Ata(Secondary,Master,0x0)
[001;001H[001;001H[001;001Hl[001;002Hi[001;003Hm[001;004Hi[001;005Hn[001;006He[001;007H:[001;008H [001;009HL[001;010Ho[001;011Ha[001;012Hd[001;013Hi[001;014Hn[001;015Hg[001;016H [001;017He[001;018Hx[001;019He[001;020Hc[001;021Hu[001;022Ht[001;023Ha[001;024Hb[001;025Hl[001;026He[001;027H [001;028H`[001;029Hb[001;030Ho[001;031Ho[001;032Ht[001;033H([001;034H)[001;035H:[001;036H/[001;037Hb[001;038Ho[001;039Ho[001;040Ht[001;041H/[001;042Hg[001;043Ha[001;044Hx[001;045He[001;046Hr[001;047Ha[001;048H.[001;049He[001;050Hl[001;051Hf[001;052H`[001;053H.[001;054H.[001;055H.[001;056H[001;001H[002;001Hl[002;002Hi[002;003Hm[002;004Hi[002;005Hn[002;006He[002;007H:[002;008H [002;009HL[002;010Ho[002;011Ha[002;012Hd[002;013Hi[002;014Hn[002;015Hg[002;016H [002;017Hm[002;018Ho[002;019Hd[002;020Hu[002;021Hl[002;022He[002;023H [002;024H`[002;025Hb[002;026Ho[002;027Ho[002;028Ht[002;029H([002;030H)[002;031H:[002;032H/[002;033Hb[002;034Ho[002;035Ho[002;036Ht[002;037H/[002;038Hi[002;039Hn[002;040Hi[002;041Ht[002;042H.[002;043He[002;044Hl[002;045Hf[002;046H`[002;047H.[002;048H.[002;049H.[002;050H[002;001H[003;001Hl[003;002Hi[003;003Hm[003;004Hi[003;005Hn[003;006He[003;007H:[003;008H [003;009HL[003;010Ho[003;011Ha[003;012Hd[003;013Hi[003;014Hn[003;015Hg[003;016H [003;017Hm[003;018Ho[003;019Hd[003;020Hu[003;021Hl[003;022He[003;023H [003;024H`[003;025Hb[003;026Ho[003;027Ho[003;028Ht[003;029H([003;030H)[003;031H:[003;032H/[003;033Hb[003;034Ho[003;035Ho[003;036Ht[003;037H/[003;038Hr[003;039Ha[003;040Hm[003;041Hf[003;042Hs[003;043H.[003;044He[003;045Hl[003;046Hf[003;047H`[003;048H.[003;049H.[003;050H.[003;051H[003;001H[004;001Hl[004;002Hi[004;003Hm[004;004Hi[004;005Hn[004;006He[004;007H:[004;008H [004;009HL[004;010Ho[004;011Ha[004;012Hd[004;013Hi[004;014Hn[004;015Hg[004;016H [004;017Hm[004;018Ho[004;019Hd[004;020Hu[004;021Hl[004;022He[004;023H [004;024H`[004;025Hb[004;026Ho[004;027Ho[004;028Ht[004;029H([004;030H)[004;031H:[004;032H/[004;033Hb[004;034Ho[004;035Ho[004;036Ht[004;037H/[004;038Hs[004;039Hc[004;040Hr[004;041Hi[004;042Hp[004;043Ht[004;044H_[004;045Hs[004;046He[004;047Hs[004;048Hs[004;049Hi[004;050Ho[004;051Hn[004;052H.[004;053He[004;054Hl[004;055Hf[004;056H`[004;057H.[004;058H.[004;059H.[004;060H[004;001H[005;001Hl[005;002Hi[005;003Hm[005;004Hi[005;005Hn[005;006He[005;007H:[005;008H [005;009HL[005;010Ho[005;011Ha[005;012Hd[005;013Hi[005;014Hn[005;015Hg[005;016H [005;017Hm[005;018Ho[005;019Hd[005;020Hu[005;021Hl[005;022He[005;023H [005;024H`[005;025Hb[005;026Ho[005;027Ho[005;028Ht[005;029H([005;030H)[005;031H:[005;032H/[005;033Hb[005;034Ho[005;035Ho[005;036Ht[005;037H/[005;038Hr[005;039Ha[005;040Hm[005;041Hf[005;042Hs[005;043H.[005;044Hi[005;045Hm[005;046Hg[005;047H`[005;048H.[005;049H.[005;050H.[005;051H[005;001H[006;001HGAXERA: BOOT_STACK_READY
GAXERA: DESCRIPTORS_AND_IDT_READY
GAXERA: BOOT_CONTEXT_READY kernel_phys=0x000000001967b000 kernel_virt=0xffffffff80000000 rsdp_phys=0x000000001fb7e014
GAXERA: MEMMAP_BEGIN count=34
GAXERA: MEMMAP_REGION index=0 start=0x0000000000000000 end=0x0000000000087000 len=0x0000000000087000 source_type=0 class=usable allocator=eligible reservation=none
GAXERA: MEMMAP_REGION index=1 start=0x0000000000087000 end=0x0000000000088000 len=0x0000000000001000 source_type=5 class=bootloader-reclaimable allocator=ineligible reservation=none
GAXERA: MEMMAP_REGION index=2 start=0x0000000000088000 end=0x00000000000a0000 len=0x0000000000018000 source_type=0 class=usable allocator=eligible reservation=none
GAXERA: MEMMAP_REGION index=3 start=0x0000000000100000 end=0x0000000000800000 len=0x0000000000700000 source_type=0 class=usable allocator=eligible reservation=none
GAXERA: MEMMAP_REGION index=4 start=0x0000000000800000 end=0x0000000000808000 len=0x0000000000008000 source_type=3 class=acpi-nvs allocator=ineligible reservation=none
GAXERA: MEMMAP_REGION index=5 start=0x0000000000808000 end=0x000000000080b000 len=0x0000000000003000 source_type=0 class=usable allocator=eligible reservation=none
GAXERA: MEMMAP_REGION index=6 start=0x000000000080b000 end=0x000000000080c000 len=0x0000000000001000 source_type=3 class=acpi-nvs allocator=ineligible reservation=none
GAXERA: MEMMAP_REGION index=7 start=0x000000000080c000 end=0x0000000000814000 len=0x0000000000008000 source_type=0 class=usable allocator=eligible reservation=none
GAXERA: MEMMAP_REGION index=8 start=0x0000000000814000 end=0x0000000000900000 len=0x00000000000ec000 source_type=3 class=acpi-nvs allocator=ineligible reservation=none
GAXERA: MEMMAP_REGION index=9 start=0x0000000000900000 end=0x0000000001780000 len=0x0000000000e80000 source_type=5 class=bootloader-reclaimable allocator=ineligible reservation=none
GAXERA: MEMMAP_REGION index=10 start=0x0000000001780000 end=0x0000000018cd7000 len=0x0000000017557000 source_type=0 class=usable allocator=eligible reservation=none
GAXERA: MEMMAP_REGION index=11 start=0x0000000018cd7000 end=0x0000000018ce4000 len=0x000000000000d000 source_type=5 class=bootloader-reclaimable allocator=ineligible reservation=none
GAXERA: MEMMAP_REGION index=12 start=0x0000000018ce4000 end=0x0000000018f93000 len=0x00000000002af000 source_type=6 class=executable-and-modules allocator=ineligible reservation=none
GAXERA: MEMMAP_REGION index=13 start=0x0000000018f93000 end=0x0000000019241000 len=0x00000000002ae000 source_type=6 class=executable-and-modules allocator=ineligible reservation=none
GAXERA: MEMMAP_REGION index=14 start=0x0000000019241000 end=0x000000001967b000 len=0x000000000043a000 source_type=6 class=executable-and-modules allocator=ineligible reservation=none
GAXERA: MEMMAP_REGION index=15 start=0x000000001967b000 end=0x00000000197f6000 len=0x000000000017b000 source_type=6 class=executable-and-modules allocator=ineligible reservation=none
GAXERA: MEMMAP_REGION index=16 start=0x00000000197f6000 end=0x000000001a66c000 len=0x0000000000e76000 source_type=5 class=bootloader-reclaimable allocator=ineligible reservation=none
GAXERA: MEMMAP_REGION index=17 start=0x000000001a66c000 end=0x000000001bf6c000 len=0x0000000001900000 source_type=0 class=usable allocator=eligible reservation=none
GAXERA: MEMMAP_REGION index=18 start=0x000000001bf6c000 end=0x000000001bfaa000 len=0x000000000003e000 source_type=5 class=bootloader-reclaimable allocator=ineligible reservation=none
GAXERA: MEMMAP_REGION index=19 start=0x000000001bfaa000 end=0x000000001bfab000 len=0x0000000000001000 source_type=6 class=executable-and-modules allocator=ineligible reservation=none
GAXERA: MEMMAP_REGION index=20 start=0x000000001bfab000 end=0x000000001bfaf000 len=0x0000000000004000 source_type=5 class=bootloader-reclaimable allocator=ineligible reservation=none
GAXERA: MEMMAP_REGION index=21 start=0x000000001bfaf000 end=0x000000001e6a0000 len=0x00000000026f1000 source_type=0 class=usable allocator=eligible reservation=none
GAXERA: MEMMAP_REGION index=22 start=0x000000001e6a0000 end=0x000000001ed3f000 len=0x000000000069f000 source_type=5 class=bootloader-reclaimable allocator=ineligible reservation=none
GAXERA: MEMMAP_REGION index=23 start=0x000000001ed3f000 end=0x000000001ee00000 len=0x00000000000c1000 source_type=8 class=mapped-reserved allocator=ineligible reservation=none
GAXERA: MEMMAP_REGION index=24 start=0x000000001ee00000 end=0x000000001f8ed000 len=0x0000000000aed000 source_type=5 class=bootloader-reclaimable allocator=ineligible reservation=none
GAXERA: MEMMAP_REGION index=25 start=0x000000001f8ed000 end=0x000000001faed000 len=0x0000000000200000 source_type=8 class=mapped-reserved allocator=ineligible reservation=none
GAXERA: MEMMAP_REGION index=26 start=0x000000001faed000 end=0x000000001fb6d000 len=0x0000000000080000 source_type=1 class=reserved allocator=ineligible reservation=none
GAXERA: MEMMAP_REGION index=27 start=0x000000001fb6d000 end=0x000000001fb7f000 len=0x0000000000012000 source_type=2 class=acpi-reclaimable allocator=ineligible reservation=none
GAXERA: MEMMAP_REGION index=28 start=0x000000001fb7f000 end=0x000000001fbff000 len=0x0000000000080000 source_type=3 class=acpi-nvs allocator=ineligible reservation=none
GAXERA: MEMMAP_REGION index=29 start=0x000000001fbff000 end=0x000000001fef4000 len=0x00000000002f5000 source_type=5 class=bootloader-reclaimable allocator=ineligible reservation=none
GAXERA: MEMMAP_REGION index=30 start=0x000000001fef4000 end=0x000000001ff78000 len=0x0000000000084000 source_type=8 class=mapped-reserved allocator=ineligible reservation=none
GAXERA: MEMMAP_REGION index=31 start=0x000000001ff78000 end=0x0000000020000000 len=0x0000000000088000 source_type=3 class=acpi-nvs allocator=ineligible reservation=none
GAXERA: MEMMAP_REGION index=32 start=0x0000000080000000 end=0x00000000803e8000 len=0x00000000003e8000 source_type=7 class=framebuffer allocator=ineligible reservation=none
GAXERA: MEMMAP_REGION index=33 start=0x000000fd00000000 end=0x0000010000000000 len=0x0000000300000000 source_type=1 class=reserved allocator=ineligible reservation=none
GAXERA: MEMMAP_END
GAXERA: BOOTSTRAP_FRAME_ALLOCATOR_READY ranges=8
GAXERA: PAGING_HHDM_MAPPED
GAXERA: PAGING_TEXT_MAPPED
GAXERA: PAGING_FRAMEBUFFER_MAPPED
GAXERA: PAGE_TABLES_READY root=0x0000000000000000 reservations=3
GAXERA: CR3_GAXERA_OWNED
GAXERA: PHYSICAL_FRAME_ALLOCATOR_READY frames=113906 bitmap_words=1780
GAXERA: MEMORY_FOUNDATION_OK heap=0xfffffe8000001000 size=2097152 lower_guard=0xfffffe8000000000
GAXERA: KERNEL_ENTRY_OK
GAXERA: FRAMEBUFFER_OK (1280x800, pitch: 5120)
GAXERA: TEST_PATTERN_DRAWN
GAXERA: ACPI_MADT_READY local_apic_phys=0x00000000fee00000 override=false
GAXERA: ACPI_TEMPORARY_WINDOW_RELEASED
GAXERA: LOCAL_APIC_READY phys=0x00000000fee00000 vector=0xe0
GAXERA: IOAPIC_READY phys=0x00000000fec00000 gsi_base=0
GAXERA: PREEMPTION_TIMER_READY ticks_per_ms=62919
GAXERA: SERVICE_REGISTRY_TEST_START
GAXERA: SERVICE_REGISTRY_OK
Guest-confirmed QEMU test passed.

--- Bootstrap Manifest Test ---
=== Building Gaxera Kernel ISO ===
     Removed 318 files, 130.2MiB total
Compiling kernel binary...
   Compiling kernel v0.1.0 (/home/nyx/gaxera/kernel)
    Finished `dev` profile [unoptimized + debuginfo] target(s) in 2.55s
Compiling guest binary (userspace-tests)...
   Compiling userspace-tests v0.1.0 (/home/nyx/gaxera/crates/userspace-tests)
    Finished `dev` profile [unoptimized + debuginfo] target(s) in 0.43s
Assembling ISO directory structure...
Compiling ramfs binary...
    Finished `dev` profile [unoptimized + debuginfo] target(s) in 0.03s
Compiling script_session binary...
    Finished `dev` profile [unoptimized + debuginfo] target(s) in 0.03s
Packaging GaxFS ramfs.img...
Packaging bootable ISO image via xorriso...
xorriso 1.5.6 : RockRidge filesystem manipulator, libburnia project.

Drive current: -outdev 'stdio:target/gaxera.iso'
Media current: stdio file, overwriteable
Media status : is blank
Media summary: 0 sessions, 0 data blocks, 0 data,  943g free
Added to ISO image: directory '/'='/home/nyx/gaxera/target/iso_root'
xorriso : UPDATE :      16 files added in 1 seconds
xorriso : UPDATE :      16 files added in 1 seconds
ISO image produced: 14512 sectors
Written to medium : 14512 sectors at LBA 0
Writing to 'stdio:target/gaxera.iso' completed successfully.

Installing bootloader record sector...
Physical block size of 512 bytes.
Installing to GPT. Logical block size of 512 bytes.
Secondary header at LBA 0xe2bf.
Secondary header valid.
Detected ISOHYBRID with a GUID partition table (GPT).
Converting to MBR for improved compatibility...
Conversion successful.
No active partition found, some systems may not boot.
Setting partition 1 as active to work around the issue...
Installing to MBR.
Stage 2 to be located at byte offset 0x200.
Reminder: Remember to copy the limine-bios.sys file in either
          the root, /boot, /limine, or /boot/limine directories of
          one of the partitions on the device, or boot will fail!
Limine BIOS stages installed successfully.
Gaxera packaging successfully compiled to target/gaxera.iso!
=== Launching QEMU Virtual Machine ===
OVMF UEFI firmware detected. Booting in UEFI mode.
Headless mode selected.
[2J[001;001H[=3h[2J[001;001H[2J[001;001H[8;056;240t[2J[001;001H[2J[001;001H[=3h[2J[001;001H[2J[001;001H[8;042;160t[2J[001;001HBdsDxe: loading Boot0002 "UEFI QEMU DVD-ROM QM00003 " from PciRoot(0x0)/Pci(0x1,0x1)/Ata(Secondary,Master,0x0)
BdsDxe: starting Boot0002 "UEFI QEMU DVD-ROM QM00003 " from PciRoot(0x0)/Pci(0x1,0x1)/Ata(Secondary,Master,0x0)
[001;001H[001;001H[001;001Hl[001;002Hi[001;003Hm[001;004Hi[001;005Hn[001;006He[001;007H:[001;008H [001;009HL[001;010Ho[001;011Ha[001;012Hd[001;013Hi[001;014Hn[001;015Hg[001;016H [001;017He[001;018Hx[001;019He[001;020Hc[001;021Hu[001;022Ht[001;023Ha[001;024Hb[001;025Hl[001;026He[001;027H [001;028H`[001;029Hb[001;030Ho[001;031Ho[001;032Ht[001;033H([001;034H)[001;035H:[001;036H/[001;037Hb[001;038Ho[001;039Ho[001;040Ht[001;041H/[001;042Hg[001;043Ha[001;044Hx[001;045He[001;046Hr[001;047Ha[001;048H.[001;049He[001;050Hl[001;051Hf[001;052H`[001;053H.[001;054H.[001;055H.[001;056H[001;001H[002;001Hl[002;002Hi[002;003Hm[002;004Hi[002;005Hn[002;006He[002;007H:[002;008H [002;009HL[002;010Ho[002;011Ha[002;012Hd[002;013Hi[002;014Hn[002;015Hg[002;016H [002;017Hm[002;018Ho[002;019Hd[002;020Hu[002;021Hl[002;022He[002;023H [002;024H`[002;025Hb[002;026Ho[002;027Ho[002;028Ht[002;029H([002;030H)[002;031H:[002;032H/[002;033Hb[002;034Ho[002;035Ho[002;036Ht[002;037H/[002;038Hi[002;039Hn[002;040Hi[002;041Ht[002;042H.[002;043He[002;044Hl[002;045Hf[002;046H`[002;047H.[002;048H.[002;049H.[002;050H[002;001H[003;001Hl[003;002Hi[003;003Hm[003;004Hi[003;005Hn[003;006He[003;007H:[003;008H [003;009HL[003;010Ho[003;011Ha[003;012Hd[003;013Hi[003;014Hn[003;015Hg[003;016H [003;017Hm[003;018Ho[003;019Hd[003;020Hu[003;021Hl[003;022He[003;023H [003;024H`[003;025Hb[003;026Ho[003;027Ho[003;028Ht[003;029H([003;030H)[003;031H:[003;032H/[003;033Hb[003;034Ho[003;035Ho[003;036Ht[003;037H/[003;038Hr[003;039Ha[003;040Hm[003;041Hf[003;042Hs[003;043H.[003;044He[003;045Hl[003;046Hf[003;047H`[003;048H.[003;049H.[003;050H.[003;051H[003;001H[004;001Hl[004;002Hi[004;003Hm[004;004Hi[004;005Hn[004;006He[004;007H:[004;008H [004;009HL[004;010Ho[004;011Ha[004;012Hd[004;013Hi[004;014Hn[004;015Hg[004;016H [004;017Hm[004;018Ho[004;019Hd[004;020Hu[004;021Hl[004;022He[004;023H [004;024H`[004;025Hb[004;026Ho[004;027Ho[004;028Ht[004;029H([004;030H)[004;031H:[004;032H/[004;033Hb[004;034Ho[004;035Ho[004;036Ht[004;037H/[004;038Hs[004;039Hc[004;040Hr[004;041Hi[004;042Hp[004;043Ht[004;044H_[004;045Hs[004;046He[004;047Hs[004;048Hs[004;049Hi[004;050Ho[004;051Hn[004;052H.[004;053He[004;054Hl[004;055Hf[004;056H`[004;057H.[004;058H.[004;059H.[004;060H[004;001H[005;001Hl[005;002Hi[005;003Hm[005;004Hi[005;005Hn[005;006He[005;007H:[005;008H [005;009HL[005;010Ho[005;011Ha[005;012Hd[005;013Hi[005;014Hn[005;015Hg[005;016H [005;017Hm[005;018Ho[005;019Hd[005;020Hu[005;021Hl[005;022He[005;023H [005;024H`[005;025Hb[005;026Ho[005;027Ho[005;028Ht[005;029H([005;030H)[005;031H:[005;032H/[005;033Hb[005;034Ho[005;035Ho[005;036Ht[005;037H/[005;038Hr[005;039Ha[005;040Hm[005;041Hf[005;042Hs[005;043H.[005;044Hi[005;045Hm[005;046Hg[005;047H`[005;048H.[005;049H.[005;050H.[005;051H[005;001H[006;001HGAXERA: BOOT_STACK_READY
GAXERA: DESCRIPTORS_AND_IDT_READY
GAXERA: BOOT_CONTEXT_READY kernel_phys=0x0000000019659000 kernel_virt=0xffffffff80000000 rsdp_phys=0x000000001fb7e014
GAXERA: MEMMAP_BEGIN count=34
GAXERA: MEMMAP_REGION index=0 start=0x0000000000000000 end=0x0000000000087000 len=0x0000000000087000 source_type=0 class=usable allocator=eligible reservation=none
GAXERA: MEMMAP_REGION index=1 start=0x0000000000087000 end=0x0000000000088000 len=0x0000000000001000 source_type=5 class=bootloader-reclaimable allocator=ineligible reservation=none
GAXERA: MEMMAP_REGION index=2 start=0x0000000000088000 end=0x00000000000a0000 len=0x0000000000018000 source_type=0 class=usable allocator=eligible reservation=none
GAXERA: MEMMAP_REGION index=3 start=0x0000000000100000 end=0x0000000000800000 len=0x0000000000700000 source_type=0 class=usable allocator=eligible reservation=none
GAXERA: MEMMAP_REGION index=4 start=0x0000000000800000 end=0x0000000000808000 len=0x0000000000008000 source_type=3 class=acpi-nvs allocator=ineligible reservation=none
GAXERA: MEMMAP_REGION index=5 start=0x0000000000808000 end=0x000000000080b000 len=0x0000000000003000 source_type=0 class=usable allocator=eligible reservation=none
GAXERA: MEMMAP_REGION index=6 start=0x000000000080b000 end=0x000000000080c000 len=0x0000000000001000 source_type=3 class=acpi-nvs allocator=ineligible reservation=none
GAXERA: MEMMAP_REGION index=7 start=0x000000000080c000 end=0x0000000000814000 len=0x0000000000008000 source_type=0 class=usable allocator=eligible reservation=none
GAXERA: MEMMAP_REGION index=8 start=0x0000000000814000 end=0x0000000000900000 len=0x00000000000ec000 source_type=3 class=acpi-nvs allocator=ineligible reservation=none
GAXERA: MEMMAP_REGION index=9 start=0x0000000000900000 end=0x0000000001780000 len=0x0000000000e80000 source_type=5 class=bootloader-reclaimable allocator=ineligible reservation=none
GAXERA: MEMMAP_REGION index=10 start=0x0000000001780000 end=0x0000000018cd4000 len=0x0000000017554000 source_type=0 class=usable allocator=eligible reservation=none
GAXERA: MEMMAP_REGION index=11 start=0x0000000018cd4000 end=0x0000000018ce1000 len=0x000000000000d000 source_type=5 class=bootloader-reclaimable allocator=ineligible reservation=none
GAXERA: MEMMAP_REGION index=12 start=0x0000000018ce1000 end=0x0000000018f90000 len=0x00000000002af000 source_type=6 class=executable-and-modules allocator=ineligible reservation=none
GAXERA: MEMMAP_REGION index=13 start=0x0000000018f90000 end=0x000000001923e000 len=0x00000000002ae000 source_type=6 class=executable-and-modules allocator=ineligible reservation=none
GAXERA: MEMMAP_REGION index=14 start=0x000000001923e000 end=0x0000000019659000 len=0x000000000041b000 source_type=6 class=executable-and-modules allocator=ineligible reservation=none
GAXERA: MEMMAP_REGION index=15 start=0x0000000019659000 end=0x00000000197e1000 len=0x0000000000188000 source_type=6 class=executable-and-modules allocator=ineligible reservation=none
GAXERA: MEMMAP_REGION index=16 start=0x00000000197e1000 end=0x000000001a66c000 len=0x0000000000e8b000 source_type=5 class=bootloader-reclaimable allocator=ineligible reservation=none
GAXERA: MEMMAP_REGION index=17 start=0x000000001a66c000 end=0x000000001bf6c000 len=0x0000000001900000 source_type=0 class=usable allocator=eligible reservation=none
GAXERA: MEMMAP_REGION index=18 start=0x000000001bf6c000 end=0x000000001bfaa000 len=0x000000000003e000 source_type=5 class=bootloader-reclaimable allocator=ineligible reservation=none
GAXERA: MEMMAP_REGION index=19 start=0x000000001bfaa000 end=0x000000001bfab000 len=0x0000000000001000 source_type=6 class=executable-and-modules allocator=ineligible reservation=none
GAXERA: MEMMAP_REGION index=20 start=0x000000001bfab000 end=0x000000001bfaf000 len=0x0000000000004000 source_type=5 class=bootloader-reclaimable allocator=ineligible reservation=none
GAXERA: MEMMAP_REGION index=21 start=0x000000001bfaf000 end=0x000000001e6a0000 len=0x00000000026f1000 source_type=0 class=usable allocator=eligible reservation=none
GAXERA: MEMMAP_REGION index=22 start=0x000000001e6a0000 end=0x000000001ed3f000 len=0x000000000069f000 source_type=5 class=bootloader-reclaimable allocator=ineligible reservation=none
GAXERA: MEMMAP_REGION index=23 start=0x000000001ed3f000 end=0x000000001ee00000 len=0x00000000000c1000 source_type=8 class=mapped-reserved allocator=ineligible reservation=none
GAXERA: MEMMAP_REGION index=24 start=0x000000001ee00000 end=0x000000001f8ed000 len=0x0000000000aed000 source_type=5 class=bootloader-reclaimable allocator=ineligible reservation=none
GAXERA: MEMMAP_REGION index=25 start=0x000000001f8ed000 end=0x000000001faed000 len=0x0000000000200000 source_type=8 class=mapped-reserved allocator=ineligible reservation=none
GAXERA: MEMMAP_REGION index=26 start=0x000000001faed000 end=0x000000001fb6d000 len=0x0000000000080000 source_type=1 class=reserved allocator=ineligible reservation=none
GAXERA: MEMMAP_REGION index=27 start=0x000000001fb6d000 end=0x000000001fb7f000 len=0x0000000000012000 source_type=2 class=acpi-reclaimable allocator=ineligible reservation=none
GAXERA: MEMMAP_REGION index=28 start=0x000000001fb7f000 end=0x000000001fbff000 len=0x0000000000080000 source_type=3 class=acpi-nvs allocator=ineligible reservation=none
GAXERA: MEMMAP_REGION index=29 start=0x000000001fbff000 end=0x000000001fef4000 len=0x00000000002f5000 source_type=5 class=bootloader-reclaimable allocator=ineligible reservation=none
GAXERA: MEMMAP_REGION index=30 start=0x000000001fef4000 end=0x000000001ff78000 len=0x0000000000084000 source_type=8 class=mapped-reserved allocator=ineligible reservation=none
GAXERA: MEMMAP_REGION index=31 start=0x000000001ff78000 end=0x0000000020000000 len=0x0000000000088000 source_type=3 class=acpi-nvs allocator=ineligible reservation=none
GAXERA: MEMMAP_REGION index=32 start=0x0000000080000000 end=0x00000000803e8000 len=0x00000000003e8000 source_type=7 class=framebuffer allocator=ineligible reservation=none
GAXERA: MEMMAP_REGION index=33 start=0x000000fd00000000 end=0x0000010000000000 len=0x0000000300000000 source_type=1 class=reserved allocator=ineligible reservation=none
GAXERA: MEMMAP_END
GAXERA: BOOTSTRAP_FRAME_ALLOCATOR_READY ranges=8
GAXERA: PAGING_HHDM_MAPPED
GAXERA: PAGING_TEXT_MAPPED
GAXERA: PAGING_FRAMEBUFFER_MAPPED
GAXERA: PAGE_TABLES_READY root=0x0000000000000000 reservations=3
GAXERA: CR3_GAXERA_OWNED
GAXERA: PHYSICAL_FRAME_ALLOCATOR_READY frames=113903 bitmap_words=1780
GAXERA: MEMORY_FOUNDATION_OK heap=0xfffffe8000001000 size=2097152 lower_guard=0xfffffe8000000000
GAXERA: KERNEL_ENTRY_OK
GAXERA: FRAMEBUFFER_OK (1280x800, pitch: 5120)
GAXERA: TEST_PATTERN_DRAWN
GAXERA: ACPI_MADT_READY local_apic_phys=0x00000000fee00000 override=false
GAXERA: ACPI_TEMPORARY_WINDOW_RELEASED
GAXERA: LOCAL_APIC_READY phys=0x00000000fee00000 vector=0xe0
GAXERA: IOAPIC_READY phys=0x00000000fec00000 gsi_base=0
GAXERA: PREEMPTION_TIMER_READY ticks_per_ms=62861
GAXERA: INIT_MODULE found at phys=0x000000001923e000 size=4303256
GAXERA: KERNEL_STACK top=0xfffffe1000011000
GAXERA: USER_STACK base=0x00007fffffff0000 top=0x0000800000000000 pages=16
GAXERA: ENTER_USER_MODE entry=0x0000000000204c60 rsp=0x00007ffffffffff0 manifest=0x00007ffffffdf000
GAXERA: BOOTSTRAP_MANIFEST_SUCCESS
Guest-confirmed QEMU test passed.

--- Bootstrap No Slot Assumptions Test ---
=== Building Gaxera Kernel ISO ===
     Removed 319 files, 130.3MiB total
Compiling kernel binary...
   Compiling kernel v0.1.0 (/home/nyx/gaxera/kernel)
    Finished `dev` profile [unoptimized + debuginfo] target(s) in 2.62s
Compiling guest binary (userspace-tests)...
   Compiling userspace-tests v0.1.0 (/home/nyx/gaxera/crates/userspace-tests)
    Finished `dev` profile [unoptimized + debuginfo] target(s) in 0.49s
Assembling ISO directory structure...
Compiling ramfs binary...
    Finished `dev` profile [unoptimized + debuginfo] target(s) in 0.03s
Compiling script_session binary...
    Finished `dev` profile [unoptimized + debuginfo] target(s) in 0.04s
Packaging GaxFS ramfs.img...
Packaging bootable ISO image via xorriso...
xorriso 1.5.6 : RockRidge filesystem manipulator, libburnia project.

Drive current: -outdev 'stdio:target/gaxera.iso'
Media current: stdio file, overwriteable
Media status : is blank
Media summary: 0 sessions, 0 data blocks, 0 data,  943g free
Added to ISO image: directory '/'='/home/nyx/gaxera/target/iso_root'
xorriso : UPDATE :      16 files added in 1 seconds
xorriso : UPDATE :      16 files added in 1 seconds
ISO image produced: 14514 sectors
Written to medium : 14514 sectors at LBA 0
Writing to 'stdio:target/gaxera.iso' completed successfully.

Installing bootloader record sector...
Physical block size of 512 bytes.
Installing to GPT. Logical block size of 512 bytes.
Secondary header at LBA 0xe2c7.
Secondary header valid.
Detected ISOHYBRID with a GUID partition table (GPT).
Converting to MBR for improved compatibility...
Conversion successful.
No active partition found, some systems may not boot.
Setting partition 1 as active to work around the issue...
Installing to MBR.
Stage 2 to be located at byte offset 0x200.
Reminder: Remember to copy the limine-bios.sys file in either
          the root, /boot, /limine, or /boot/limine directories of
          one of the partitions on the device, or boot will fail!
Limine BIOS stages installed successfully.
Gaxera packaging successfully compiled to target/gaxera.iso!
=== Launching QEMU Virtual Machine ===
OVMF UEFI firmware detected. Booting in UEFI mode.
Headless mode selected.
[2J[001;001H[=3h[2J[001;001H[2J[001;001H[8;056;240t[2J[001;001H[2J[001;001H[=3h[2J[001;001H[2J[001;001H[8;042;160t[2J[001;001HBdsDxe: loading Boot0002 "UEFI QEMU DVD-ROM QM00003 " from PciRoot(0x0)/Pci(0x1,0x1)/Ata(Secondary,Master,0x0)
BdsDxe: starting Boot0002 "UEFI QEMU DVD-ROM QM00003 " from PciRoot(0x0)/Pci(0x1,0x1)/Ata(Secondary,Master,0x0)
[001;001H[001;001H[001;001Hl[001;002Hi[001;003Hm[001;004Hi[001;005Hn[001;006He[001;007H:[001;008H [001;009HL[001;010Ho[001;011Ha[001;012Hd[001;013Hi[001;014Hn[001;015Hg[001;016H [001;017He[001;018Hx[001;019He[001;020Hc[001;021Hu[001;022Ht[001;023Ha[001;024Hb[001;025Hl[001;026He[001;027H [001;028H`[001;029Hb[001;030Ho[001;031Ho[001;032Ht[001;033H([001;034H)[001;035H:[001;036H/[001;037Hb[001;038Ho[001;039Ho[001;040Ht[001;041H/[001;042Hg[001;043Ha[001;044Hx[001;045He[001;046Hr[001;047Ha[001;048H.[001;049He[001;050Hl[001;051Hf[001;052H`[001;053H.[001;054H.[001;055H.[001;056H[001;001H[002;001Hl[002;002Hi[002;003Hm[002;004Hi[002;005Hn[002;006He[002;007H:[002;008H [002;009HL[002;010Ho[002;011Ha[002;012Hd[002;013Hi[002;014Hn[002;015Hg[002;016H [002;017Hm[002;018Ho[002;019Hd[002;020Hu[002;021Hl[002;022He[002;023H [002;024H`[002;025Hb[002;026Ho[002;027Ho[002;028Ht[002;029H([002;030H)[002;031H:[002;032H/[002;033Hb[002;034Ho[002;035Ho[002;036Ht[002;037H/[002;038Hi[002;039Hn[002;040Hi[002;041Ht[002;042H.[002;043He[002;044Hl[002;045Hf[002;046H`[002;047H.[002;048H.[002;049H.[002;050H[002;001H[003;001Hl[003;002Hi[003;003Hm[003;004Hi[003;005Hn[003;006He[003;007H:[003;008H [003;009HL[003;010Ho[003;011Ha[003;012Hd[003;013Hi[003;014Hn[003;015Hg[003;016H [003;017Hm[003;018Ho[003;019Hd[003;020Hu[003;021Hl[003;022He[003;023H [003;024H`[003;025Hb[003;026Ho[003;027Ho[003;028Ht[003;029H([003;030H)[003;031H:[003;032H/[003;033Hb[003;034Ho[003;035Ho[003;036Ht[003;037H/[003;038Hr[003;039Ha[003;040Hm[003;041Hf[003;042Hs[003;043H.[003;044He[003;045Hl[003;046Hf[003;047H`[003;048H.[003;049H.[003;050H.[003;051H[003;001H[004;001Hl[004;002Hi[004;003Hm[004;004Hi[004;005Hn[004;006He[004;007H:[004;008H [004;009HL[004;010Ho[004;011Ha[004;012Hd[004;013Hi[004;014Hn[004;015Hg[004;016H [004;017Hm[004;018Ho[004;019Hd[004;020Hu[004;021Hl[004;022He[004;023H [004;024H`[004;025Hb[004;026Ho[004;027Ho[004;028Ht[004;029H([004;030H)[004;031H:[004;032H/[004;033Hb[004;034Ho[004;035Ho[004;036Ht[004;037H/[004;038Hs[004;039Hc[004;040Hr[004;041Hi[004;042Hp[004;043Ht[004;044H_[004;045Hs[004;046He[004;047Hs[004;048Hs[004;049Hi[004;050Ho[004;051Hn[004;052H.[004;053He[004;054Hl[004;055Hf[004;056H`[004;057H.[004;058H.[004;059H.[004;060H[004;001H[005;001Hl[005;002Hi[005;003Hm[005;004Hi[005;005Hn[005;006He[005;007H:[005;008H [005;009HL[005;010Ho[005;011Ha[005;012Hd[005;013Hi[005;014Hn[005;015Hg[005;016H [005;017Hm[005;018Ho[005;019Hd[005;020Hu[005;021Hl[005;022He[005;023H [005;024H`[005;025Hb[005;026Ho[005;027Ho[005;028Ht[005;029H([005;030H)[005;031H:[005;032H/[005;033Hb[005;034Ho[005;035Ho[005;036Ht[005;037H/[005;038Hr[005;039Ha[005;040Hm[005;041Hf[005;042Hs[005;043H.[005;044Hi[005;045Hm[005;046Hg[005;047H`[005;048H.[005;049H.[005;050H.[005;051H[005;001H[006;001HGAXERA: BOOT_STACK_READY
GAXERA: DESCRIPTORS_AND_IDT_READY
GAXERA: BOOT_CONTEXT_READY kernel_phys=0x0000000019659000 kernel_virt=0xffffffff80000000 rsdp_phys=0x000000001fb7e014
GAXERA: MEMMAP_BEGIN count=34
GAXERA: MEMMAP_REGION index=0 start=0x0000000000000000 end=0x0000000000087000 len=0x0000000000087000 source_type=0 class=usable allocator=eligible reservation=none
GAXERA: MEMMAP_REGION index=1 start=0x0000000000087000 end=0x0000000000088000 len=0x0000000000001000 source_type=5 class=bootloader-reclaimable allocator=ineligible reservation=none
GAXERA: MEMMAP_REGION index=2 start=0x0000000000088000 end=0x00000000000a0000 len=0x0000000000018000 source_type=0 class=usable allocator=eligible reservation=none
GAXERA: MEMMAP_REGION index=3 start=0x0000000000100000 end=0x0000000000800000 len=0x0000000000700000 source_type=0 class=usable allocator=eligible reservation=none
GAXERA: MEMMAP_REGION index=4 start=0x0000000000800000 end=0x0000000000808000 len=0x0000000000008000 source_type=3 class=acpi-nvs allocator=ineligible reservation=none
GAXERA: MEMMAP_REGION index=5 start=0x0000000000808000 end=0x000000000080b000 len=0x0000000000003000 source_type=0 class=usable allocator=eligible reservation=none
GAXERA: MEMMAP_REGION index=6 start=0x000000000080b000 end=0x000000000080c000 len=0x0000000000001000 source_type=3 class=acpi-nvs allocator=ineligible reservation=none
GAXERA: MEMMAP_REGION index=7 start=0x000000000080c000 end=0x0000000000814000 len=0x0000000000008000 source_type=0 class=usable allocator=eligible reservation=none
GAXERA: MEMMAP_REGION index=8 start=0x0000000000814000 end=0x0000000000900000 len=0x00000000000ec000 source_type=3 class=acpi-nvs allocator=ineligible reservation=none
GAXERA: MEMMAP_REGION index=9 start=0x0000000000900000 end=0x0000000001780000 len=0x0000000000e80000 source_type=5 class=bootloader-reclaimable allocator=ineligible reservation=none
GAXERA: MEMMAP_REGION index=10 start=0x0000000001780000 end=0x0000000018cd3000 len=0x0000000017553000 source_type=0 class=usable allocator=eligible reservation=none
GAXERA: MEMMAP_REGION index=11 start=0x0000000018cd3000 end=0x0000000018ce0000 len=0x000000000000d000 source_type=5 class=bootloader-reclaimable allocator=ineligible reservation=none
GAXERA: MEMMAP_REGION index=12 start=0x0000000018ce0000 end=0x0000000018f8f000 len=0x00000000002af000 source_type=6 class=executable-and-modules allocator=ineligible reservation=none
GAXERA: MEMMAP_REGION index=13 start=0x0000000018f8f000 end=0x000000001923d000 len=0x00000000002ae000 source_type=6 class=executable-and-modules allocator=ineligible reservation=none
GAXERA: MEMMAP_REGION index=14 start=0x000000001923d000 end=0x0000000019659000 len=0x000000000041c000 source_type=6 class=executable-and-modules allocator=ineligible reservation=none
GAXERA: MEMMAP_REGION index=15 start=0x0000000019659000 end=0x00000000197e1000 len=0x0000000000188000 source_type=6 class=executable-and-modules allocator=ineligible reservation=none
GAXERA: MEMMAP_REGION index=16 start=0x00000000197e1000 end=0x000000001a66c000 len=0x0000000000e8b000 source_type=5 class=bootloader-reclaimable allocator=ineligible reservation=none
GAXERA: MEMMAP_REGION index=17 start=0x000000001a66c000 end=0x000000001bf6c000 len=0x0000000001900000 source_type=0 class=usable allocator=eligible reservation=none
GAXERA: MEMMAP_REGION index=18 start=0x000000001bf6c000 end=0x000000001bfaa000 len=0x000000000003e000 source_type=5 class=bootloader-reclaimable allocator=ineligible reservation=none
GAXERA: MEMMAP_REGION index=19 start=0x000000001bfaa000 end=0x000000001bfab000 len=0x0000000000001000 source_type=6 class=executable-and-modules allocator=ineligible reservation=none
GAXERA: MEMMAP_REGION index=20 start=0x000000001bfab000 end=0x000000001bfaf000 len=0x0000000000004000 source_type=5 class=bootloader-reclaimable allocator=ineligible reservation=none
GAXERA: MEMMAP_REGION index=21 start=0x000000001bfaf000 end=0x000000001e6a0000 len=0x00000000026f1000 source_type=0 class=usable allocator=eligible reservation=none
GAXERA: MEMMAP_REGION index=22 start=0x000000001e6a0000 end=0x000000001ed3f000 len=0x000000000069f000 source_type=5 class=bootloader-reclaimable allocator=ineligible reservation=none
GAXERA: MEMMAP_REGION index=23 start=0x000000001ed3f000 end=0x000000001ee00000 len=0x00000000000c1000 source_type=8 class=mapped-reserved allocator=ineligible reservation=none
GAXERA: MEMMAP_REGION index=24 start=0x000000001ee00000 end=0x000000001f8ed000 len=0x0000000000aed000 source_type=5 class=bootloader-reclaimable allocator=ineligible reservation=none
GAXERA: MEMMAP_REGION index=25 start=0x000000001f8ed000 end=0x000000001faed000 len=0x0000000000200000 source_type=8 class=mapped-reserved allocator=ineligible reservation=none
GAXERA: MEMMAP_REGION index=26 start=0x000000001faed000 end=0x000000001fb6d000 len=0x0000000000080000 source_type=1 class=reserved allocator=ineligible reservation=none
GAXERA: MEMMAP_REGION index=27 start=0x000000001fb6d000 end=0x000000001fb7f000 len=0x0000000000012000 source_type=2 class=acpi-reclaimable allocator=ineligible reservation=none
GAXERA: MEMMAP_REGION index=28 start=0x000000001fb7f000 end=0x000000001fbff000 len=0x0000000000080000 source_type=3 class=acpi-nvs allocator=ineligible reservation=none
GAXERA: MEMMAP_REGION index=29 start=0x000000001fbff000 end=0x000000001fef4000 len=0x00000000002f5000 source_type=5 class=bootloader-reclaimable allocator=ineligible reservation=none
GAXERA: MEMMAP_REGION index=30 start=0x000000001fef4000 end=0x000000001ff78000 len=0x0000000000084000 source_type=8 class=mapped-reserved allocator=ineligible reservation=none
GAXERA: MEMMAP_REGION index=31 start=0x000000001ff78000 end=0x0000000020000000 len=0x0000000000088000 source_type=3 class=acpi-nvs allocator=ineligible reservation=none
GAXERA: MEMMAP_REGION index=32 start=0x0000000080000000 end=0x00000000803e8000 len=0x00000000003e8000 source_type=7 class=framebuffer allocator=ineligible reservation=none
GAXERA: MEMMAP_REGION index=33 start=0x000000fd00000000 end=0x0000010000000000 len=0x0000000300000000 source_type=1 class=reserved allocator=ineligible reservation=none
GAXERA: MEMMAP_END
GAXERA: BOOTSTRAP_FRAME_ALLOCATOR_READY ranges=8
GAXERA: PAGING_HHDM_MAPPED
GAXERA: PAGING_TEXT_MAPPED
GAXERA: PAGING_FRAMEBUFFER_MAPPED
GAXERA: PAGE_TABLES_READY root=0x0000000000000000 reservations=3
GAXERA: CR3_GAXERA_OWNED
GAXERA: PHYSICAL_FRAME_ALLOCATOR_READY frames=113902 bitmap_words=1780
GAXERA: MEMORY_FOUNDATION_OK heap=0xfffffe8000001000 size=2097152 lower_guard=0xfffffe8000000000
GAXERA: KERNEL_ENTRY_OK
GAXERA: FRAMEBUFFER_OK (1280x800, pitch: 5120)
GAXERA: TEST_PATTERN_DRAWN
GAXERA: ACPI_MADT_READY local_apic_phys=0x00000000fee00000 override=false
GAXERA: ACPI_TEMPORARY_WINDOW_RELEASED
GAXERA: LOCAL_APIC_READY phys=0x00000000fee00000 vector=0xe0
GAXERA: IOAPIC_READY phys=0x00000000fec00000 gsi_base=0
GAXERA: PREEMPTION_TIMER_READY ticks_per_ms=62894
GAXERA: INIT_MODULE found at phys=0x000000001923d000 size=4308776
GAXERA: KERNEL_STACK top=0xfffffe1000011000
GAXERA: USER_STACK base=0x00007fffffff0000 top=0x0000800000000000 pages=16
GAXERA: ENTER_USER_MODE entry=0x0000000000204bc0 rsp=0x00007ffffffffff0 manifest=0x00007ffffffdf000
GAXERA: BOOTSTRAP_NO_SLOT_ASSUMPTIONS_SUCCESS
Guest-confirmed QEMU test passed.

--- Process Create Start Exit Test ---
=== Building Gaxera Kernel ISO ===
     Removed 319 files, 130.3MiB total
Compiling kernel binary...
   Compiling kernel v0.1.0 (/home/nyx/gaxera/kernel)
    Finished `dev` profile [unoptimized + debuginfo] target(s) in 2.57s
Compiling guest binary (userspace-tests)...
   Compiling userspace-tests v0.1.0 (/home/nyx/gaxera/crates/userspace-tests)
    Finished `dev` profile [unoptimized + debuginfo] target(s) in 0.42s
Assembling ISO directory structure...
Compiling ramfs binary...
    Finished `dev` profile [unoptimized + debuginfo] target(s) in 0.04s
Compiling script_session binary...
    Finished `dev` profile [unoptimized + debuginfo] target(s) in 0.03s
Packaging GaxFS ramfs.img...
Packaging bootable ISO image via xorriso...
xorriso 1.5.6 : RockRidge filesystem manipulator, libburnia project.

Drive current: -outdev 'stdio:target/gaxera.iso'
Media current: stdio file, overwriteable
Media status : is blank
Media summary: 0 sessions, 0 data blocks, 0 data,  943g free
Added to ISO image: directory '/'='/home/nyx/gaxera/target/iso_root'
xorriso : UPDATE :      16 files added in 1 seconds
xorriso : UPDATE :      16 files added in 1 seconds
ISO image produced: 14518 sectors
Written to medium : 14518 sectors at LBA 0
Writing to 'stdio:target/gaxera.iso' completed successfully.

Installing bootloader record sector...
Physical block size of 512 bytes.
Installing to GPT. Logical block size of 512 bytes.
Secondary header at LBA 0xe2d7.
Secondary header valid.
Detected ISOHYBRID with a GUID partition table (GPT).
Converting to MBR for improved compatibility...
Conversion successful.
No active partition found, some systems may not boot.
Setting partition 1 as active to work around the issue...
Installing to MBR.
Stage 2 to be located at byte offset 0x200.
Reminder: Remember to copy the limine-bios.sys file in either
          the root, /boot, /limine, or /boot/limine directories of
          one of the partitions on the device, or boot will fail!
Limine BIOS stages installed successfully.
Gaxera packaging successfully compiled to target/gaxera.iso!
=== Launching QEMU Virtual Machine ===
OVMF UEFI firmware detected. Booting in UEFI mode.
Headless mode selected.
[2J[001;001H[=3h[2J[001;001H[2J[001;001H[8;056;240t[2J[001;001H[2J[001;001H[=3h[2J[001;001H[2J[001;001H[8;042;160t[2J[001;001HBdsDxe: loading Boot0002 "UEFI QEMU DVD-ROM QM00003 " from PciRoot(0x0)/Pci(0x1,0x1)/Ata(Secondary,Master,0x0)
BdsDxe: starting Boot0002 "UEFI QEMU DVD-ROM QM00003 " from PciRoot(0x0)/Pci(0x1,0x1)/Ata(Secondary,Master,0x0)
[001;001H[001;001H[001;001Hl[001;002Hi[001;003Hm[001;004Hi[001;005Hn[001;006He[001;007H:[001;008H [001;009HL[001;010Ho[001;011Ha[001;012Hd[001;013Hi[001;014Hn[001;015Hg[001;016H [001;017He[001;018Hx[001;019He[001;020Hc[001;021Hu[001;022Ht[001;023Ha[001;024Hb[001;025Hl[001;026He[001;027H [001;028H`[001;029Hb[001;030Ho[001;031Ho[001;032Ht[001;033H([001;034H)[001;035H:[001;036H/[001;037Hb[001;038Ho[001;039Ho[001;040Ht[001;041H/[001;042Hg[001;043Ha[001;044Hx[001;045He[001;046Hr[001;047Ha[001;048H.[001;049He[001;050Hl[001;051Hf[001;052H`[001;053H.[001;054H.[001;055H.[001;056H[001;001H[002;001Hl[002;002Hi[002;003Hm[002;004Hi[002;005Hn[002;006He[002;007H:[002;008H [002;009HL[002;010Ho[002;011Ha[002;012Hd[002;013Hi[002;014Hn[002;015Hg[002;016H [002;017Hm[002;018Ho[002;019Hd[002;020Hu[002;021Hl[002;022He[002;023H [002;024H`[002;025Hb[002;026Ho[002;027Ho[002;028Ht[002;029H([002;030H)[002;031H:[002;032H/[002;033Hb[002;034Ho[002;035Ho[002;036Ht[002;037H/[002;038Hi[002;039Hn[002;040Hi[002;041Ht[002;042H.[002;043He[002;044Hl[002;045Hf[002;046H`[002;047H.[002;048H.[002;049H.[002;050H[002;001H[003;001Hl[003;002Hi[003;003Hm[003;004Hi[003;005Hn[003;006He[003;007H:[003;008H [003;009HL[003;010Ho[003;011Ha[003;012Hd[003;013Hi[003;014Hn[003;015Hg[003;016H [003;017Hm[003;018Ho[003;019Hd[003;020Hu[003;021Hl[003;022He[003;023H [003;024H`[003;025Hb[003;026Ho[003;027Ho[003;028Ht[003;029H([003;030H)[003;031H:[003;032H/[003;033Hb[003;034Ho[003;035Ho[003;036Ht[003;037H/[003;038Hr[003;039Ha[003;040Hm[003;041Hf[003;042Hs[003;043H.[003;044He[003;045Hl[003;046Hf[003;047H`[003;048H.[003;049H.[003;050H.[003;051H[003;001H[004;001Hl[004;002Hi[004;003Hm[004;004Hi[004;005Hn[004;006He[004;007H:[004;008H [004;009HL[004;010Ho[004;011Ha[004;012Hd[004;013Hi[004;014Hn[004;015Hg[004;016H [004;017Hm[004;018Ho[004;019Hd[004;020Hu[004;021Hl[004;022He[004;023H [004;024H`[004;025Hb[004;026Ho[004;027Ho[004;028Ht[004;029H([004;030H)[004;031H:[004;032H/[004;033Hb[004;034Ho[004;035Ho[004;036Ht[004;037H/[004;038Hs[004;039Hc[004;040Hr[004;041Hi[004;042Hp[004;043Ht[004;044H_[004;045Hs[004;046He[004;047Hs[004;048Hs[004;049Hi[004;050Ho[004;051Hn[004;052H.[004;053He[004;054Hl[004;055Hf[004;056H`[004;057H.[004;058H.[004;059H.[004;060H[004;001H[005;001Hl[005;002Hi[005;003Hm[005;004Hi[005;005Hn[005;006He[005;007H:[005;008H [005;009HL[005;010Ho[005;011Ha[005;012Hd[005;013Hi[005;014Hn[005;015Hg[005;016H [005;017Hm[005;018Ho[005;019Hd[005;020Hu[005;021Hl[005;022He[005;023H [005;024H`[005;025Hb[005;026Ho[005;027Ho[005;028Ht[005;029H([005;030H)[005;031H:[005;032H/[005;033Hb[005;034Ho[005;035Ho[005;036Ht[005;037H/[005;038Hr[005;039Ha[005;040Hm[005;041Hf[005;042Hs[005;043H.[005;044Hi[005;045Hm[005;046Hg[005;047H`[005;048H.[005;049H.[005;050H.[005;051H[005;001H[006;001HGAXERA: BOOT_STACK_READY
GAXERA: DESCRIPTORS_AND_IDT_READY
GAXERA: BOOT_CONTEXT_READY kernel_phys=0x0000000019659000 kernel_virt=0xffffffff80000000 rsdp_phys=0x000000001fb7e014
GAXERA: MEMMAP_BEGIN count=34
GAXERA: MEMMAP_REGION index=0 start=0x0000000000000000 end=0x0000000000087000 len=0x0000000000087000 source_type=0 class=usable allocator=eligible reservation=none
GAXERA: MEMMAP_REGION index=1 start=0x0000000000087000 end=0x0000000000088000 len=0x0000000000001000 source_type=5 class=bootloader-reclaimable allocator=ineligible reservation=none
GAXERA: MEMMAP_REGION index=2 start=0x0000000000088000 end=0x00000000000a0000 len=0x0000000000018000 source_type=0 class=usable allocator=eligible reservation=none
GAXERA: MEMMAP_REGION index=3 start=0x0000000000100000 end=0x0000000000800000 len=0x0000000000700000 source_type=0 class=usable allocator=eligible reservation=none
GAXERA: MEMMAP_REGION index=4 start=0x0000000000800000 end=0x0000000000808000 len=0x0000000000008000 source_type=3 class=acpi-nvs allocator=ineligible reservation=none
GAXERA: MEMMAP_REGION index=5 start=0x0000000000808000 end=0x000000000080b000 len=0x0000000000003000 source_type=0 class=usable allocator=eligible reservation=none
GAXERA: MEMMAP_REGION index=6 start=0x000000000080b000 end=0x000000000080c000 len=0x0000000000001000 source_type=3 class=acpi-nvs allocator=ineligible reservation=none
GAXERA: MEMMAP_REGION index=7 start=0x000000000080c000 end=0x0000000000814000 len=0x0000000000008000 source_type=0 class=usable allocator=eligible reservation=none
GAXERA: MEMMAP_REGION index=8 start=0x0000000000814000 end=0x0000000000900000 len=0x00000000000ec000 source_type=3 class=acpi-nvs allocator=ineligible reservation=none
GAXERA: MEMMAP_REGION index=9 start=0x0000000000900000 end=0x0000000001780000 len=0x0000000000e80000 source_type=5 class=bootloader-reclaimable allocator=ineligible reservation=none
GAXERA: MEMMAP_REGION index=10 start=0x0000000001780000 end=0x0000000018cd1000 len=0x0000000017551000 source_type=0 class=usable allocator=eligible reservation=none
GAXERA: MEMMAP_REGION index=11 start=0x0000000018cd1000 end=0x0000000018cde000 len=0x000000000000d000 source_type=5 class=bootloader-reclaimable allocator=ineligible reservation=none
GAXERA: MEMMAP_REGION index=12 start=0x0000000018cde000 end=0x0000000018f8d000 len=0x00000000002af000 source_type=6 class=executable-and-modules allocator=ineligible reservation=none
GAXERA: MEMMAP_REGION index=13 start=0x0000000018f8d000 end=0x000000001923b000 len=0x00000000002ae000 source_type=6 class=executable-and-modules allocator=ineligible reservation=none
GAXERA: MEMMAP_REGION index=14 start=0x000000001923b000 end=0x0000000019659000 len=0x000000000041e000 source_type=6 class=executable-and-modules allocator=ineligible reservation=none
GAXERA: MEMMAP_REGION index=15 start=0x0000000019659000 end=0x00000000197e1000 len=0x0000000000188000 source_type=6 class=executable-and-modules allocator=ineligible reservation=none
GAXERA: MEMMAP_REGION index=16 start=0x00000000197e1000 end=0x000000001a66c000 len=0x0000000000e8b000 source_type=5 class=bootloader-reclaimable allocator=ineligible reservation=none
GAXERA: MEMMAP_REGION index=17 start=0x000000001a66c000 end=0x000000001bf6c000 len=0x0000000001900000 source_type=0 class=usable allocator=eligible reservation=none
GAXERA: MEMMAP_REGION index=18 start=0x000000001bf6c000 end=0x000000001bfaa000 len=0x000000000003e000 source_type=5 class=bootloader-reclaimable allocator=ineligible reservation=none
GAXERA: MEMMAP_REGION index=19 start=0x000000001bfaa000 end=0x000000001bfab000 len=0x0000000000001000 source_type=6 class=executable-and-modules allocator=ineligible reservation=none
GAXERA: MEMMAP_REGION index=20 start=0x000000001bfab000 end=0x000000001bfaf000 len=0x0000000000004000 source_type=5 class=bootloader-reclaimable allocator=ineligible reservation=none
GAXERA: MEMMAP_REGION index=21 start=0x000000001bfaf000 end=0x000000001e6a0000 len=0x00000000026f1000 source_type=0 class=usable allocator=eligible reservation=none
GAXERA: MEMMAP_REGION index=22 start=0x000000001e6a0000 end=0x000000001ed3f000 len=0x000000000069f000 source_type=5 class=bootloader-reclaimable allocator=ineligible reservation=none
GAXERA: MEMMAP_REGION index=23 start=0x000000001ed3f000 end=0x000000001ee00000 len=0x00000000000c1000 source_type=8 class=mapped-reserved allocator=ineligible reservation=none
GAXERA: MEMMAP_REGION index=24 start=0x000000001ee00000 end=0x000000001f8ed000 len=0x0000000000aed000 source_type=5 class=bootloader-reclaimable allocator=ineligible reservation=none
GAXERA: MEMMAP_REGION index=25 start=0x000000001f8ed000 end=0x000000001faed000 len=0x0000000000200000 source_type=8 class=mapped-reserved allocator=ineligible reservation=none
GAXERA: MEMMAP_REGION index=26 start=0x000000001faed000 end=0x000000001fb6d000 len=0x0000000000080000 source_type=1 class=reserved allocator=ineligible reservation=none
GAXERA: MEMMAP_REGION index=27 start=0x000000001fb6d000 end=0x000000001fb7f000 len=0x0000000000012000 source_type=2 class=acpi-reclaimable allocator=ineligible reservation=none
GAXERA: MEMMAP_REGION index=28 start=0x000000001fb7f000 end=0x000000001fbff000 len=0x0000000000080000 source_type=3 class=acpi-nvs allocator=ineligible reservation=none
GAXERA: MEMMAP_REGION index=29 start=0x000000001fbff000 end=0x000000001fef4000 len=0x00000000002f5000 source_type=5 class=bootloader-reclaimable allocator=ineligible reservation=none
GAXERA: MEMMAP_REGION index=30 start=0x000000001fef4000 end=0x000000001ff78000 len=0x0000000000084000 source_type=8 class=mapped-reserved allocator=ineligible reservation=none
GAXERA: MEMMAP_REGION index=31 start=0x000000001ff78000 end=0x0000000020000000 len=0x0000000000088000 source_type=3 class=acpi-nvs allocator=ineligible reservation=none
GAXERA: MEMMAP_REGION index=32 start=0x0000000080000000 end=0x00000000803e8000 len=0x00000000003e8000 source_type=7 class=framebuffer allocator=ineligible reservation=none
GAXERA: MEMMAP_REGION index=33 start=0x000000fd00000000 end=0x0000010000000000 len=0x0000000300000000 source_type=1 class=reserved allocator=ineligible reservation=none
GAXERA: MEMMAP_END
GAXERA: BOOTSTRAP_FRAME_ALLOCATOR_READY ranges=8
GAXERA: PAGING_HHDM_MAPPED
GAXERA: PAGING_TEXT_MAPPED
GAXERA: PAGING_FRAMEBUFFER_MAPPED
GAXERA: PAGE_TABLES_READY root=0x0000000000000000 reservations=3
GAXERA: CR3_GAXERA_OWNED
GAXERA: PHYSICAL_FRAME_ALLOCATOR_READY frames=113900 bitmap_words=1780
GAXERA: MEMORY_FOUNDATION_OK heap=0xfffffe8000001000 size=2097152 lower_guard=0xfffffe8000000000
GAXERA: KERNEL_ENTRY_OK
GAXERA: FRAMEBUFFER_OK (1280x800, pitch: 5120)
GAXERA: TEST_PATTERN_DRAWN
GAXERA: ACPI_MADT_READY local_apic_phys=0x00000000fee00000 override=false
GAXERA: ACPI_TEMPORARY_WINDOW_RELEASED
GAXERA: LOCAL_APIC_READY phys=0x00000000fee00000 vector=0xe0
GAXERA: IOAPIC_READY phys=0x00000000fec00000 gsi_base=0
GAXERA: PREEMPTION_TIMER_READY ticks_per_ms=62895
GAXERA: INIT_MODULE found at phys=0x000000001923b000 size=4316424
GAXERA: KERNEL_STACK top=0xfffffe1000011000
GAXERA: USER_STACK base=0x00007fffffff0000 top=0x0000800000000000 pages=16
GAXERA: ENTER_USER_MODE entry=0x0000000000204cf0 rsp=0x00007ffffffffff0 manifest=0x00007ffffffdf000
GAXERA: PROCESS_CREATE_TERMINATE_REAP_SUCCESS
Guest-confirmed QEMU test passed.

--- Process Supervisor Terminate Test ---
=== Building Gaxera Kernel ISO ===
     Removed 319 files, 130.3MiB total
Compiling kernel binary...
   Compiling kernel v0.1.0 (/home/nyx/gaxera/kernel)
    Finished `dev` profile [unoptimized + debuginfo] target(s) in 2.55s
Compiling guest binary (userspace-tests)...
   Compiling userspace-tests v0.1.0 (/home/nyx/gaxera/crates/userspace-tests)
    Finished `dev` profile [unoptimized + debuginfo] target(s) in 0.48s
Assembling ISO directory structure...
Compiling ramfs binary...
    Finished `dev` profile [unoptimized + debuginfo] target(s) in 0.03s
Compiling script_session binary...
    Finished `dev` profile [unoptimized + debuginfo] target(s) in 0.03s
Packaging GaxFS ramfs.img...
Packaging bootable ISO image via xorriso...
xorriso 1.5.6 : RockRidge filesystem manipulator, libburnia project.

Drive current: -outdev 'stdio:target/gaxera.iso'
Media current: stdio file, overwriteable
Media status : is blank
Media summary: 0 sessions, 0 data blocks, 0 data,  943g free
Added to ISO image: directory '/'='/home/nyx/gaxera/target/iso_root'
xorriso : UPDATE :      16 files added in 1 seconds
xorriso : UPDATE :      16 files added in 1 seconds
ISO image produced: 14527 sectors
Written to medium : 14527 sectors at LBA 0
Writing to 'stdio:target/gaxera.iso' completed successfully.

Installing bootloader record sector...
Physical block size of 512 bytes.
Installing to GPT. Logical block size of 512 bytes.
Secondary header at LBA 0xe2fb.
Secondary header valid.
Detected ISOHYBRID with a GUID partition table (GPT).
Converting to MBR for improved compatibility...
Conversion successful.
No active partition found, some systems may not boot.
Setting partition 1 as active to work around the issue...
Installing to MBR.
Stage 2 to be located at byte offset 0x200.
Reminder: Remember to copy the limine-bios.sys file in either
          the root, /boot, /limine, or /boot/limine directories of
          one of the partitions on the device, or boot will fail!
Limine BIOS stages installed successfully.
Gaxera packaging successfully compiled to target/gaxera.iso!
=== Launching QEMU Virtual Machine ===
OVMF UEFI firmware detected. Booting in UEFI mode.
Headless mode selected.
[2J[001;001H[=3h[2J[001;001H[2J[001;001H[8;056;240t[2J[001;001H[2J[001;001H[=3h[2J[001;001H[2J[001;001H[8;042;160t[2J[001;001HBdsDxe: loading Boot0002 "UEFI QEMU DVD-ROM QM00003 " from PciRoot(0x0)/Pci(0x1,0x1)/Ata(Secondary,Master,0x0)
BdsDxe: starting Boot0002 "UEFI QEMU DVD-ROM QM00003 " from PciRoot(0x0)/Pci(0x1,0x1)/Ata(Secondary,Master,0x0)
[001;001H[001;001H[001;001Hl[001;002Hi[001;003Hm[001;004Hi[001;005Hn[001;006He[001;007H:[001;008H [001;009HL[001;010Ho[001;011Ha[001;012Hd[001;013Hi[001;014Hn[001;015Hg[001;016H [001;017He[001;018Hx[001;019He[001;020Hc[001;021Hu[001;022Ht[001;023Ha[001;024Hb[001;025Hl[001;026He[001;027H [001;028H`[001;029Hb[001;030Ho[001;031Ho[001;032Ht[001;033H([001;034H)[001;035H:[001;036H/[001;037Hb[001;038Ho[001;039Ho[001;040Ht[001;041H/[001;042Hg[001;043Ha[001;044Hx[001;045He[001;046Hr[001;047Ha[001;048H.[001;049He[001;050Hl[001;051Hf[001;052H`[001;053H.[001;054H.[001;055H.[001;056H[001;001H[002;001Hl[002;002Hi[002;003Hm[002;004Hi[002;005Hn[002;006He[002;007H:[002;008H [002;009HL[002;010Ho[002;011Ha[002;012Hd[002;013Hi[002;014Hn[002;015Hg[002;016H [002;017Hm[002;018Ho[002;019Hd[002;020Hu[002;021Hl[002;022He[002;023H [002;024H`[002;025Hb[002;026Ho[002;027Ho[002;028Ht[002;029H([002;030H)[002;031H:[002;032H/[002;033Hb[002;034Ho[002;035Ho[002;036Ht[002;037H/[002;038Hi[002;039Hn[002;040Hi[002;041Ht[002;042H.[002;043He[002;044Hl[002;045Hf[002;046H`[002;047H.[002;048H.[002;049H.[002;050H[002;001H[003;001Hl[003;002Hi[003;003Hm[003;004Hi[003;005Hn[003;006He[003;007H:[003;008H [003;009HL[003;010Ho[003;011Ha[003;012Hd[003;013Hi[003;014Hn[003;015Hg[003;016H [003;017Hm[003;018Ho[003;019Hd[003;020Hu[003;021Hl[003;022He[003;023H [003;024H`[003;025Hb[003;026Ho[003;027Ho[003;028Ht[003;029H([003;030H)[003;031H:[003;032H/[003;033Hb[003;034Ho[003;035Ho[003;036Ht[003;037H/[003;038Hr[003;039Ha[003;040Hm[003;041Hf[003;042Hs[003;043H.[003;044He[003;045Hl[003;046Hf[003;047H`[003;048H.[003;049H.[003;050H.[003;051H[003;001H[004;001Hl[004;002Hi[004;003Hm[004;004Hi[004;005Hn[004;006He[004;007H:[004;008H [004;009HL[004;010Ho[004;011Ha[004;012Hd[004;013Hi[004;014Hn[004;015Hg[004;016H [004;017Hm[004;018Ho[004;019Hd[004;020Hu[004;021Hl[004;022He[004;023H [004;024H`[004;025Hb[004;026Ho[004;027Ho[004;028Ht[004;029H([004;030H)[004;031H:[004;032H/[004;033Hb[004;034Ho[004;035Ho[004;036Ht[004;037H/[004;038Hs[004;039Hc[004;040Hr[004;041Hi[004;042Hp[004;043Ht[004;044H_[004;045Hs[004;046He[004;047Hs[004;048Hs[004;049Hi[004;050Ho[004;051Hn[004;052H.[004;053He[004;054Hl[004;055Hf[004;056H`[004;057H.[004;058H.[004;059H.[004;060H[004;001H[005;001Hl[005;002Hi[005;003Hm[005;004Hi[005;005Hn[005;006He[005;007H:[005;008H [005;009HL[005;010Ho[005;011Ha[005;012Hd[005;013Hi[005;014Hn[005;015Hg[005;016H [005;017Hm[005;018Ho[005;019Hd[005;020Hu[005;021Hl[005;022He[005;023H [005;024H`[005;025Hb[005;026Ho[005;027Ho[005;028Ht[005;029H([005;030H)[005;031H:[005;032H/[005;033Hb[005;034Ho[005;035Ho[005;036Ht[005;037H/[005;038Hr[005;039Ha[005;040Hm[005;041Hf[005;042Hs[005;043H.[005;044Hi[005;045Hm[005;046Hg[005;047H`[005;048H.[005;049H.[005;050H.[005;051H[005;001H[006;001HGAXERA: BOOT_STACK_READY
GAXERA: DESCRIPTORS_AND_IDT_READY
GAXERA: BOOT_CONTEXT_READY kernel_phys=0x0000000019659000 kernel_virt=0xffffffff80000000 rsdp_phys=0x000000001fb7e014
GAXERA: MEMMAP_BEGIN count=34
GAXERA: MEMMAP_REGION index=0 start=0x0000000000000000 end=0x0000000000087000 len=0x0000000000087000 source_type=0 class=usable allocator=eligible reservation=none
GAXERA: MEMMAP_REGION index=1 start=0x0000000000087000 end=0x0000000000088000 len=0x0000000000001000 source_type=5 class=bootloader-reclaimable allocator=ineligible reservation=none
GAXERA: MEMMAP_REGION index=2 start=0x0000000000088000 end=0x00000000000a0000 len=0x0000000000018000 source_type=0 class=usable allocator=eligible reservation=none
GAXERA: MEMMAP_REGION index=3 start=0x0000000000100000 end=0x0000000000800000 len=0x0000000000700000 source_type=0 class=usable allocator=eligible reservation=none
GAXERA: MEMMAP_REGION index=4 start=0x0000000000800000 end=0x0000000000808000 len=0x0000000000008000 source_type=3 class=acpi-nvs allocator=ineligible reservation=none
GAXERA: MEMMAP_REGION index=5 start=0x0000000000808000 end=0x000000000080b000 len=0x0000000000003000 source_type=0 class=usable allocator=eligible reservation=none
GAXERA: MEMMAP_REGION index=6 start=0x000000000080b000 end=0x000000000080c000 len=0x0000000000001000 source_type=3 class=acpi-nvs allocator=ineligible reservation=none
GAXERA: MEMMAP_REGION index=7 start=0x000000000080c000 end=0x0000000000814000 len=0x0000000000008000 source_type=0 class=usable allocator=eligible reservation=none
GAXERA: MEMMAP_REGION index=8 start=0x0000000000814000 end=0x0000000000900000 len=0x00000000000ec000 source_type=3 class=acpi-nvs allocator=ineligible reservation=none
GAXERA: MEMMAP_REGION index=9 start=0x0000000000900000 end=0x0000000001780000 len=0x0000000000e80000 source_type=5 class=bootloader-reclaimable allocator=ineligible reservation=none
GAXERA: MEMMAP_REGION index=10 start=0x0000000001780000 end=0x0000000018ccc000 len=0x000000001754c000 source_type=0 class=usable allocator=eligible reservation=none
GAXERA: MEMMAP_REGION index=11 start=0x0000000018ccc000 end=0x0000000018cd9000 len=0x000000000000d000 source_type=5 class=bootloader-reclaimable allocator=ineligible reservation=none
GAXERA: MEMMAP_REGION index=12 start=0x0000000018cd9000 end=0x0000000018f88000 len=0x00000000002af000 source_type=6 class=executable-and-modules allocator=ineligible reservation=none
GAXERA: MEMMAP_REGION index=13 start=0x0000000018f88000 end=0x0000000019236000 len=0x00000000002ae000 source_type=6 class=executable-and-modules allocator=ineligible reservation=none
GAXERA: MEMMAP_REGION index=14 start=0x0000000019236000 end=0x0000000019659000 len=0x0000000000423000 source_type=6 class=executable-and-modules allocator=ineligible reservation=none
GAXERA: MEMMAP_REGION index=15 start=0x0000000019659000 end=0x00000000197e1000 len=0x0000000000188000 source_type=6 class=executable-and-modules allocator=ineligible reservation=none
GAXERA: MEMMAP_REGION index=16 start=0x00000000197e1000 end=0x000000001a66c000 len=0x0000000000e8b000 source_type=5 class=bootloader-reclaimable allocator=ineligible reservation=none
GAXERA: MEMMAP_REGION index=17 start=0x000000001a66c000 end=0x000000001bf6c000 len=0x0000000001900000 source_type=0 class=usable allocator=eligible reservation=none
GAXERA: MEMMAP_REGION index=18 start=0x000000001bf6c000 end=0x000000001bfaa000 len=0x000000000003e000 source_type=5 class=bootloader-reclaimable allocator=ineligible reservation=none
GAXERA: MEMMAP_REGION index=19 start=0x000000001bfaa000 end=0x000000001bfab000 len=0x0000000000001000 source_type=6 class=executable-and-modules allocator=ineligible reservation=none
GAXERA: MEMMAP_REGION index=20 start=0x000000001bfab000 end=0x000000001bfaf000 len=0x0000000000004000 source_type=5 class=bootloader-reclaimable allocator=ineligible reservation=none
GAXERA: MEMMAP_REGION index=21 start=0x000000001bfaf000 end=0x000000001e6a0000 len=0x00000000026f1000 source_type=0 class=usable allocator=eligible reservation=none
GAXERA: MEMMAP_REGION index=22 start=0x000000001e6a0000 end=0x000000001ed3f000 len=0x000000000069f000 source_type=5 class=bootloader-reclaimable allocator=ineligible reservation=none
GAXERA: MEMMAP_REGION index=23 start=0x000000001ed3f000 end=0x000000001ee00000 len=0x00000000000c1000 source_type=8 class=mapped-reserved allocator=ineligible reservation=none
GAXERA: MEMMAP_REGION index=24 start=0x000000001ee00000 end=0x000000001f8ed000 len=0x0000000000aed000 source_type=5 class=bootloader-reclaimable allocator=ineligible reservation=none
GAXERA: MEMMAP_REGION index=25 start=0x000000001f8ed000 end=0x000000001faed000 len=0x0000000000200000 source_type=8 class=mapped-reserved allocator=ineligible reservation=none
GAXERA: MEMMAP_REGION index=26 start=0x000000001faed000 end=0x000000001fb6d000 len=0x0000000000080000 source_type=1 class=reserved allocator=ineligible reservation=none
GAXERA: MEMMAP_REGION index=27 start=0x000000001fb6d000 end=0x000000001fb7f000 len=0x0000000000012000 source_type=2 class=acpi-reclaimable allocator=ineligible reservation=none
GAXERA: MEMMAP_REGION index=28 start=0x000000001fb7f000 end=0x000000001fbff000 len=0x0000000000080000 source_type=3 class=acpi-nvs allocator=ineligible reservation=none
GAXERA: MEMMAP_REGION index=29 start=0x000000001fbff000 end=0x000000001fef4000 len=0x00000000002f5000 source_type=5 class=bootloader-reclaimable allocator=ineligible reservation=none
GAXERA: MEMMAP_REGION index=30 start=0x000000001fef4000 end=0x000000001ff78000 len=0x0000000000084000 source_type=8 class=mapped-reserved allocator=ineligible reservation=none
GAXERA: MEMMAP_REGION index=31 start=0x000000001ff78000 end=0x0000000020000000 len=0x0000000000088000 source_type=3 class=acpi-nvs allocator=ineligible reservation=none
GAXERA: MEMMAP_REGION index=32 start=0x0000000080000000 end=0x00000000803e8000 len=0x00000000003e8000 source_type=7 class=framebuffer allocator=ineligible reservation=none
GAXERA: MEMMAP_REGION index=33 start=0x000000fd00000000 end=0x0000010000000000 len=0x0000000300000000 source_type=1 class=reserved allocator=ineligible reservation=none
GAXERA: MEMMAP_END
GAXERA: BOOTSTRAP_FRAME_ALLOCATOR_READY ranges=8
GAXERA: PAGING_HHDM_MAPPED
GAXERA: PAGING_TEXT_MAPPED
GAXERA: PAGING_FRAMEBUFFER_MAPPED
GAXERA: PAGE_TABLES_READY root=0x0000000000000000 reservations=3
GAXERA: CR3_GAXERA_OWNED
GAXERA: PHYSICAL_FRAME_ALLOCATOR_READY frames=113895 bitmap_words=1780
GAXERA: MEMORY_FOUNDATION_OK heap=0xfffffe8000001000 size=2097152 lower_guard=0xfffffe8000000000
GAXERA: KERNEL_ENTRY_OK
GAXERA: FRAMEBUFFER_OK (1280x800, pitch: 5120)
GAXERA: TEST_PATTERN_DRAWN
GAXERA: ACPI_MADT_READY local_apic_phys=0x00000000fee00000 override=false
GAXERA: ACPI_TEMPORARY_WINDOW_RELEASED
GAXERA: LOCAL_APIC_READY phys=0x00000000fee00000 vector=0xe0
GAXERA: IOAPIC_READY phys=0x00000000fec00000 gsi_base=0
GAXERA: PREEMPTION_TIMER_READY ticks_per_ms=62906
GAXERA: INIT_MODULE found at phys=0x0000000019236000 size=4334560
GAXERA: KERNEL_STACK top=0xfffffe1000011000
GAXERA: USER_STACK base=0x00007fffffff0000 top=0x0000800000000000 pages=16
GAXERA: ENTER_USER_MODE entry=0x0000000000204c60 rsp=0x00007ffffffffff0 manifest=0x00007ffffffdf000
GAXERA: PROCESS_SUPERVISOR_TERMINATE_SUCCESS
Guest-confirmed QEMU test passed.

--- Process Reap Test ---
=== Building Gaxera Kernel ISO ===
     Removed 319 files, 130.3MiB total
Compiling kernel binary...
   Compiling kernel v0.1.0 (/home/nyx/gaxera/kernel)
    Finished `dev` profile [unoptimized + debuginfo] target(s) in 2.55s
Compiling guest binary (userspace-tests)...
   Compiling userspace-tests v0.1.0 (/home/nyx/gaxera/crates/userspace-tests)
    Finished `dev` profile [unoptimized + debuginfo] target(s) in 0.42s
Assembling ISO directory structure...
Compiling ramfs binary...
    Finished `dev` profile [unoptimized + debuginfo] target(s) in 0.03s
Compiling script_session binary...
    Finished `dev` profile [unoptimized + debuginfo] target(s) in 0.03s
Packaging GaxFS ramfs.img...
Packaging bootable ISO image via xorriso...
xorriso 1.5.6 : RockRidge filesystem manipulator, libburnia project.

Drive current: -outdev 'stdio:target/gaxera.iso'
Media current: stdio file, overwriteable
Media status : is blank
Media summary: 0 sessions, 0 data blocks, 0 data,  943g free
Added to ISO image: directory '/'='/home/nyx/gaxera/target/iso_root'
xorriso : UPDATE :      16 files added in 1 seconds
xorriso : UPDATE :      16 files added in 1 seconds
ISO image produced: 14526 sectors
Written to medium : 14526 sectors at LBA 0
Writing to 'stdio:target/gaxera.iso' completed successfully.

Installing bootloader record sector...
Physical block size of 512 bytes.
Installing to GPT. Logical block size of 512 bytes.
Secondary header at LBA 0xe2f7.
Secondary header valid.
Detected ISOHYBRID with a GUID partition table (GPT).
Converting to MBR for improved compatibility...
Conversion successful.
No active partition found, some systems may not boot.
Setting partition 1 as active to work around the issue...
Installing to MBR.
Stage 2 to be located at byte offset 0x200.
Reminder: Remember to copy the limine-bios.sys file in either
          the root, /boot, /limine, or /boot/limine directories of
          one of the partitions on the device, or boot will fail!
Limine BIOS stages installed successfully.
Gaxera packaging successfully compiled to target/gaxera.iso!
=== Launching QEMU Virtual Machine ===
OVMF UEFI firmware detected. Booting in UEFI mode.
Headless mode selected.
[2J[001;001H[=3h[2J[001;001H[2J[001;001H[8;056;240t[2J[001;001H[2J[001;001H[=3h[2J[001;001H[2J[001;001H[8;042;160t[2J[001;001HBdsDxe: loading Boot0002 "UEFI QEMU DVD-ROM QM00003 " from PciRoot(0x0)/Pci(0x1,0x1)/Ata(Secondary,Master,0x0)
BdsDxe: starting Boot0002 "UEFI QEMU DVD-ROM QM00003 " from PciRoot(0x0)/Pci(0x1,0x1)/Ata(Secondary,Master,0x0)
[001;001H[001;001H[001;001Hl[001;002Hi[001;003Hm[001;004Hi[001;005Hn[001;006He[001;007H:[001;008H [001;009HL[001;010Ho[001;011Ha[001;012Hd[001;013Hi[001;014Hn[001;015Hg[001;016H [001;017He[001;018Hx[001;019He[001;020Hc[001;021Hu[001;022Ht[001;023Ha[001;024Hb[001;025Hl[001;026He[001;027H [001;028H`[001;029Hb[001;030Ho[001;031Ho[001;032Ht[001;033H([001;034H)[001;035H:[001;036H/[001;037Hb[001;038Ho[001;039Ho[001;040Ht[001;041H/[001;042Hg[001;043Ha[001;044Hx[001;045He[001;046Hr[001;047Ha[001;048H.[001;049He[001;050Hl[001;051Hf[001;052H`[001;053H.[001;054H.[001;055H.[001;056H[001;001H[002;001Hl[002;002Hi[002;003Hm[002;004Hi[002;005Hn[002;006He[002;007H:[002;008H [002;009HL[002;010Ho[002;011Ha[002;012Hd[002;013Hi[002;014Hn[002;015Hg[002;016H [002;017Hm[002;018Ho[002;019Hd[002;020Hu[002;021Hl[002;022He[002;023H [002;024H`[002;025Hb[002;026Ho[002;027Ho[002;028Ht[002;029H([002;030H)[002;031H:[002;032H/[002;033Hb[002;034Ho[002;035Ho[002;036Ht[002;037H/[002;038Hi[002;039Hn[002;040Hi[002;041Ht[002;042H.[002;043He[002;044Hl[002;045Hf[002;046H`[002;047H.[002;048H.[002;049H.[002;050H[002;001H[003;001Hl[003;002Hi[003;003Hm[003;004Hi[003;005Hn[003;006He[003;007H:[003;008H [003;009HL[003;010Ho[003;011Ha[003;012Hd[003;013Hi[003;014Hn[003;015Hg[003;016H [003;017Hm[003;018Ho[003;019Hd[003;020Hu[003;021Hl[003;022He[003;023H [003;024H`[003;025Hb[003;026Ho[003;027Ho[003;028Ht[003;029H([003;030H)[003;031H:[003;032H/[003;033Hb[003;034Ho[003;035Ho[003;036Ht[003;037H/[003;038Hr[003;039Ha[003;040Hm[003;041Hf[003;042Hs[003;043H.[003;044He[003;045Hl[003;046Hf[003;047H`[003;048H.[003;049H.[003;050H.[003;051H[003;001H[004;001Hl[004;002Hi[004;003Hm[004;004Hi[004;005Hn[004;006He[004;007H:[004;008H [004;009HL[004;010Ho[004;011Ha[004;012Hd[004;013Hi[004;014Hn[004;015Hg[004;016H [004;017Hm[004;018Ho[004;019Hd[004;020Hu[004;021Hl[004;022He[004;023H [004;024H`[004;025Hb[004;026Ho[004;027Ho[004;028Ht[004;029H([004;030H)[004;031H:[004;032H/[004;033Hb[004;034Ho[004;035Ho[004;036Ht[004;037H/[004;038Hs[004;039Hc[004;040Hr[004;041Hi[004;042Hp[004;043Ht[004;044H_[004;045Hs[004;046He[004;047Hs[004;048Hs[004;049Hi[004;050Ho[004;051Hn[004;052H.[004;053He[004;054Hl[004;055Hf[004;056H`[004;057H.[004;058H.[004;059H.[004;060H[004;001H[005;001Hl[005;002Hi[005;003Hm[005;004Hi[005;005Hn[005;006He[005;007H:[005;008H [005;009HL[005;010Ho[005;011Ha[005;012Hd[005;013Hi[005;014Hn[005;015Hg[005;016H [005;017Hm[005;018Ho[005;019Hd[005;020Hu[005;021Hl[005;022He[005;023H [005;024H`[005;025Hb[005;026Ho[005;027Ho[005;028Ht[005;029H([005;030H)[005;031H:[005;032H/[005;033Hb[005;034Ho[005;035Ho[005;036Ht[005;037H/[005;038Hr[005;039Ha[005;040Hm[005;041Hf[005;042Hs[005;043H.[005;044Hi[005;045Hm[005;046Hg[005;047H`[005;048H.[005;049H.[005;050H.[005;051H[005;001H[006;001HGAXERA: BOOT_STACK_READY
GAXERA: DESCRIPTORS_AND_IDT_READY
GAXERA: BOOT_CONTEXT_READY kernel_phys=0x0000000019659000 kernel_virt=0xffffffff80000000 rsdp_phys=0x000000001fb7e014
GAXERA: MEMMAP_BEGIN count=34
GAXERA: MEMMAP_REGION index=0 start=0x0000000000000000 end=0x0000000000087000 len=0x0000000000087000 source_type=0 class=usable allocator=eligible reservation=none
GAXERA: MEMMAP_REGION index=1 start=0x0000000000087000 end=0x0000000000088000 len=0x0000000000001000 source_type=5 class=bootloader-reclaimable allocator=ineligible reservation=none
GAXERA: MEMMAP_REGION index=2 start=0x0000000000088000 end=0x00000000000a0000 len=0x0000000000018000 source_type=0 class=usable allocator=eligible reservation=none
GAXERA: MEMMAP_REGION index=3 start=0x0000000000100000 end=0x0000000000800000 len=0x0000000000700000 source_type=0 class=usable allocator=eligible reservation=none
GAXERA: MEMMAP_REGION index=4 start=0x0000000000800000 end=0x0000000000808000 len=0x0000000000008000 source_type=3 class=acpi-nvs allocator=ineligible reservation=none
GAXERA: MEMMAP_REGION index=5 start=0x0000000000808000 end=0x000000000080b000 len=0x0000000000003000 source_type=0 class=usable allocator=eligible reservation=none
GAXERA: MEMMAP_REGION index=6 start=0x000000000080b000 end=0x000000000080c000 len=0x0000000000001000 source_type=3 class=acpi-nvs allocator=ineligible reservation=none
GAXERA: MEMMAP_REGION index=7 start=0x000000000080c000 end=0x0000000000814000 len=0x0000000000008000 source_type=0 class=usable allocator=eligible reservation=none
GAXERA: MEMMAP_REGION index=8 start=0x0000000000814000 end=0x0000000000900000 len=0x00000000000ec000 source_type=3 class=acpi-nvs allocator=ineligible reservation=none
GAXERA: MEMMAP_REGION index=9 start=0x0000000000900000 end=0x0000000001780000 len=0x0000000000e80000 source_type=5 class=bootloader-reclaimable allocator=ineligible reservation=none
GAXERA: MEMMAP_REGION index=10 start=0x0000000001780000 end=0x0000000018ccd000 len=0x000000001754d000 source_type=0 class=usable allocator=eligible reservation=none
GAXERA: MEMMAP_REGION index=11 start=0x0000000018ccd000 end=0x0000000018cda000 len=0x000000000000d000 source_type=5 class=bootloader-reclaimable allocator=ineligible reservation=none
GAXERA: MEMMAP_REGION index=12 start=0x0000000018cda000 end=0x0000000018f89000 len=0x00000000002af000 source_type=6 class=executable-and-modules allocator=ineligible reservation=none
GAXERA: MEMMAP_REGION index=13 start=0x0000000018f89000 end=0x0000000019237000 len=0x00000000002ae000 source_type=6 class=executable-and-modules allocator=ineligible reservation=none
GAXERA: MEMMAP_REGION index=14 start=0x0000000019237000 end=0x0000000019659000 len=0x0000000000422000 source_type=6 class=executable-and-modules allocator=ineligible reservation=none
GAXERA: MEMMAP_REGION index=15 start=0x0000000019659000 end=0x00000000197e1000 len=0x0000000000188000 source_type=6 class=executable-and-modules allocator=ineligible reservation=none
GAXERA: MEMMAP_REGION index=16 start=0x00000000197e1000 end=0x000000001a66c000 len=0x0000000000e8b000 source_type=5 class=bootloader-reclaimable allocator=ineligible reservation=none
GAXERA: MEMMAP_REGION index=17 start=0x000000001a66c000 end=0x000000001bf6c000 len=0x0000000001900000 source_type=0 class=usable allocator=eligible reservation=none
GAXERA: MEMMAP_REGION index=18 start=0x000000001bf6c000 end=0x000000001bfaa000 len=0x000000000003e000 source_type=5 class=bootloader-reclaimable allocator=ineligible reservation=none
GAXERA: MEMMAP_REGION index=19 start=0x000000001bfaa000 end=0x000000001bfab000 len=0x0000000000001000 source_type=6 class=executable-and-modules allocator=ineligible reservation=none
GAXERA: MEMMAP_REGION index=20 start=0x000000001bfab000 end=0x000000001bfaf000 len=0x0000000000004000 source_type=5 class=bootloader-reclaimable allocator=ineligible reservation=none
GAXERA: MEMMAP_REGION index=21 start=0x000000001bfaf000 end=0x000000001e6a0000 len=0x00000000026f1000 source_type=0 class=usable allocator=eligible reservation=none
GAXERA: MEMMAP_REGION index=22 start=0x000000001e6a0000 end=0x000000001ed3f000 len=0x000000000069f000 source_type=5 class=bootloader-reclaimable allocator=ineligible reservation=none
GAXERA: MEMMAP_REGION index=23 start=0x000000001ed3f000 end=0x000000001ee00000 len=0x00000000000c1000 source_type=8 class=mapped-reserved allocator=ineligible reservation=none
GAXERA: MEMMAP_REGION index=24 start=0x000000001ee00000 end=0x000000001f8ed000 len=0x0000000000aed000 source_type=5 class=bootloader-reclaimable allocator=ineligible reservation=none
GAXERA: MEMMAP_REGION index=25 start=0x000000001f8ed000 end=0x000000001faed000 len=0x0000000000200000 source_type=8 class=mapped-reserved allocator=ineligible reservation=none
GAXERA: MEMMAP_REGION index=26 start=0x000000001faed000 end=0x000000001fb6d000 len=0x0000000000080000 source_type=1 class=reserved allocator=ineligible reservation=none
GAXERA: MEMMAP_REGION index=27 start=0x000000001fb6d000 end=0x000000001fb7f000 len=0x0000000000012000 source_type=2 class=acpi-reclaimable allocator=ineligible reservation=none
GAXERA: MEMMAP_REGION index=28 start=0x000000001fb7f000 end=0x000000001fbff000 len=0x0000000000080000 source_type=3 class=acpi-nvs allocator=ineligible reservation=none
GAXERA: MEMMAP_REGION index=29 start=0x000000001fbff000 end=0x000000001fef4000 len=0x00000000002f5000 source_type=5 class=bootloader-reclaimable allocator=ineligible reservation=none
GAXERA: MEMMAP_REGION index=30 start=0x000000001fef4000 end=0x000000001ff78000 len=0x0000000000084000 source_type=8 class=mapped-reserved allocator=ineligible reservation=none
GAXERA: MEMMAP_REGION index=31 start=0x000000001ff78000 end=0x0000000020000000 len=0x0000000000088000 source_type=3 class=acpi-nvs allocator=ineligible reservation=none
GAXERA: MEMMAP_REGION index=32 start=0x0000000080000000 end=0x00000000803e8000 len=0x00000000003e8000 source_type=7 class=framebuffer allocator=ineligible reservation=none
GAXERA: MEMMAP_REGION index=33 start=0x000000fd00000000 end=0x0000010000000000 len=0x0000000300000000 source_type=1 class=reserved allocator=ineligible reservation=none
GAXERA: MEMMAP_END
GAXERA: BOOTSTRAP_FRAME_ALLOCATOR_READY ranges=8
GAXERA: PAGING_HHDM_MAPPED
GAXERA: PAGING_TEXT_MAPPED
GAXERA: PAGING_FRAMEBUFFER_MAPPED
GAXERA: PAGE_TABLES_READY root=0x0000000000000000 reservations=3
GAXERA: CR3_GAXERA_OWNED
GAXERA: PHYSICAL_FRAME_ALLOCATOR_READY frames=113896 bitmap_words=1780
GAXERA: MEMORY_FOUNDATION_OK heap=0xfffffe8000001000 size=2097152 lower_guard=0xfffffe8000000000
GAXERA: KERNEL_ENTRY_OK
GAXERA: FRAMEBUFFER_OK (1280x800, pitch: 5120)
GAXERA: TEST_PATTERN_DRAWN
GAXERA: ACPI_MADT_READY local_apic_phys=0x00000000fee00000 override=false
GAXERA: ACPI_TEMPORARY_WINDOW_RELEASED
GAXERA: LOCAL_APIC_READY phys=0x00000000fee00000 vector=0xe0
GAXERA: IOAPIC_READY phys=0x00000000fec00000 gsi_base=0
GAXERA: PREEMPTION_TIMER_READY ticks_per_ms=62981
GAXERA: INIT_MODULE found at phys=0x0000000019237000 size=4332640
GAXERA: KERNEL_STACK top=0xfffffe1000011000
GAXERA: USER_STACK base=0x00007fffffff0000 top=0x0000800000000000 pages=16
GAXERA: ENTER_USER_MODE entry=0x00000000002057c0 rsp=0x00007ffffffffff0 manifest=0x00007ffffffdf000
GAXERA: PROCESS_REAP_SUCCESS
Guest-confirmed QEMU test passed.

--- Process Delegated Memory Test ---
=== Building Gaxera Kernel ISO ===
     Removed 319 files, 130.3MiB total
Compiling kernel binary...
   Compiling kernel v0.1.0 (/home/nyx/gaxera/kernel)
    Finished `dev` profile [unoptimized + debuginfo] target(s) in 2.50s
Compiling guest binary (userspace-tests)...
   Compiling userspace-tests v0.1.0 (/home/nyx/gaxera/crates/userspace-tests)
    Finished `dev` profile [unoptimized + debuginfo] target(s) in 0.44s
Assembling ISO directory structure...
Compiling ramfs binary...
    Finished `dev` profile [unoptimized + debuginfo] target(s) in 0.03s
Compiling script_session binary...
    Finished `dev` profile [unoptimized + debuginfo] target(s) in 0.03s
Packaging GaxFS ramfs.img...
Packaging bootable ISO image via xorriso...
xorriso 1.5.6 : RockRidge filesystem manipulator, libburnia project.

Drive current: -outdev 'stdio:target/gaxera.iso'
Media current: stdio file, overwriteable
Media status : is blank
Media summary: 0 sessions, 0 data blocks, 0 data,  943g free
Added to ISO image: directory '/'='/home/nyx/gaxera/target/iso_root'
xorriso : UPDATE :      16 files added in 1 seconds
xorriso : UPDATE :      16 files added in 1 seconds
ISO image produced: 14599 sectors
Written to medium : 14599 sectors at LBA 0
Writing to 'stdio:target/gaxera.iso' completed successfully.

Installing bootloader record sector...
Physical block size of 512 bytes.
Installing to GPT. Logical block size of 512 bytes.
Secondary header at LBA 0xe41b.
Secondary header valid.
Detected ISOHYBRID with a GUID partition table (GPT).
Converting to MBR for improved compatibility...
Conversion successful.
No active partition found, some systems may not boot.
Setting partition 1 as active to work around the issue...
Installing to MBR.
Stage 2 to be located at byte offset 0x200.
Reminder: Remember to copy the limine-bios.sys file in either
          the root, /boot, /limine, or /boot/limine directories of
          one of the partitions on the device, or boot will fail!
Limine BIOS stages installed successfully.
Gaxera packaging successfully compiled to target/gaxera.iso!
=== Launching QEMU Virtual Machine ===
OVMF UEFI firmware detected. Booting in UEFI mode.
Headless mode selected.
[2J[001;001H[=3h[2J[001;001H[2J[001;001H[8;056;240t[2J[001;001H[2J[001;001H[=3h[2J[001;001H[2J[001;001H[8;042;160t[2J[001;001HBdsDxe: loading Boot0002 "UEFI QEMU DVD-ROM QM00003 " from PciRoot(0x0)/Pci(0x1,0x1)/Ata(Secondary,Master,0x0)
BdsDxe: starting Boot0002 "UEFI QEMU DVD-ROM QM00003 " from PciRoot(0x0)/Pci(0x1,0x1)/Ata(Secondary,Master,0x0)
[001;001H[001;001H[001;001Hl[001;002Hi[001;003Hm[001;004Hi[001;005Hn[001;006He[001;007H:[001;008H [001;009HL[001;010Ho[001;011Ha[001;012Hd[001;013Hi[001;014Hn[001;015Hg[001;016H [001;017He[001;018Hx[001;019He[001;020Hc[001;021Hu[001;022Ht[001;023Ha[001;024Hb[001;025Hl[001;026He[001;027H [001;028H`[001;029Hb[001;030Ho[001;031Ho[001;032Ht[001;033H([001;034H)[001;035H:[001;036H/[001;037Hb[001;038Ho[001;039Ho[001;040Ht[001;041H/[001;042Hg[001;043Ha[001;044Hx[001;045He[001;046Hr[001;047Ha[001;048H.[001;049He[001;050Hl[001;051Hf[001;052H`[001;053H.[001;054H.[001;055H.[001;056H[001;001H[002;001Hl[002;002Hi[002;003Hm[002;004Hi[002;005Hn[002;006He[002;007H:[002;008H [002;009HL[002;010Ho[002;011Ha[002;012Hd[002;013Hi[002;014Hn[002;015Hg[002;016H [002;017Hm[002;018Ho[002;019Hd[002;020Hu[002;021Hl[002;022He[002;023H [002;024H`[002;025Hb[002;026Ho[002;027Ho[002;028Ht[002;029H([002;030H)[002;031H:[002;032H/[002;033Hb[002;034Ho[002;035Ho[002;036Ht[002;037H/[002;038Hi[002;039Hn[002;040Hi[002;041Ht[002;042H.[002;043He[002;044Hl[002;045Hf[002;046H`[002;047H.[002;048H.[002;049H.[002;050H[002;001H[003;001Hl[003;002Hi[003;003Hm[003;004Hi[003;005Hn[003;006He[003;007H:[003;008H [003;009HL[003;010Ho[003;011Ha[003;012Hd[003;013Hi[003;014Hn[003;015Hg[003;016H [003;017Hm[003;018Ho[003;019Hd[003;020Hu[003;021Hl[003;022He[003;023H [003;024H`[003;025Hb[003;026Ho[003;027Ho[003;028Ht[003;029H([003;030H)[003;031H:[003;032H/[003;033Hb[003;034Ho[003;035Ho[003;036Ht[003;037H/[003;038Hr[003;039Ha[003;040Hm[003;041Hf[003;042Hs[003;043H.[003;044He[003;045Hl[003;046Hf[003;047H`[003;048H.[003;049H.[003;050H.[003;051H[003;001H[004;001Hl[004;002Hi[004;003Hm[004;004Hi[004;005Hn[004;006He[004;007H:[004;008H [004;009HL[004;010Ho[004;011Ha[004;012Hd[004;013Hi[004;014Hn[004;015Hg[004;016H [004;017Hm[004;018Ho[004;019Hd[004;020Hu[004;021Hl[004;022He[004;023H [004;024H`[004;025Hb[004;026Ho[004;027Ho[004;028Ht[004;029H([004;030H)[004;031H:[004;032H/[004;033Hb[004;034Ho[004;035Ho[004;036Ht[004;037H/[004;038Hs[004;039Hc[004;040Hr[004;041Hi[004;042Hp[004;043Ht[004;044H_[004;045Hs[004;046He[004;047Hs[004;048Hs[004;049Hi[004;050Ho[004;051Hn[004;052H.[004;053He[004;054Hl[004;055Hf[004;056H`[004;057H.[004;058H.[004;059H.[004;060H[004;001H[005;001Hl[005;002Hi[005;003Hm[005;004Hi[005;005Hn[005;006He[005;007H:[005;008H [005;009HL[005;010Ho[005;011Ha[005;012Hd[005;013Hi[005;014Hn[005;015Hg[005;016H [005;017Hm[005;018Ho[005;019Hd[005;020Hu[005;021Hl[005;022He[005;023H [005;024H`[005;025Hb[005;026Ho[005;027Ho[005;028Ht[005;029H([005;030H)[005;031H:[005;032H/[005;033Hb[005;034Ho[005;035Ho[005;036Ht[005;037H/[005;038Hr[005;039Ha[005;040Hm[005;041Hf[005;042Hs[005;043H.[005;044Hi[005;045Hm[005;046Hg[005;047H`[005;048H.[005;049H.[005;050H.[005;051H[005;001H[006;001HGAXERA: BOOT_STACK_READY
GAXERA: DESCRIPTORS_AND_IDT_READY
GAXERA: BOOT_CONTEXT_READY kernel_phys=0x000000001965c000 kernel_virt=0xffffffff80000000 rsdp_phys=0x000000001fb7e014
GAXERA: MEMMAP_BEGIN count=34
GAXERA: MEMMAP_REGION index=0 start=0x0000000000000000 end=0x0000000000087000 len=0x0000000000087000 source_type=0 class=usable allocator=eligible reservation=none
GAXERA: MEMMAP_REGION index=1 start=0x0000000000087000 end=0x0000000000088000 len=0x0000000000001000 source_type=5 class=bootloader-reclaimable allocator=ineligible reservation=none
GAXERA: MEMMAP_REGION index=2 start=0x0000000000088000 end=0x00000000000a0000 len=0x0000000000018000 source_type=0 class=usable allocator=eligible reservation=none
GAXERA: MEMMAP_REGION index=3 start=0x0000000000100000 end=0x0000000000800000 len=0x0000000000700000 source_type=0 class=usable allocator=eligible reservation=none
GAXERA: MEMMAP_REGION index=4 start=0x0000000000800000 end=0x0000000000808000 len=0x0000000000008000 source_type=3 class=acpi-nvs allocator=ineligible reservation=none
GAXERA: MEMMAP_REGION index=5 start=0x0000000000808000 end=0x000000000080b000 len=0x0000000000003000 source_type=0 class=usable allocator=eligible reservation=none
GAXERA: MEMMAP_REGION index=6 start=0x000000000080b000 end=0x000000000080c000 len=0x0000000000001000 source_type=3 class=acpi-nvs allocator=ineligible reservation=none
GAXERA: MEMMAP_REGION index=7 start=0x000000000080c000 end=0x0000000000814000 len=0x0000000000008000 source_type=0 class=usable allocator=eligible reservation=none
GAXERA: MEMMAP_REGION index=8 start=0x0000000000814000 end=0x0000000000900000 len=0x00000000000ec000 source_type=3 class=acpi-nvs allocator=ineligible reservation=none
GAXERA: MEMMAP_REGION index=9 start=0x0000000000900000 end=0x0000000001780000 len=0x0000000000e80000 source_type=5 class=bootloader-reclaimable allocator=ineligible reservation=none
GAXERA: MEMMAP_REGION index=10 start=0x0000000001780000 end=0x0000000018ca8000 len=0x0000000017528000 source_type=0 class=usable allocator=eligible reservation=none
GAXERA: MEMMAP_REGION index=11 start=0x0000000018ca8000 end=0x0000000018cb5000 len=0x000000000000d000 source_type=5 class=bootloader-reclaimable allocator=ineligible reservation=none
GAXERA: MEMMAP_REGION index=12 start=0x0000000018cb5000 end=0x0000000018f64000 len=0x00000000002af000 source_type=6 class=executable-and-modules allocator=ineligible reservation=none
GAXERA: MEMMAP_REGION index=13 start=0x0000000018f64000 end=0x0000000019212000 len=0x00000000002ae000 source_type=6 class=executable-and-modules allocator=ineligible reservation=none
GAXERA: MEMMAP_REGION index=14 start=0x0000000019212000 end=0x000000001965c000 len=0x000000000044a000 source_type=6 class=executable-and-modules allocator=ineligible reservation=none
GAXERA: MEMMAP_REGION index=15 start=0x000000001965c000 end=0x00000000197e4000 len=0x0000000000188000 source_type=6 class=executable-and-modules allocator=ineligible reservation=none
GAXERA: MEMMAP_REGION index=16 start=0x00000000197e4000 end=0x000000001a66c000 len=0x0000000000e88000 source_type=5 class=bootloader-reclaimable allocator=ineligible reservation=none
GAXERA: MEMMAP_REGION index=17 start=0x000000001a66c000 end=0x000000001bf6c000 len=0x0000000001900000 source_type=0 class=usable allocator=eligible reservation=none
GAXERA: MEMMAP_REGION index=18 start=0x000000001bf6c000 end=0x000000001bfaa000 len=0x000000000003e000 source_type=5 class=bootloader-reclaimable allocator=ineligible reservation=none
GAXERA: MEMMAP_REGION index=19 start=0x000000001bfaa000 end=0x000000001bfab000 len=0x0000000000001000 source_type=6 class=executable-and-modules allocator=ineligible reservation=none
GAXERA: MEMMAP_REGION index=20 start=0x000000001bfab000 end=0x000000001bfaf000 len=0x0000000000004000 source_type=5 class=bootloader-reclaimable allocator=ineligible reservation=none
GAXERA: MEMMAP_REGION index=21 start=0x000000001bfaf000 end=0x000000001e6a0000 len=0x00000000026f1000 source_type=0 class=usable allocator=eligible reservation=none
GAXERA: MEMMAP_REGION index=22 start=0x000000001e6a0000 end=0x000000001ed3f000 len=0x000000000069f000 source_type=5 class=bootloader-reclaimable allocator=ineligible reservation=none
GAXERA: MEMMAP_REGION index=23 start=0x000000001ed3f000 end=0x000000001ee00000 len=0x00000000000c1000 source_type=8 class=mapped-reserved allocator=ineligible reservation=none
GAXERA: MEMMAP_REGION index=24 start=0x000000001ee00000 end=0x000000001f8ed000 len=0x0000000000aed000 source_type=5 class=bootloader-reclaimable allocator=ineligible reservation=none
GAXERA: MEMMAP_REGION index=25 start=0x000000001f8ed000 end=0x000000001faed000 len=0x0000000000200000 source_type=8 class=mapped-reserved allocator=ineligible reservation=none
GAXERA: MEMMAP_REGION index=26 start=0x000000001faed000 end=0x000000001fb6d000 len=0x0000000000080000 source_type=1 class=reserved allocator=ineligible reservation=none
GAXERA: MEMMAP_REGION index=27 start=0x000000001fb6d000 end=0x000000001fb7f000 len=0x0000000000012000 source_type=2 class=acpi-reclaimable allocator=ineligible reservation=none
GAXERA: MEMMAP_REGION index=28 start=0x000000001fb7f000 end=0x000000001fbff000 len=0x0000000000080000 source_type=3 class=acpi-nvs allocator=ineligible reservation=none
GAXERA: MEMMAP_REGION index=29 start=0x000000001fbff000 end=0x000000001fef4000 len=0x00000000002f5000 source_type=5 class=bootloader-reclaimable allocator=ineligible reservation=none
GAXERA: MEMMAP_REGION index=30 start=0x000000001fef4000 end=0x000000001ff78000 len=0x0000000000084000 source_type=8 class=mapped-reserved allocator=ineligible reservation=none
GAXERA: MEMMAP_REGION index=31 start=0x000000001ff78000 end=0x0000000020000000 len=0x0000000000088000 source_type=3 class=acpi-nvs allocator=ineligible reservation=none
GAXERA: MEMMAP_REGION index=32 start=0x0000000080000000 end=0x00000000803e8000 len=0x00000000003e8000 source_type=7 class=framebuffer allocator=ineligible reservation=none
GAXERA: MEMMAP_REGION index=33 start=0x000000fd00000000 end=0x0000010000000000 len=0x0000000300000000 source_type=1 class=reserved allocator=ineligible reservation=none
GAXERA: MEMMAP_END
GAXERA: BOOTSTRAP_FRAME_ALLOCATOR_READY ranges=8
GAXERA: PAGING_HHDM_MAPPED
GAXERA: PAGING_TEXT_MAPPED
GAXERA: PAGING_FRAMEBUFFER_MAPPED
GAXERA: PAGE_TABLES_READY root=0x0000000000000000 reservations=3
GAXERA: CR3_GAXERA_OWNED
GAXERA: PHYSICAL_FRAME_ALLOCATOR_READY frames=113859 bitmap_words=1780
GAXERA: MEMORY_FOUNDATION_OK heap=0xfffffe8000001000 size=2097152 lower_guard=0xfffffe8000000000
GAXERA: KERNEL_ENTRY_OK
GAXERA: FRAMEBUFFER_OK (1280x800, pitch: 5120)
GAXERA: TEST_PATTERN_DRAWN
GAXERA: ACPI_MADT_READY local_apic_phys=0x00000000fee00000 override=false
GAXERA: ACPI_TEMPORARY_WINDOW_RELEASED
GAXERA: LOCAL_APIC_READY phys=0x00000000fee00000 vector=0xe0
GAXERA: IOAPIC_READY phys=0x00000000fec00000 gsi_base=0
GAXERA: PREEMPTION_TIMER_READY ticks_per_ms=62990
GAXERA: INIT_MODULE found at phys=0x0000000019212000 size=4496584
GAXERA: KERNEL_STACK top=0xfffffe1000011000
GAXERA: USER_STACK base=0x00007fffffff0000 top=0x0000800000000000 pages=16
GAXERA: ENTER_USER_MODE entry=0x000000000020c270 rsp=0x00007ffffffffff0 manifest=0x00007ffffffdf000
GAXERA: DELEGATED_STEP_READY
GAXERA: DELEGATED_FIRST_STARTED
GAXERA: DELEGATED_FIRST_EXITED
GAXERA: DELEGATED_SECOND_STARTED
GAXERA: DELEGATED_SECOND_EXITED
GAXERA: DELEGATED_MEMORY_OK
Guest-confirmed QEMU test passed.

--- Process Restart Test ---
=== Building Gaxera Kernel ISO ===
     Removed 319 files, 130.2MiB total
Compiling kernel binary...
   Compiling kernel v0.1.0 (/home/nyx/gaxera/kernel)
    Finished `dev` profile [unoptimized + debuginfo] target(s) in 2.53s
Compiling guest binary (userspace-tests)...
   Compiling userspace-tests v0.1.0 (/home/nyx/gaxera/crates/userspace-tests)
    Finished `dev` profile [unoptimized + debuginfo] target(s) in 0.49s
Assembling ISO directory structure...
Compiling ramfs binary...
    Finished `dev` profile [unoptimized + debuginfo] target(s) in 0.03s
Compiling script_session binary...
    Finished `dev` profile [unoptimized + debuginfo] target(s) in 0.04s
Packaging GaxFS ramfs.img...
Packaging bootable ISO image via xorriso...
xorriso 1.5.6 : RockRidge filesystem manipulator, libburnia project.

Drive current: -outdev 'stdio:target/gaxera.iso'
Media current: stdio file, overwriteable
Media status : is blank
Media summary: 0 sessions, 0 data blocks, 0 data,  943g free
Added to ISO image: directory '/'='/home/nyx/gaxera/target/iso_root'
xorriso : UPDATE :      16 files added in 1 seconds
xorriso : UPDATE :      16 files added in 1 seconds
ISO image produced: 14526 sectors
Written to medium : 14526 sectors at LBA 0
Writing to 'stdio:target/gaxera.iso' completed successfully.

Installing bootloader record sector...
Physical block size of 512 bytes.
Installing to GPT. Logical block size of 512 bytes.
Secondary header at LBA 0xe2f7.
Secondary header valid.
Detected ISOHYBRID with a GUID partition table (GPT).
Converting to MBR for improved compatibility...
Conversion successful.
No active partition found, some systems may not boot.
Setting partition 1 as active to work around the issue...
Installing to MBR.
Stage 2 to be located at byte offset 0x200.
Reminder: Remember to copy the limine-bios.sys file in either
          the root, /boot, /limine, or /boot/limine directories of
          one of the partitions on the device, or boot will fail!
Limine BIOS stages installed successfully.
Gaxera packaging successfully compiled to target/gaxera.iso!
=== Launching QEMU Virtual Machine ===
OVMF UEFI firmware detected. Booting in UEFI mode.
Headless mode selected.
[2J[001;001H[=3h[2J[001;001H[2J[001;001H[8;056;240t[2J[001;001H[2J[001;001H[=3h[2J[001;001H[2J[001;001H[8;042;160t[2J[001;001HBdsDxe: loading Boot0002 "UEFI QEMU DVD-ROM QM00003 " from PciRoot(0x0)/Pci(0x1,0x1)/Ata(Secondary,Master,0x0)
BdsDxe: starting Boot0002 "UEFI QEMU DVD-ROM QM00003 " from PciRoot(0x0)/Pci(0x1,0x1)/Ata(Secondary,Master,0x0)
[001;001H[001;001H[001;001Hl[001;002Hi[001;003Hm[001;004Hi[001;005Hn[001;006He[001;007H:[001;008H [001;009HL[001;010Ho[001;011Ha[001;012Hd[001;013Hi[001;014Hn[001;015Hg[001;016H [001;017He[001;018Hx[001;019He[001;020Hc[001;021Hu[001;022Ht[001;023Ha[001;024Hb[001;025Hl[001;026He[001;027H [001;028H`[001;029Hb[001;030Ho[001;031Ho[001;032Ht[001;033H([001;034H)[001;035H:[001;036H/[001;037Hb[001;038Ho[001;039Ho[001;040Ht[001;041H/[001;042Hg[001;043Ha[001;044Hx[001;045He[001;046Hr[001;047Ha[001;048H.[001;049He[001;050Hl[001;051Hf[001;052H`[001;053H.[001;054H.[001;055H.[001;056H[001;001H[002;001Hl[002;002Hi[002;003Hm[002;004Hi[002;005Hn[002;006He[002;007H:[002;008H [002;009HL[002;010Ho[002;011Ha[002;012Hd[002;013Hi[002;014Hn[002;015Hg[002;016H [002;017Hm[002;018Ho[002;019Hd[002;020Hu[002;021Hl[002;022He[002;023H [002;024H`[002;025Hb[002;026Ho[002;027Ho[002;028Ht[002;029H([002;030H)[002;031H:[002;032H/[002;033Hb[002;034Ho[002;035Ho[002;036Ht[002;037H/[002;038Hi[002;039Hn[002;040Hi[002;041Ht[002;042H.[002;043He[002;044Hl[002;045Hf[002;046H`[002;047H.[002;048H.[002;049H.[002;050H[002;001H[003;001Hl[003;002Hi[003;003Hm[003;004Hi[003;005Hn[003;006He[003;007H:[003;008H [003;009HL[003;010Ho[003;011Ha[003;012Hd[003;013Hi[003;014Hn[003;015Hg[003;016H [003;017Hm[003;018Ho[003;019Hd[003;020Hu[003;021Hl[003;022He[003;023H [003;024H`[003;025Hb[003;026Ho[003;027Ho[003;028Ht[003;029H([003;030H)[003;031H:[003;032H/[003;033Hb[003;034Ho[003;035Ho[003;036Ht[003;037H/[003;038Hr[003;039Ha[003;040Hm[003;041Hf[003;042Hs[003;043H.[003;044He[003;045Hl[003;046Hf[003;047H`[003;048H.[003;049H.[003;050H.[003;051H[003;001H[004;001Hl[004;002Hi[004;003Hm[004;004Hi[004;005Hn[004;006He[004;007H:[004;008H [004;009HL[004;010Ho[004;011Ha[004;012Hd[004;013Hi[004;014Hn[004;015Hg[004;016H [004;017Hm[004;018Ho[004;019Hd[004;020Hu[004;021Hl[004;022He[004;023H [004;024H`[004;025Hb[004;026Ho[004;027Ho[004;028Ht[004;029H([004;030H)[004;031H:[004;032H/[004;033Hb[004;034Ho[004;035Ho[004;036Ht[004;037H/[004;038Hs[004;039Hc[004;040Hr[004;041Hi[004;042Hp[004;043Ht[004;044H_[004;045Hs[004;046He[004;047Hs[004;048Hs[004;049Hi[004;050Ho[004;051Hn[004;052H.[004;053He[004;054Hl[004;055Hf[004;056H`[004;057H.[004;058H.[004;059H.[004;060H[004;001H[005;001Hl[005;002Hi[005;003Hm[005;004Hi[005;005Hn[005;006He[005;007H:[005;008H [005;009HL[005;010Ho[005;011Ha[005;012Hd[005;013Hi[005;014Hn[005;015Hg[005;016H [005;017Hm[005;018Ho[005;019Hd[005;020Hu[005;021Hl[005;022He[005;023H [005;024H`[005;025Hb[005;026Ho[005;027Ho[005;028Ht[005;029H([005;030H)[005;031H:[005;032H/[005;033Hb[005;034Ho[005;035Ho[005;036Ht[005;037H/[005;038Hr[005;039Ha[005;040Hm[005;041Hf[005;042Hs[005;043H.[005;044Hi[005;045Hm[005;046Hg[005;047H`[005;048H.[005;049H.[005;050H.[005;051H[005;001H[006;001HGAXERA: BOOT_STACK_READY
GAXERA: DESCRIPTORS_AND_IDT_READY
GAXERA: BOOT_CONTEXT_READY kernel_phys=0x0000000019659000 kernel_virt=0xffffffff80000000 rsdp_phys=0x000000001fb7e014
GAXERA: MEMMAP_BEGIN count=34
GAXERA: MEMMAP_REGION index=0 start=0x0000000000000000 end=0x0000000000087000 len=0x0000000000087000 source_type=0 class=usable allocator=eligible reservation=none
GAXERA: MEMMAP_REGION index=1 start=0x0000000000087000 end=0x0000000000088000 len=0x0000000000001000 source_type=5 class=bootloader-reclaimable allocator=ineligible reservation=none
GAXERA: MEMMAP_REGION index=2 start=0x0000000000088000 end=0x00000000000a0000 len=0x0000000000018000 source_type=0 class=usable allocator=eligible reservation=none
GAXERA: MEMMAP_REGION index=3 start=0x0000000000100000 end=0x0000000000800000 len=0x0000000000700000 source_type=0 class=usable allocator=eligible reservation=none
GAXERA: MEMMAP_REGION index=4 start=0x0000000000800000 end=0x0000000000808000 len=0x0000000000008000 source_type=3 class=acpi-nvs allocator=ineligible reservation=none
GAXERA: MEMMAP_REGION index=5 start=0x0000000000808000 end=0x000000000080b000 len=0x0000000000003000 source_type=0 class=usable allocator=eligible reservation=none
GAXERA: MEMMAP_REGION index=6 start=0x000000000080b000 end=0x000000000080c000 len=0x0000000000001000 source_type=3 class=acpi-nvs allocator=ineligible reservation=none
GAXERA: MEMMAP_REGION index=7 start=0x000000000080c000 end=0x0000000000814000 len=0x0000000000008000 source_type=0 class=usable allocator=eligible reservation=none
GAXERA: MEMMAP_REGION index=8 start=0x0000000000814000 end=0x0000000000900000 len=0x00000000000ec000 source_type=3 class=acpi-nvs allocator=ineligible reservation=none
GAXERA: MEMMAP_REGION index=9 start=0x0000000000900000 end=0x0000000001780000 len=0x0000000000e80000 source_type=5 class=bootloader-reclaimable allocator=ineligible reservation=none
GAXERA: MEMMAP_REGION index=10 start=0x0000000001780000 end=0x0000000018ccd000 len=0x000000001754d000 source_type=0 class=usable allocator=eligible reservation=none
GAXERA: MEMMAP_REGION index=11 start=0x0000000018ccd000 end=0x0000000018cda000 len=0x000000000000d000 source_type=5 class=bootloader-reclaimable allocator=ineligible reservation=none
GAXERA: MEMMAP_REGION index=12 start=0x0000000018cda000 end=0x0000000018f89000 len=0x00000000002af000 source_type=6 class=executable-and-modules allocator=ineligible reservation=none
GAXERA: MEMMAP_REGION index=13 start=0x0000000018f89000 end=0x0000000019237000 len=0x00000000002ae000 source_type=6 class=executable-and-modules allocator=ineligible reservation=none
GAXERA: MEMMAP_REGION index=14 start=0x0000000019237000 end=0x0000000019659000 len=0x0000000000422000 source_type=6 class=executable-and-modules allocator=ineligible reservation=none
GAXERA: MEMMAP_REGION index=15 start=0x0000000019659000 end=0x00000000197e1000 len=0x0000000000188000 source_type=6 class=executable-and-modules allocator=ineligible reservation=none
GAXERA: MEMMAP_REGION index=16 start=0x00000000197e1000 end=0x000000001a66c000 len=0x0000000000e8b000 source_type=5 class=bootloader-reclaimable allocator=ineligible reservation=none
GAXERA: MEMMAP_REGION index=17 start=0x000000001a66c000 end=0x000000001bf6c000 len=0x0000000001900000 source_type=0 class=usable allocator=eligible reservation=none
GAXERA: MEMMAP_REGION index=18 start=0x000000001bf6c000 end=0x000000001bfaa000 len=0x000000000003e000 source_type=5 class=bootloader-reclaimable allocator=ineligible reservation=none
GAXERA: MEMMAP_REGION index=19 start=0x000000001bfaa000 end=0x000000001bfab000 len=0x0000000000001000 source_type=6 class=executable-and-modules allocator=ineligible reservation=none
GAXERA: MEMMAP_REGION index=20 start=0x000000001bfab000 end=0x000000001bfaf000 len=0x0000000000004000 source_type=5 class=bootloader-reclaimable allocator=ineligible reservation=none
GAXERA: MEMMAP_REGION index=21 start=0x000000001bfaf000 end=0x000000001e6a0000 len=0x00000000026f1000 source_type=0 class=usable allocator=eligible reservation=none
GAXERA: MEMMAP_REGION index=22 start=0x000000001e6a0000 end=0x000000001ed3f000 len=0x000000000069f000 source_type=5 class=bootloader-reclaimable allocator=ineligible reservation=none
GAXERA: MEMMAP_REGION index=23 start=0x000000001ed3f000 end=0x000000001ee00000 len=0x00000000000c1000 source_type=8 class=mapped-reserved allocator=ineligible reservation=none
GAXERA: MEMMAP_REGION index=24 start=0x000000001ee00000 end=0x000000001f8ed000 len=0x0000000000aed000 source_type=5 class=bootloader-reclaimable allocator=ineligible reservation=none
GAXERA: MEMMAP_REGION index=25 start=0x000000001f8ed000 end=0x000000001faed000 len=0x0000000000200000 source_type=8 class=mapped-reserved allocator=ineligible reservation=none
GAXERA: MEMMAP_REGION index=26 start=0x000000001faed000 end=0x000000001fb6d000 len=0x0000000000080000 source_type=1 class=reserved allocator=ineligible reservation=none
GAXERA: MEMMAP_REGION index=27 start=0x000000001fb6d000 end=0x000000001fb7f000 len=0x0000000000012000 source_type=2 class=acpi-reclaimable allocator=ineligible reservation=none
GAXERA: MEMMAP_REGION index=28 start=0x000000001fb7f000 end=0x000000001fbff000 len=0x0000000000080000 source_type=3 class=acpi-nvs allocator=ineligible reservation=none
GAXERA: MEMMAP_REGION index=29 start=0x000000001fbff000 end=0x000000001fef4000 len=0x00000000002f5000 source_type=5 class=bootloader-reclaimable allocator=ineligible reservation=none
GAXERA: MEMMAP_REGION index=30 start=0x000000001fef4000 end=0x000000001ff78000 len=0x0000000000084000 source_type=8 class=mapped-reserved allocator=ineligible reservation=none
GAXERA: MEMMAP_REGION index=31 start=0x000000001ff78000 end=0x0000000020000000 len=0x0000000000088000 source_type=3 class=acpi-nvs allocator=ineligible reservation=none
GAXERA: MEMMAP_REGION index=32 start=0x0000000080000000 end=0x00000000803e8000 len=0x00000000003e8000 source_type=7 class=framebuffer allocator=ineligible reservation=none
GAXERA: MEMMAP_REGION index=33 start=0x000000fd00000000 end=0x0000010000000000 len=0x0000000300000000 source_type=1 class=reserved allocator=ineligible reservation=none
GAXERA: MEMMAP_END
GAXERA: BOOTSTRAP_FRAME_ALLOCATOR_READY ranges=8
GAXERA: PAGING_HHDM_MAPPED
GAXERA: PAGING_TEXT_MAPPED
GAXERA: PAGING_FRAMEBUFFER_MAPPED
GAXERA: PAGE_TABLES_READY root=0x0000000000000000 reservations=3
GAXERA: CR3_GAXERA_OWNED
GAXERA: PHYSICAL_FRAME_ALLOCATOR_READY frames=113896 bitmap_words=1780
GAXERA: MEMORY_FOUNDATION_OK heap=0xfffffe8000001000 size=2097152 lower_guard=0xfffffe8000000000
GAXERA: KERNEL_ENTRY_OK
GAXERA: FRAMEBUFFER_OK (1280x800, pitch: 5120)
GAXERA: TEST_PATTERN_DRAWN
GAXERA: ACPI_MADT_READY local_apic_phys=0x00000000fee00000 override=false
GAXERA: ACPI_TEMPORARY_WINDOW_RELEASED
GAXERA: LOCAL_APIC_READY phys=0x00000000fee00000 vector=0xe0
GAXERA: IOAPIC_READY phys=0x00000000fec00000 gsi_base=0
GAXERA: PREEMPTION_TIMER_READY ticks_per_ms=62967
GAXERA: INIT_MODULE found at phys=0x0000000019237000 size=4333056
GAXERA: KERNEL_STACK top=0xfffffe1000011000
GAXERA: USER_STACK base=0x00007fffffff0000 top=0x0000800000000000 pages=16
GAXERA: ENTER_USER_MODE entry=0x0000000000205a50 rsp=0x00007ffffffffff0 manifest=0x00007ffffffdf000
GAXERA: PROCESS_CREATE_REAP_REPEAT_SUCCESS
Guest-confirmed QEMU test passed.

--- Init Userspace Heap Test ---
=== Building Gaxera Kernel ISO ===
     Removed 319 files, 130.3MiB total
Compiling kernel binary...
   Compiling kernel v0.1.0 (/home/nyx/gaxera/kernel)
    Finished `dev` profile [unoptimized + debuginfo] target(s) in 2.54s
Compiling guest binary (userspace-tests)...
   Compiling userspace-tests v0.1.0 (/home/nyx/gaxera/crates/userspace-tests)
    Finished `dev` profile [unoptimized + debuginfo] target(s) in 0.43s
Assembling ISO directory structure...
Compiling ramfs binary...
    Finished `dev` profile [unoptimized + debuginfo] target(s) in 0.04s
Compiling script_session binary...
    Finished `dev` profile [unoptimized + debuginfo] target(s) in 0.03s
Packaging GaxFS ramfs.img...
Packaging bootable ISO image via xorriso...
xorriso 1.5.6 : RockRidge filesystem manipulator, libburnia project.

Drive current: -outdev 'stdio:target/gaxera.iso'
Media current: stdio file, overwriteable
Media status : is blank
Media summary: 0 sessions, 0 data blocks, 0 data,  943g free
Added to ISO image: directory '/'='/home/nyx/gaxera/target/iso_root'
xorriso : UPDATE :      16 files added in 1 seconds
xorriso : UPDATE :      16 files added in 1 seconds
ISO image produced: 14561 sectors
Written to medium : 14561 sectors at LBA 0
Writing to 'stdio:target/gaxera.iso' completed successfully.

Installing bootloader record sector...
Physical block size of 512 bytes.
Installing to GPT. Logical block size of 512 bytes.
Secondary header at LBA 0xe383.
Secondary header valid.
Detected ISOHYBRID with a GUID partition table (GPT).
Converting to MBR for improved compatibility...
Conversion successful.
No active partition found, some systems may not boot.
Setting partition 1 as active to work around the issue...
Installing to MBR.
Stage 2 to be located at byte offset 0x200.
Reminder: Remember to copy the limine-bios.sys file in either
          the root, /boot, /limine, or /boot/limine directories of
          one of the partitions on the device, or boot will fail!
Limine BIOS stages installed successfully.
Gaxera packaging successfully compiled to target/gaxera.iso!
=== Launching QEMU Virtual Machine ===
OVMF UEFI firmware detected. Booting in UEFI mode.
Headless mode selected.
[2J[001;001H[=3h[2J[001;001H[2J[001;001H[8;056;240t[2J[001;001H[2J[001;001H[=3h[2J[001;001H[2J[001;001H[8;042;160t[2J[001;001HBdsDxe: loading Boot0002 "UEFI QEMU DVD-ROM QM00003 " from PciRoot(0x0)/Pci(0x1,0x1)/Ata(Secondary,Master,0x0)
BdsDxe: starting Boot0002 "UEFI QEMU DVD-ROM QM00003 " from PciRoot(0x0)/Pci(0x1,0x1)/Ata(Secondary,Master,0x0)
[001;001H[001;001H[001;001Hl[001;002Hi[001;003Hm[001;004Hi[001;005Hn[001;006He[001;007H:[001;008H [001;009HL[001;010Ho[001;011Ha[001;012Hd[001;013Hi[001;014Hn[001;015Hg[001;016H [001;017He[001;018Hx[001;019He[001;020Hc[001;021Hu[001;022Ht[001;023Ha[001;024Hb[001;025Hl[001;026He[001;027H [001;028H`[001;029Hb[001;030Ho[001;031Ho[001;032Ht[001;033H([001;034H)[001;035H:[001;036H/[001;037Hb[001;038Ho[001;039Ho[001;040Ht[001;041H/[001;042Hg[001;043Ha[001;044Hx[001;045He[001;046Hr[001;047Ha[001;048H.[001;049He[001;050Hl[001;051Hf[001;052H`[001;053H.[001;054H.[001;055H.[001;056H[001;001H[002;001Hl[002;002Hi[002;003Hm[002;004Hi[002;005Hn[002;006He[002;007H:[002;008H [002;009HL[002;010Ho[002;011Ha[002;012Hd[002;013Hi[002;014Hn[002;015Hg[002;016H [002;017Hm[002;018Ho[002;019Hd[002;020Hu[002;021Hl[002;022He[002;023H [002;024H`[002;025Hb[002;026Ho[002;027Ho[002;028Ht[002;029H([002;030H)[002;031H:[002;032H/[002;033Hb[002;034Ho[002;035Ho[002;036Ht[002;037H/[002;038Hi[002;039Hn[002;040Hi[002;041Ht[002;042H.[002;043He[002;044Hl[002;045Hf[002;046H`[002;047H.[002;048H.[002;049H.[002;050H[002;001H[003;001Hl[003;002Hi[003;003Hm[003;004Hi[003;005Hn[003;006He[003;007H:[003;008H [003;009HL[003;010Ho[003;011Ha[003;012Hd[003;013Hi[003;014Hn[003;015Hg[003;016H [003;017Hm[003;018Ho[003;019Hd[003;020Hu[003;021Hl[003;022He[003;023H [003;024H`[003;025Hb[003;026Ho[003;027Ho[003;028Ht[003;029H([003;030H)[003;031H:[003;032H/[003;033Hb[003;034Ho[003;035Ho[003;036Ht[003;037H/[003;038Hr[003;039Ha[003;040Hm[003;041Hf[003;042Hs[003;043H.[003;044He[003;045Hl[003;046Hf[003;047H`[003;048H.[003;049H.[003;050H.[003;051H[003;001H[004;001Hl[004;002Hi[004;003Hm[004;004Hi[004;005Hn[004;006He[004;007H:[004;008H [004;009HL[004;010Ho[004;011Ha[004;012Hd[004;013Hi[004;014Hn[004;015Hg[004;016H [004;017Hm[004;018Ho[004;019Hd[004;020Hu[004;021Hl[004;022He[004;023H [004;024H`[004;025Hb[004;026Ho[004;027Ho[004;028Ht[004;029H([004;030H)[004;031H:[004;032H/[004;033Hb[004;034Ho[004;035Ho[004;036Ht[004;037H/[004;038Hs[004;039Hc[004;040Hr[004;041Hi[004;042Hp[004;043Ht[004;044H_[004;045Hs[004;046He[004;047Hs[004;048Hs[004;049Hi[004;050Ho[004;051Hn[004;052H.[004;053He[004;054Hl[004;055Hf[004;056H`[004;057H.[004;058H.[004;059H.[004;060H[004;001H[005;001Hl[005;002Hi[005;003Hm[005;004Hi[005;005Hn[005;006He[005;007H:[005;008H [005;009HL[005;010Ho[005;011Ha[005;012Hd[005;013Hi[005;014Hn[005;015Hg[005;016H [005;017Hm[005;018Ho[005;019Hd[005;020Hu[005;021Hl[005;022He[005;023H [005;024H`[005;025Hb[005;026Ho[005;027Ho[005;028Ht[005;029H([005;030H)[005;031H:[005;032H/[005;033Hb[005;034Ho[005;035Ho[005;036Ht[005;037H/[005;038Hr[005;039Ha[005;040Hm[005;041Hf[005;042Hs[005;043H.[005;044Hi[005;045Hm[005;046Hg[005;047H`[005;048H.[005;049H.[005;050H.[005;051H[005;001H[006;001HGAXERA: BOOT_STACK_READY
GAXERA: DESCRIPTORS_AND_IDT_READY
GAXERA: BOOT_CONTEXT_READY kernel_phys=0x0000000019659000 kernel_virt=0xffffffff80000000 rsdp_phys=0x000000001fb7e014
GAXERA: MEMMAP_BEGIN count=34
GAXERA: MEMMAP_REGION index=0 start=0x0000000000000000 end=0x0000000000087000 len=0x0000000000087000 source_type=0 class=usable allocator=eligible reservation=none
GAXERA: MEMMAP_REGION index=1 start=0x0000000000087000 end=0x0000000000088000 len=0x0000000000001000 source_type=5 class=bootloader-reclaimable allocator=ineligible reservation=none
GAXERA: MEMMAP_REGION index=2 start=0x0000000000088000 end=0x00000000000a0000 len=0x0000000000018000 source_type=0 class=usable allocator=eligible reservation=none
GAXERA: MEMMAP_REGION index=3 start=0x0000000000100000 end=0x0000000000800000 len=0x0000000000700000 source_type=0 class=usable allocator=eligible reservation=none
GAXERA: MEMMAP_REGION index=4 start=0x0000000000800000 end=0x0000000000808000 len=0x0000000000008000 source_type=3 class=acpi-nvs allocator=ineligible reservation=none
GAXERA: MEMMAP_REGION index=5 start=0x0000000000808000 end=0x000000000080b000 len=0x0000000000003000 source_type=0 class=usable allocator=eligible reservation=none
GAXERA: MEMMAP_REGION index=6 start=0x000000000080b000 end=0x000000000080c000 len=0x0000000000001000 source_type=3 class=acpi-nvs allocator=ineligible reservation=none
GAXERA: MEMMAP_REGION index=7 start=0x000000000080c000 end=0x0000000000814000 len=0x0000000000008000 source_type=0 class=usable allocator=eligible reservation=none
GAXERA: MEMMAP_REGION index=8 start=0x0000000000814000 end=0x0000000000900000 len=0x00000000000ec000 source_type=3 class=acpi-nvs allocator=ineligible reservation=none
GAXERA: MEMMAP_REGION index=9 start=0x0000000000900000 end=0x0000000001780000 len=0x0000000000e80000 source_type=5 class=bootloader-reclaimable allocator=ineligible reservation=none
GAXERA: MEMMAP_REGION index=10 start=0x0000000001780000 end=0x0000000018cbb000 len=0x000000001753b000 source_type=0 class=usable allocator=eligible reservation=none
GAXERA: MEMMAP_REGION index=11 start=0x0000000018cbb000 end=0x0000000018cc8000 len=0x000000000000d000 source_type=5 class=bootloader-reclaimable allocator=ineligible reservation=none
GAXERA: MEMMAP_REGION index=12 start=0x0000000018cc8000 end=0x0000000018f77000 len=0x00000000002af000 source_type=6 class=executable-and-modules allocator=ineligible reservation=none
GAXERA: MEMMAP_REGION index=13 start=0x0000000018f77000 end=0x0000000019225000 len=0x00000000002ae000 source_type=6 class=executable-and-modules allocator=ineligible reservation=none
GAXERA: MEMMAP_REGION index=14 start=0x0000000019225000 end=0x0000000019659000 len=0x0000000000434000 source_type=6 class=executable-and-modules allocator=ineligible reservation=none
GAXERA: MEMMAP_REGION index=15 start=0x0000000019659000 end=0x00000000197e1000 len=0x0000000000188000 source_type=6 class=executable-and-modules allocator=ineligible reservation=none
GAXERA: MEMMAP_REGION index=16 start=0x00000000197e1000 end=0x000000001a66c000 len=0x0000000000e8b000 source_type=5 class=bootloader-reclaimable allocator=ineligible reservation=none
GAXERA: MEMMAP_REGION index=17 start=0x000000001a66c000 end=0x000000001bf6c000 len=0x0000000001900000 source_type=0 class=usable allocator=eligible reservation=none
GAXERA: MEMMAP_REGION index=18 start=0x000000001bf6c000 end=0x000000001bfaa000 len=0x000000000003e000 source_type=5 class=bootloader-reclaimable allocator=ineligible reservation=none
GAXERA: MEMMAP_REGION index=19 start=0x000000001bfaa000 end=0x000000001bfab000 len=0x0000000000001000 source_type=6 class=executable-and-modules allocator=ineligible reservation=none
GAXERA: MEMMAP_REGION index=20 start=0x000000001bfab000 end=0x000000001bfaf000 len=0x0000000000004000 source_type=5 class=bootloader-reclaimable allocator=ineligible reservation=none
GAXERA: MEMMAP_REGION index=21 start=0x000000001bfaf000 end=0x000000001e6a0000 len=0x00000000026f1000 source_type=0 class=usable allocator=eligible reservation=none
GAXERA: MEMMAP_REGION index=22 start=0x000000001e6a0000 end=0x000000001ed3f000 len=0x000000000069f000 source_type=5 class=bootloader-reclaimable allocator=ineligible reservation=none
GAXERA: MEMMAP_REGION index=23 start=0x000000001ed3f000 end=0x000000001ee00000 len=0x00000000000c1000 source_type=8 class=mapped-reserved allocator=ineligible reservation=none
GAXERA: MEMMAP_REGION index=24 start=0x000000001ee00000 end=0x000000001f8ed000 len=0x0000000000aed000 source_type=5 class=bootloader-reclaimable allocator=ineligible reservation=none
GAXERA: MEMMAP_REGION index=25 start=0x000000001f8ed000 end=0x000000001faed000 len=0x0000000000200000 source_type=8 class=mapped-reserved allocator=ineligible reservation=none
GAXERA: MEMMAP_REGION index=26 start=0x000000001faed000 end=0x000000001fb6d000 len=0x0000000000080000 source_type=1 class=reserved allocator=ineligible reservation=none
GAXERA: MEMMAP_REGION index=27 start=0x000000001fb6d000 end=0x000000001fb7f000 len=0x0000000000012000 source_type=2 class=acpi-reclaimable allocator=ineligible reservation=none
GAXERA: MEMMAP_REGION index=28 start=0x000000001fb7f000 end=0x000000001fbff000 len=0x0000000000080000 source_type=3 class=acpi-nvs allocator=ineligible reservation=none
GAXERA: MEMMAP_REGION index=29 start=0x000000001fbff000 end=0x000000001fef4000 len=0x00000000002f5000 source_type=5 class=bootloader-reclaimable allocator=ineligible reservation=none
GAXERA: MEMMAP_REGION index=30 start=0x000000001fef4000 end=0x000000001ff78000 len=0x0000000000084000 source_type=8 class=mapped-reserved allocator=ineligible reservation=none
GAXERA: MEMMAP_REGION index=31 start=0x000000001ff78000 end=0x0000000020000000 len=0x0000000000088000 source_type=3 class=acpi-nvs allocator=ineligible reservation=none
GAXERA: MEMMAP_REGION index=32 start=0x0000000080000000 end=0x00000000803e8000 len=0x00000000003e8000 source_type=7 class=framebuffer allocator=ineligible reservation=none
GAXERA: MEMMAP_REGION index=33 start=0x000000fd00000000 end=0x0000010000000000 len=0x0000000300000000 source_type=1 class=reserved allocator=ineligible reservation=none
GAXERA: MEMMAP_END
GAXERA: BOOTSTRAP_FRAME_ALLOCATOR_READY ranges=8
GAXERA: PAGING_HHDM_MAPPED
GAXERA: PAGING_TEXT_MAPPED
GAXERA: PAGING_FRAMEBUFFER_MAPPED
GAXERA: PAGE_TABLES_READY root=0x0000000000000000 reservations=3
GAXERA: CR3_GAXERA_OWNED
GAXERA: PHYSICAL_FRAME_ALLOCATOR_READY frames=113878 bitmap_words=1780
GAXERA: MEMORY_FOUNDATION_OK heap=0xfffffe8000001000 size=2097152 lower_guard=0xfffffe8000000000
GAXERA: KERNEL_ENTRY_OK
GAXERA: FRAMEBUFFER_OK (1280x800, pitch: 5120)
GAXERA: TEST_PATTERN_DRAWN
GAXERA: ACPI_MADT_READY local_apic_phys=0x00000000fee00000 override=false
GAXERA: ACPI_TEMPORARY_WINDOW_RELEASED
GAXERA: LOCAL_APIC_READY phys=0x00000000fee00000 vector=0xe0
GAXERA: IOAPIC_READY phys=0x00000000fec00000 gsi_base=0
GAXERA: PREEMPTION_TIMER_READY ticks_per_ms=63026
GAXERA: INIT_MODULE found at phys=0x0000000019225000 size=4403888
GAXERA: KERNEL_STACK top=0xfffffe1000011000
GAXERA: USER_STACK base=0x00007fffffff0000 top=0x0000800000000000 pages=16
GAXERA: ENTER_USER_MODE entry=0x0000000000208150 rsp=0x00007ffffffffff0 manifest=0x00007ffffffdf000
GAXERA: INIT_USERSPACE_HEAP_SUCCESS
Guest-confirmed QEMU test passed.

--- Service Allocator Migration Test ---
=== Building Gaxera Kernel ISO ===
     Removed 319 files, 130.3MiB total
Compiling kernel binary...
   Compiling kernel v0.1.0 (/home/nyx/gaxera/kernel)
    Finished `dev` profile [unoptimized + debuginfo] target(s) in 2.53s
Compiling guest binary (userspace-tests)...
   Compiling userspace-tests v0.1.0 (/home/nyx/gaxera/crates/userspace-tests)
    Finished `dev` profile [unoptimized + debuginfo] target(s) in 0.43s
Assembling ISO directory structure...
Compiling ramfs binary...
    Finished `dev` profile [unoptimized + debuginfo] target(s) in 0.03s
Compiling script_session binary...
    Finished `dev` profile [unoptimized + debuginfo] target(s) in 0.03s
Packaging GaxFS ramfs.img...
Packaging bootable ISO image via xorriso...
xorriso 1.5.6 : RockRidge filesystem manipulator, libburnia project.

Drive current: -outdev 'stdio:target/gaxera.iso'
Media current: stdio file, overwriteable
Media status : is blank
Media summary: 0 sessions, 0 data blocks, 0 data,  943g free
Added to ISO image: directory '/'='/home/nyx/gaxera/target/iso_root'
xorriso : UPDATE :      16 files added in 1 seconds
xorriso : UPDATE :      16 files added in 1 seconds
ISO image produced: 14540 sectors
Written to medium : 14540 sectors at LBA 0
Writing to 'stdio:target/gaxera.iso' completed successfully.

Installing bootloader record sector...
Physical block size of 512 bytes.
Installing to GPT. Logical block size of 512 bytes.
Secondary header at LBA 0xe32f.
Secondary header valid.
Detected ISOHYBRID with a GUID partition table (GPT).
Converting to MBR for improved compatibility...
Conversion successful.
No active partition found, some systems may not boot.
Setting partition 1 as active to work around the issue...
Installing to MBR.
Stage 2 to be located at byte offset 0x200.
Reminder: Remember to copy the limine-bios.sys file in either
          the root, /boot, /limine, or /boot/limine directories of
          one of the partitions on the device, or boot will fail!
Limine BIOS stages installed successfully.
Gaxera packaging successfully compiled to target/gaxera.iso!
=== Launching QEMU Virtual Machine ===
OVMF UEFI firmware detected. Booting in UEFI mode.
Headless mode selected.
[2J[001;001H[=3h[2J[001;001H[2J[001;001H[8;056;240t[2J[001;001H[2J[001;001H[=3h[2J[001;001H[2J[001;001H[8;042;160t[2J[001;001HBdsDxe: loading Boot0002 "UEFI QEMU DVD-ROM QM00003 " from PciRoot(0x0)/Pci(0x1,0x1)/Ata(Secondary,Master,0x0)
BdsDxe: starting Boot0002 "UEFI QEMU DVD-ROM QM00003 " from PciRoot(0x0)/Pci(0x1,0x1)/Ata(Secondary,Master,0x0)
[001;001H[001;001H[001;001Hl[001;002Hi[001;003Hm[001;004Hi[001;005Hn[001;006He[001;007H:[001;008H [001;009HL[001;010Ho[001;011Ha[001;012Hd[001;013Hi[001;014Hn[001;015Hg[001;016H [001;017He[001;018Hx[001;019He[001;020Hc[001;021Hu[001;022Ht[001;023Ha[001;024Hb[001;025Hl[001;026He[001;027H [001;028H`[001;029Hb[001;030Ho[001;031Ho[001;032Ht[001;033H([001;034H)[001;035H:[001;036H/[001;037Hb[001;038Ho[001;039Ho[001;040Ht[001;041H/[001;042Hg[001;043Ha[001;044Hx[001;045He[001;046Hr[001;047Ha[001;048H.[001;049He[001;050Hl[001;051Hf[001;052H`[001;053H.[001;054H.[001;055H.[001;056H[001;001H[002;001Hl[002;002Hi[002;003Hm[002;004Hi[002;005Hn[002;006He[002;007H:[002;008H [002;009HL[002;010Ho[002;011Ha[002;012Hd[002;013Hi[002;014Hn[002;015Hg[002;016H [002;017Hm[002;018Ho[002;019Hd[002;020Hu[002;021Hl[002;022He[002;023H [002;024H`[002;025Hb[002;026Ho[002;027Ho[002;028Ht[002;029H([002;030H)[002;031H:[002;032H/[002;033Hb[002;034Ho[002;035Ho[002;036Ht[002;037H/[002;038Hi[002;039Hn[002;040Hi[002;041Ht[002;042H.[002;043He[002;044Hl[002;045Hf[002;046H`[002;047H.[002;048H.[002;049H.[002;050H[002;001H[003;001Hl[003;002Hi[003;003Hm[003;004Hi[003;005Hn[003;006He[003;007H:[003;008H [003;009HL[003;010Ho[003;011Ha[003;012Hd[003;013Hi[003;014Hn[003;015Hg[003;016H [003;017Hm[003;018Ho[003;019Hd[003;020Hu[003;021Hl[003;022He[003;023H [003;024H`[003;025Hb[003;026Ho[003;027Ho[003;028Ht[003;029H([003;030H)[003;031H:[003;032H/[003;033Hb[003;034Ho[003;035Ho[003;036Ht[003;037H/[003;038Hr[003;039Ha[003;040Hm[003;041Hf[003;042Hs[003;043H.[003;044He[003;045Hl[003;046Hf[003;047H`[003;048H.[003;049H.[003;050H.[003;051H[003;001H[004;001Hl[004;002Hi[004;003Hm[004;004Hi[004;005Hn[004;006He[004;007H:[004;008H [004;009HL[004;010Ho[004;011Ha[004;012Hd[004;013Hi[004;014Hn[004;015Hg[004;016H [004;017Hm[004;018Ho[004;019Hd[004;020Hu[004;021Hl[004;022He[004;023H [004;024H`[004;025Hb[004;026Ho[004;027Ho[004;028Ht[004;029H([004;030H)[004;031H:[004;032H/[004;033Hb[004;034Ho[004;035Ho[004;036Ht[004;037H/[004;038Hs[004;039Hc[004;040Hr[004;041Hi[004;042Hp[004;043Ht[004;044H_[004;045Hs[004;046He[004;047Hs[004;048Hs[004;049Hi[004;050Ho[004;051Hn[004;052H.[004;053He[004;054Hl[004;055Hf[004;056H`[004;057H.[004;058H.[004;059H.[004;060H[004;001H[005;001Hl[005;002Hi[005;003Hm[005;004Hi[005;005Hn[005;006He[005;007H:[005;008H [005;009HL[005;010Ho[005;011Ha[005;012Hd[005;013Hi[005;014Hn[005;015Hg[005;016H [005;017Hm[005;018Ho[005;019Hd[005;020Hu[005;021Hl[005;022He[005;023H [005;024H`[005;025Hb[005;026Ho[005;027Ho[005;028Ht[005;029H([005;030H)[005;031H:[005;032H/[005;033Hb[005;034Ho[005;035Ho[005;036Ht[005;037H/[005;038Hr[005;039Ha[005;040Hm[005;041Hf[005;042Hs[005;043H.[005;044Hi[005;045Hm[005;046Hg[005;047H`[005;048H.[005;049H.[005;050H.[005;051H[005;001H[006;001HGAXERA: BOOT_STACK_READY
GAXERA: DESCRIPTORS_AND_IDT_READY
GAXERA: BOOT_CONTEXT_READY kernel_phys=0x0000000019659000 kernel_virt=0xffffffff80000000 rsdp_phys=0x000000001fb7e014
GAXERA: MEMMAP_BEGIN count=34
GAXERA: MEMMAP_REGION index=0 start=0x0000000000000000 end=0x0000000000087000 len=0x0000000000087000 source_type=0 class=usable allocator=eligible reservation=none
GAXERA: MEMMAP_REGION index=1 start=0x0000000000087000 end=0x0000000000088000 len=0x0000000000001000 source_type=5 class=bootloader-reclaimable allocator=ineligible reservation=none
GAXERA: MEMMAP_REGION index=2 start=0x0000000000088000 end=0x00000000000a0000 len=0x0000000000018000 source_type=0 class=usable allocator=eligible reservation=none
GAXERA: MEMMAP_REGION index=3 start=0x0000000000100000 end=0x0000000000800000 len=0x0000000000700000 source_type=0 class=usable allocator=eligible reservation=none
GAXERA: MEMMAP_REGION index=4 start=0x0000000000800000 end=0x0000000000808000 len=0x0000000000008000 source_type=3 class=acpi-nvs allocator=ineligible reservation=none
GAXERA: MEMMAP_REGION index=5 start=0x0000000000808000 end=0x000000000080b000 len=0x0000000000003000 source_type=0 class=usable allocator=eligible reservation=none
GAXERA: MEMMAP_REGION index=6 start=0x000000000080b000 end=0x000000000080c000 len=0x0000000000001000 source_type=3 class=acpi-nvs allocator=ineligible reservation=none
GAXERA: MEMMAP_REGION index=7 start=0x000000000080c000 end=0x0000000000814000 len=0x0000000000008000 source_type=0 class=usable allocator=eligible reservation=none
GAXERA: MEMMAP_REGION index=8 start=0x0000000000814000 end=0x0000000000900000 len=0x00000000000ec000 source_type=3 class=acpi-nvs allocator=ineligible reservation=none
GAXERA: MEMMAP_REGION index=9 start=0x0000000000900000 end=0x0000000001780000 len=0x0000000000e80000 source_type=5 class=bootloader-reclaimable allocator=ineligible reservation=none
GAXERA: MEMMAP_REGION index=10 start=0x0000000001780000 end=0x0000000018cc6000 len=0x0000000017546000 source_type=0 class=usable allocator=eligible reservation=none
GAXERA: MEMMAP_REGION index=11 start=0x0000000018cc6000 end=0x0000000018cd3000 len=0x000000000000d000 source_type=5 class=bootloader-reclaimable allocator=ineligible reservation=none
GAXERA: MEMMAP_REGION index=12 start=0x0000000018cd3000 end=0x0000000018f82000 len=0x00000000002af000 source_type=6 class=executable-and-modules allocator=ineligible reservation=none
GAXERA: MEMMAP_REGION index=13 start=0x0000000018f82000 end=0x0000000019230000 len=0x00000000002ae000 source_type=6 class=executable-and-modules allocator=ineligible reservation=none
GAXERA: MEMMAP_REGION index=14 start=0x0000000019230000 end=0x0000000019659000 len=0x0000000000429000 source_type=6 class=executable-and-modules allocator=ineligible reservation=none
GAXERA: MEMMAP_REGION index=15 start=0x0000000019659000 end=0x00000000197e1000 len=0x0000000000188000 source_type=6 class=executable-and-modules allocator=ineligible reservation=none
GAXERA: MEMMAP_REGION index=16 start=0x00000000197e1000 end=0x000000001a66c000 len=0x0000000000e8b000 source_type=5 class=bootloader-reclaimable allocator=ineligible reservation=none
GAXERA: MEMMAP_REGION index=17 start=0x000000001a66c000 end=0x000000001bf6c000 len=0x0000000001900000 source_type=0 class=usable allocator=eligible reservation=none
GAXERA: MEMMAP_REGION index=18 start=0x000000001bf6c000 end=0x000000001bfaa000 len=0x000000000003e000 source_type=5 class=bootloader-reclaimable allocator=ineligible reservation=none
GAXERA: MEMMAP_REGION index=19 start=0x000000001bfaa000 end=0x000000001bfab000 len=0x0000000000001000 source_type=6 class=executable-and-modules allocator=ineligible reservation=none
GAXERA: MEMMAP_REGION index=20 start=0x000000001bfab000 end=0x000000001bfaf000 len=0x0000000000004000 source_type=5 class=bootloader-reclaimable allocator=ineligible reservation=none
GAXERA: MEMMAP_REGION index=21 start=0x000000001bfaf000 end=0x000000001e6a0000 len=0x00000000026f1000 source_type=0 class=usable allocator=eligible reservation=none
GAXERA: MEMMAP_REGION index=22 start=0x000000001e6a0000 end=0x000000001ed3f000 len=0x000000000069f000 source_type=5 class=bootloader-reclaimable allocator=ineligible reservation=none
GAXERA: MEMMAP_REGION index=23 start=0x000000001ed3f000 end=0x000000001ee00000 len=0x00000000000c1000 source_type=8 class=mapped-reserved allocator=ineligible reservation=none
GAXERA: MEMMAP_REGION index=24 start=0x000000001ee00000 end=0x000000001f8ed000 len=0x0000000000aed000 source_type=5 class=bootloader-reclaimable allocator=ineligible reservation=none
GAXERA: MEMMAP_REGION index=25 start=0x000000001f8ed000 end=0x000000001faed000 len=0x0000000000200000 source_type=8 class=mapped-reserved allocator=ineligible reservation=none
GAXERA: MEMMAP_REGION index=26 start=0x000000001faed000 end=0x000000001fb6d000 len=0x0000000000080000 source_type=1 class=reserved allocator=ineligible reservation=none
GAXERA: MEMMAP_REGION index=27 start=0x000000001fb6d000 end=0x000000001fb7f000 len=0x0000000000012000 source_type=2 class=acpi-reclaimable allocator=ineligible reservation=none
GAXERA: MEMMAP_REGION index=28 start=0x000000001fb7f000 end=0x000000001fbff000 len=0x0000000000080000 source_type=3 class=acpi-nvs allocator=ineligible reservation=none
GAXERA: MEMMAP_REGION index=29 start=0x000000001fbff000 end=0x000000001fef4000 len=0x00000000002f5000 source_type=5 class=bootloader-reclaimable allocator=ineligible reservation=none
GAXERA: MEMMAP_REGION index=30 start=0x000000001fef4000 end=0x000000001ff78000 len=0x0000000000084000 source_type=8 class=mapped-reserved allocator=ineligible reservation=none
GAXERA: MEMMAP_REGION index=31 start=0x000000001ff78000 end=0x0000000020000000 len=0x0000000000088000 source_type=3 class=acpi-nvs allocator=ineligible reservation=none
GAXERA: MEMMAP_REGION index=32 start=0x0000000080000000 end=0x00000000803e8000 len=0x00000000003e8000 source_type=7 class=framebuffer allocator=ineligible reservation=none
GAXERA: MEMMAP_REGION index=33 start=0x000000fd00000000 end=0x0000010000000000 len=0x0000000300000000 source_type=1 class=reserved allocator=ineligible reservation=none
GAXERA: MEMMAP_END
GAXERA: BOOTSTRAP_FRAME_ALLOCATOR_READY ranges=8
GAXERA: PAGING_HHDM_MAPPED
GAXERA: PAGING_TEXT_MAPPED
GAXERA: PAGING_FRAMEBUFFER_MAPPED
GAXERA: PAGE_TABLES_READY root=0x0000000000000000 reservations=3
GAXERA: CR3_GAXERA_OWNED
GAXERA: PHYSICAL_FRAME_ALLOCATOR_READY frames=113889 bitmap_words=1780
GAXERA: MEMORY_FOUNDATION_OK heap=0xfffffe8000001000 size=2097152 lower_guard=0xfffffe8000000000
GAXERA: KERNEL_ENTRY_OK
GAXERA: FRAMEBUFFER_OK (1280x800, pitch: 5120)
GAXERA: TEST_PATTERN_DRAWN
GAXERA: ACPI_MADT_READY local_apic_phys=0x00000000fee00000 override=false
GAXERA: ACPI_TEMPORARY_WINDOW_RELEASED
GAXERA: LOCAL_APIC_READY phys=0x00000000fee00000 vector=0xe0
GAXERA: IOAPIC_READY phys=0x00000000fec00000 gsi_base=0
GAXERA: PREEMPTION_TIMER_READY ticks_per_ms=63006
GAXERA: INIT_MODULE found at phys=0x0000000019230000 size=4360312
GAXERA: KERNEL_STACK top=0xfffffe1000011000
GAXERA: USER_STACK base=0x00007fffffff0000 top=0x0000800000000000 pages=16
GAXERA: ENTER_USER_MODE entry=0x00000000002064b0 rsp=0x00007ffffffffff0 manifest=0x00007ffffffdf000
GAXERA: SERVICE_ALLOCATOR_MIGRATION_SUCCESS
Guest-confirmed QEMU test passed.

--- IRQ Notification Test ---
=== Building Gaxera Kernel ISO ===
     Removed 319 files, 130.3MiB total
Compiling kernel binary...
   Compiling kernel v0.1.0 (/home/nyx/gaxera/kernel)
    Finished `dev` profile [unoptimized + debuginfo] target(s) in 2.54s
Compiling guest binary (userspace-tests)...
   Compiling userspace-tests v0.1.0 (/home/nyx/gaxera/crates/userspace-tests)
    Finished `dev` profile [unoptimized + debuginfo] target(s) in 0.15s
Assembling ISO directory structure...
Compiling ramfs binary...
    Finished `dev` profile [unoptimized + debuginfo] target(s) in 0.03s
Compiling script_session binary...
    Finished `dev` profile [unoptimized + debuginfo] target(s) in 0.03s
Packaging GaxFS ramfs.img...
Packaging bootable ISO image via xorriso...
xorriso 1.5.6 : RockRidge filesystem manipulator, libburnia project.

Drive current: -outdev 'stdio:target/gaxera.iso'
Media current: stdio file, overwriteable
Media status : is blank
Media summary: 0 sessions, 0 data blocks, 0 data,  943g free
Added to ISO image: directory '/'='/home/nyx/gaxera/target/iso_root'
xorriso : UPDATE :      16 files added in 1 seconds
xorriso : UPDATE :      16 files added in 1 seconds
ISO image produced: 14518 sectors
Written to medium : 14518 sectors at LBA 0
Writing to 'stdio:target/gaxera.iso' completed successfully.

Installing bootloader record sector...
Physical block size of 512 bytes.
Installing to GPT. Logical block size of 512 bytes.
Secondary header at LBA 0xe2d7.
Secondary header valid.
Detected ISOHYBRID with a GUID partition table (GPT).
Converting to MBR for improved compatibility...
Conversion successful.
No active partition found, some systems may not boot.
Setting partition 1 as active to work around the issue...
Installing to MBR.
Stage 2 to be located at byte offset 0x200.
Reminder: Remember to copy the limine-bios.sys file in either
          the root, /boot, /limine, or /boot/limine directories of
          one of the partitions on the device, or boot will fail!
Limine BIOS stages installed successfully.
Gaxera packaging successfully compiled to target/gaxera.iso!
=== Launching QEMU Virtual Machine ===
OVMF UEFI firmware detected. Booting in UEFI mode.
Headless mode selected.
[2J[001;001H[=3h[2J[001;001H[2J[001;001H[8;056;240t[2J[001;001H[2J[001;001H[=3h[2J[001;001H[2J[001;001H[8;042;160t[2J[001;001HBdsDxe: loading Boot0002 "UEFI QEMU DVD-ROM QM00003 " from PciRoot(0x0)/Pci(0x1,0x1)/Ata(Secondary,Master,0x0)
BdsDxe: starting Boot0002 "UEFI QEMU DVD-ROM QM00003 " from PciRoot(0x0)/Pci(0x1,0x1)/Ata(Secondary,Master,0x0)
[001;001H[001;001H[001;001Hl[001;002Hi[001;003Hm[001;004Hi[001;005Hn[001;006He[001;007H:[001;008H [001;009HL[001;010Ho[001;011Ha[001;012Hd[001;013Hi[001;014Hn[001;015Hg[001;016H [001;017He[001;018Hx[001;019He[001;020Hc[001;021Hu[001;022Ht[001;023Ha[001;024Hb[001;025Hl[001;026He[001;027H [001;028H`[001;029Hb[001;030Ho[001;031Ho[001;032Ht[001;033H([001;034H)[001;035H:[001;036H/[001;037Hb[001;038Ho[001;039Ho[001;040Ht[001;041H/[001;042Hg[001;043Ha[001;044Hx[001;045He[001;046Hr[001;047Ha[001;048H.[001;049He[001;050Hl[001;051Hf[001;052H`[001;053H.[001;054H.[001;055H.[001;056H[001;001H[002;001Hl[002;002Hi[002;003Hm[002;004Hi[002;005Hn[002;006He[002;007H:[002;008H [002;009HL[002;010Ho[002;011Ha[002;012Hd[002;013Hi[002;014Hn[002;015Hg[002;016H [002;017Hm[002;018Ho[002;019Hd[002;020Hu[002;021Hl[002;022He[002;023H [002;024H`[002;025Hb[002;026Ho[002;027Ho[002;028Ht[002;029H([002;030H)[002;031H:[002;032H/[002;033Hb[002;034Ho[002;035Ho[002;036Ht[002;037H/[002;038Hi[002;039Hn[002;040Hi[002;041Ht[002;042H.[002;043He[002;044Hl[002;045Hf[002;046H`[002;047H.[002;048H.[002;049H.[002;050H[002;001H[003;001Hl[003;002Hi[003;003Hm[003;004Hi[003;005Hn[003;006He[003;007H:[003;008H [003;009HL[003;010Ho[003;011Ha[003;012Hd[003;013Hi[003;014Hn[003;015Hg[003;016H [003;017Hm[003;018Ho[003;019Hd[003;020Hu[003;021Hl[003;022He[003;023H [003;024H`[003;025Hb[003;026Ho[003;027Ho[003;028Ht[003;029H([003;030H)[003;031H:[003;032H/[003;033Hb[003;034Ho[003;035Ho[003;036Ht[003;037H/[003;038Hr[003;039Ha[003;040Hm[003;041Hf[003;042Hs[003;043H.[003;044He[003;045Hl[003;046Hf[003;047H`[003;048H.[003;049H.[003;050H.[003;051H[003;001H[004;001Hl[004;002Hi[004;003Hm[004;004Hi[004;005Hn[004;006He[004;007H:[004;008H [004;009HL[004;010Ho[004;011Ha[004;012Hd[004;013Hi[004;014Hn[004;015Hg[004;016H [004;017Hm[004;018Ho[004;019Hd[004;020Hu[004;021Hl[004;022He[004;023H [004;024H`[004;025Hb[004;026Ho[004;027Ho[004;028Ht[004;029H([004;030H)[004;031H:[004;032H/[004;033Hb[004;034Ho[004;035Ho[004;036Ht[004;037H/[004;038Hs[004;039Hc[004;040Hr[004;041Hi[004;042Hp[004;043Ht[004;044H_[004;045Hs[004;046He[004;047Hs[004;048Hs[004;049Hi[004;050Ho[004;051Hn[004;052H.[004;053He[004;054Hl[004;055Hf[004;056H`[004;057H.[004;058H.[004;059H.[004;060H[004;001H[005;001Hl[005;002Hi[005;003Hm[005;004Hi[005;005Hn[005;006He[005;007H:[005;008H [005;009HL[005;010Ho[005;011Ha[005;012Hd[005;013Hi[005;014Hn[005;015Hg[005;016H [005;017Hm[005;018Ho[005;019Hd[005;020Hu[005;021Hl[005;022He[005;023H [005;024H`[005;025Hb[005;026Ho[005;027Ho[005;028Ht[005;029H([005;030H)[005;031H:[005;032H/[005;033Hb[005;034Ho[005;035Ho[005;036Ht[005;037H/[005;038Hr[005;039Ha[005;040Hm[005;041Hf[005;042Hs[005;043H.[005;044Hi[005;045Hm[005;046Hg[005;047H`[005;048H.[005;049H.[005;050H.[005;051H[005;001H[006;001HGAXERA: BOOT_STACK_READY
GAXERA: DESCRIPTORS_AND_IDT_READY
GAXERA: BOOT_CONTEXT_READY kernel_phys=0x0000000019657000 kernel_virt=0xffffffff80000000 rsdp_phys=0x000000001fb7e014
GAXERA: MEMMAP_BEGIN count=34
GAXERA: MEMMAP_REGION index=0 start=0x0000000000000000 end=0x0000000000087000 len=0x0000000000087000 source_type=0 class=usable allocator=eligible reservation=none
GAXERA: MEMMAP_REGION index=1 start=0x0000000000087000 end=0x0000000000088000 len=0x0000000000001000 source_type=5 class=bootloader-reclaimable allocator=ineligible reservation=none
GAXERA: MEMMAP_REGION index=2 start=0x0000000000088000 end=0x00000000000a0000 len=0x0000000000018000 source_type=0 class=usable allocator=eligible reservation=none
GAXERA: MEMMAP_REGION index=3 start=0x0000000000100000 end=0x0000000000800000 len=0x0000000000700000 source_type=0 class=usable allocator=eligible reservation=none
GAXERA: MEMMAP_REGION index=4 start=0x0000000000800000 end=0x0000000000808000 len=0x0000000000008000 source_type=3 class=acpi-nvs allocator=ineligible reservation=none
GAXERA: MEMMAP_REGION index=5 start=0x0000000000808000 end=0x000000000080b000 len=0x0000000000003000 source_type=0 class=usable allocator=eligible reservation=none
GAXERA: MEMMAP_REGION index=6 start=0x000000000080b000 end=0x000000000080c000 len=0x0000000000001000 source_type=3 class=acpi-nvs allocator=ineligible reservation=none
GAXERA: MEMMAP_REGION index=7 start=0x000000000080c000 end=0x0000000000814000 len=0x0000000000008000 source_type=0 class=usable allocator=eligible reservation=none
GAXERA: MEMMAP_REGION index=8 start=0x0000000000814000 end=0x0000000000900000 len=0x00000000000ec000 source_type=3 class=acpi-nvs allocator=ineligible reservation=none
GAXERA: MEMMAP_REGION index=9 start=0x0000000000900000 end=0x0000000001780000 len=0x0000000000e80000 source_type=5 class=bootloader-reclaimable allocator=ineligible reservation=none
GAXERA: MEMMAP_REGION index=10 start=0x0000000001780000 end=0x0000000018cd0000 len=0x0000000017550000 source_type=0 class=usable allocator=eligible reservation=none
GAXERA: MEMMAP_REGION index=11 start=0x0000000018cd0000 end=0x0000000018cdd000 len=0x000000000000d000 source_type=5 class=bootloader-reclaimable allocator=ineligible reservation=none
GAXERA: MEMMAP_REGION index=12 start=0x0000000018cdd000 end=0x0000000018f8c000 len=0x00000000002af000 source_type=6 class=executable-and-modules allocator=ineligible reservation=none
GAXERA: MEMMAP_REGION index=13 start=0x0000000018f8c000 end=0x000000001923a000 len=0x00000000002ae000 source_type=6 class=executable-and-modules allocator=ineligible reservation=none
GAXERA: MEMMAP_REGION index=14 start=0x000000001923a000 end=0x0000000019657000 len=0x000000000041d000 source_type=6 class=executable-and-modules allocator=ineligible reservation=none
GAXERA: MEMMAP_REGION index=15 start=0x0000000019657000 end=0x00000000197df000 len=0x0000000000188000 source_type=6 class=executable-and-modules allocator=ineligible reservation=none
GAXERA: MEMMAP_REGION index=16 start=0x00000000197df000 end=0x000000001a66c000 len=0x0000000000e8d000 source_type=5 class=bootloader-reclaimable allocator=ineligible reservation=none
GAXERA: MEMMAP_REGION index=17 start=0x000000001a66c000 end=0x000000001bf6c000 len=0x0000000001900000 source_type=0 class=usable allocator=eligible reservation=none
GAXERA: MEMMAP_REGION index=18 start=0x000000001bf6c000 end=0x000000001bfaa000 len=0x000000000003e000 source_type=5 class=bootloader-reclaimable allocator=ineligible reservation=none
GAXERA: MEMMAP_REGION index=19 start=0x000000001bfaa000 end=0x000000001bfab000 len=0x0000000000001000 source_type=6 class=executable-and-modules allocator=ineligible reservation=none
GAXERA: MEMMAP_REGION index=20 start=0x000000001bfab000 end=0x000000001bfaf000 len=0x0000000000004000 source_type=5 class=bootloader-reclaimable allocator=ineligible reservation=none
GAXERA: MEMMAP_REGION index=21 start=0x000000001bfaf000 end=0x000000001e6a0000 len=0x00000000026f1000 source_type=0 class=usable allocator=eligible reservation=none
GAXERA: MEMMAP_REGION index=22 start=0x000000001e6a0000 end=0x000000001ed3f000 len=0x000000000069f000 source_type=5 class=bootloader-reclaimable allocator=ineligible reservation=none
GAXERA: MEMMAP_REGION index=23 start=0x000000001ed3f000 end=0x000000001ee00000 len=0x00000000000c1000 source_type=8 class=mapped-reserved allocator=ineligible reservation=none
GAXERA: MEMMAP_REGION index=24 start=0x000000001ee00000 end=0x000000001f8ed000 len=0x0000000000aed000 source_type=5 class=bootloader-reclaimable allocator=ineligible reservation=none
GAXERA: MEMMAP_REGION index=25 start=0x000000001f8ed000 end=0x000000001faed000 len=0x0000000000200000 source_type=8 class=mapped-reserved allocator=ineligible reservation=none
GAXERA: MEMMAP_REGION index=26 start=0x000000001faed000 end=0x000000001fb6d000 len=0x0000000000080000 source_type=1 class=reserved allocator=ineligible reservation=none
GAXERA: MEMMAP_REGION index=27 start=0x000000001fb6d000 end=0x000000001fb7f000 len=0x0000000000012000 source_type=2 class=acpi-reclaimable allocator=ineligible reservation=none
GAXERA: MEMMAP_REGION index=28 start=0x000000001fb7f000 end=0x000000001fbff000 len=0x0000000000080000 source_type=3 class=acpi-nvs allocator=ineligible reservation=none
GAXERA: MEMMAP_REGION index=29 start=0x000000001fbff000 end=0x000000001fef4000 len=0x00000000002f5000 source_type=5 class=bootloader-reclaimable allocator=ineligible reservation=none
GAXERA: MEMMAP_REGION index=30 start=0x000000001fef4000 end=0x000000001ff78000 len=0x0000000000084000 source_type=8 class=mapped-reserved allocator=ineligible reservation=none
GAXERA: MEMMAP_REGION index=31 start=0x000000001ff78000 end=0x0000000020000000 len=0x0000000000088000 source_type=3 class=acpi-nvs allocator=ineligible reservation=none
GAXERA: MEMMAP_REGION index=32 start=0x0000000080000000 end=0x00000000803e8000 len=0x00000000003e8000 source_type=7 class=framebuffer allocator=ineligible reservation=none
GAXERA: MEMMAP_REGION index=33 start=0x000000fd00000000 end=0x0000010000000000 len=0x0000000300000000 source_type=1 class=reserved allocator=ineligible reservation=none
GAXERA: MEMMAP_END
GAXERA: BOOTSTRAP_FRAME_ALLOCATOR_READY ranges=8
GAXERA: PAGING_HHDM_MAPPED
GAXERA: PAGING_TEXT_MAPPED
GAXERA: PAGING_FRAMEBUFFER_MAPPED
GAXERA: PAGE_TABLES_READY root=0x0000000000000000 reservations=3
GAXERA: CR3_GAXERA_OWNED
GAXERA: PHYSICAL_FRAME_ALLOCATOR_READY frames=113899 bitmap_words=1780
GAXERA: MEMORY_FOUNDATION_OK heap=0xfffffe8000001000 size=2097152 lower_guard=0xfffffe8000000000
GAXERA: KERNEL_ENTRY_OK
GAXERA: FRAMEBUFFER_OK (1280x800, pitch: 5120)
GAXERA: TEST_PATTERN_DRAWN
GAXERA: ACPI_MADT_READY local_apic_phys=0x00000000fee00000 override=false
GAXERA: ACPI_TEMPORARY_WINDOW_RELEASED
GAXERA: LOCAL_APIC_READY phys=0x00000000fee00000 vector=0xe0
GAXERA: IOAPIC_READY phys=0x00000000fec00000 gsi_base=0
GAXERA: PREEMPTION_TIMER_READY ticks_per_ms=62880
GAXERA: INIT_MODULE found at phys=0x000000001923a000 size=4309424
GAXERA: KERNEL_STACK top=0xfffffe1000011000
GAXERA: USER_STACK base=0x00007fffffff0000 top=0x0000800000000000 pages=16
GAXERA: ENTER_USER_MODE entry=0x0000000000204d40 rsp=0x00007ffffffffff0 manifest=0x00007ffffffdf000
GAXERA: IRQ_TEST_CONSOLE_READY
GAXERA: IRQ_TEST_BOUND
GAXERA: IRQ_TEST_UNMASKED
GAXERA: IRQ_ISR vector=0x41
GAXERA: IRQ_WAKE thread=0x100000002 state=Blocked
GAXERA: IDLE_SWITCH next=0x100000002
GAXERA: IRQ_TEST_FIRST_WAIT
GAXERA: IRQ_TEST_BEFORE_SECOND_WAIT
GAXERA: IRQ_ISR vector=0x41
GAXERA: IRQ_WAKE thread=0x100000002 state=Blocked
GAXERA: IDLE_SWITCH next=0x100000002
GAXERA: IRQ_TEST_SECOND_WAIT
GAXERA: IRQ_NOTIFICATION_SUCCESS
Guest-confirmed QEMU test passed.

--- IRQ Unauthorized Test ---
=== Building Gaxera Kernel ISO ===
     Removed 319 files, 130.4MiB total
Compiling kernel binary...
   Compiling kernel v0.1.0 (/home/nyx/gaxera/kernel)
    Finished `dev` profile [unoptimized + debuginfo] target(s) in 2.51s
Compiling guest binary (userspace-tests)...
   Compiling userspace-tests v0.1.0 (/home/nyx/gaxera/crates/userspace-tests)
    Finished `dev` profile [unoptimized + debuginfo] target(s) in 0.49s
Assembling ISO directory structure...
Compiling ramfs binary...
    Finished `dev` profile [unoptimized + debuginfo] target(s) in 0.03s
Compiling script_session binary...
    Finished `dev` profile [unoptimized + debuginfo] target(s) in 0.03s
Packaging GaxFS ramfs.img...
Packaging bootable ISO image via xorriso...
xorriso 1.5.6 : RockRidge filesystem manipulator, libburnia project.

Drive current: -outdev 'stdio:target/gaxera.iso'
Media current: stdio file, overwriteable
Media status : is blank
Media summary: 0 sessions, 0 data blocks, 0 data,  943g free
Added to ISO image: directory '/'='/home/nyx/gaxera/target/iso_root'
xorriso : UPDATE :      16 files added in 1 seconds
xorriso : UPDATE :      16 files added in 1 seconds
ISO image produced: 14514 sectors
Written to medium : 14514 sectors at LBA 0
Writing to 'stdio:target/gaxera.iso' completed successfully.

Installing bootloader record sector...
Physical block size of 512 bytes.
Installing to GPT. Logical block size of 512 bytes.
Secondary header at LBA 0xe2c7.
Secondary header valid.
Detected ISOHYBRID with a GUID partition table (GPT).
Converting to MBR for improved compatibility...
Conversion successful.
No active partition found, some systems may not boot.
Setting partition 1 as active to work around the issue...
Installing to MBR.
Stage 2 to be located at byte offset 0x200.
Reminder: Remember to copy the limine-bios.sys file in either
          the root, /boot, /limine, or /boot/limine directories of
          one of the partitions on the device, or boot will fail!
Limine BIOS stages installed successfully.
Gaxera packaging successfully compiled to target/gaxera.iso!
=== Launching QEMU Virtual Machine ===
OVMF UEFI firmware detected. Booting in UEFI mode.
Headless mode selected.
[2J[001;001H[=3h[2J[001;001H[2J[001;001H[8;056;240t[2J[001;001H[2J[001;001H[=3h[2J[001;001H[2J[001;001H[8;042;160t[2J[001;001HBdsDxe: loading Boot0002 "UEFI QEMU DVD-ROM QM00003 " from PciRoot(0x0)/Pci(0x1,0x1)/Ata(Secondary,Master,0x0)
BdsDxe: starting Boot0002 "UEFI QEMU DVD-ROM QM00003 " from PciRoot(0x0)/Pci(0x1,0x1)/Ata(Secondary,Master,0x0)
[001;001H[001;001H[001;001Hl[001;002Hi[001;003Hm[001;004Hi[001;005Hn[001;006He[001;007H:[001;008H [001;009HL[001;010Ho[001;011Ha[001;012Hd[001;013Hi[001;014Hn[001;015Hg[001;016H [001;017He[001;018Hx[001;019He[001;020Hc[001;021Hu[001;022Ht[001;023Ha[001;024Hb[001;025Hl[001;026He[001;027H [001;028H`[001;029Hb[001;030Ho[001;031Ho[001;032Ht[001;033H([001;034H)[001;035H:[001;036H/[001;037Hb[001;038Ho[001;039Ho[001;040Ht[001;041H/[001;042Hg[001;043Ha[001;044Hx[001;045He[001;046Hr[001;047Ha[001;048H.[001;049He[001;050Hl[001;051Hf[001;052H`[001;053H.[001;054H.[001;055H.[001;056H[001;001H[002;001Hl[002;002Hi[002;003Hm[002;004Hi[002;005Hn[002;006He[002;007H:[002;008H [002;009HL[002;010Ho[002;011Ha[002;012Hd[002;013Hi[002;014Hn[002;015Hg[002;016H [002;017Hm[002;018Ho[002;019Hd[002;020Hu[002;021Hl[002;022He[002;023H [002;024H`[002;025Hb[002;026Ho[002;027Ho[002;028Ht[002;029H([002;030H)[002;031H:[002;032H/[002;033Hb[002;034Ho[002;035Ho[002;036Ht[002;037H/[002;038Hi[002;039Hn[002;040Hi[002;041Ht[002;042H.[002;043He[002;044Hl[002;045Hf[002;046H`[002;047H.[002;048H.[002;049H.[002;050H[002;001H[003;001Hl[003;002Hi[003;003Hm[003;004Hi[003;005Hn[003;006He[003;007H:[003;008H [003;009HL[003;010Ho[003;011Ha[003;012Hd[003;013Hi[003;014Hn[003;015Hg[003;016H [003;017Hm[003;018Ho[003;019Hd[003;020Hu[003;021Hl[003;022He[003;023H [003;024H`[003;025Hb[003;026Ho[003;027Ho[003;028Ht[003;029H([003;030H)[003;031H:[003;032H/[003;033Hb[003;034Ho[003;035Ho[003;036Ht[003;037H/[003;038Hr[003;039Ha[003;040Hm[003;041Hf[003;042Hs[003;043H.[003;044He[003;045Hl[003;046Hf[003;047H`[003;048H.[003;049H.[003;050H.[003;051H[003;001H[004;001Hl[004;002Hi[004;003Hm[004;004Hi[004;005Hn[004;006He[004;007H:[004;008H [004;009HL[004;010Ho[004;011Ha[004;012Hd[004;013Hi[004;014Hn[004;015Hg[004;016H [004;017Hm[004;018Ho[004;019Hd[004;020Hu[004;021Hl[004;022He[004;023H [004;024H`[004;025Hb[004;026Ho[004;027Ho[004;028Ht[004;029H([004;030H)[004;031H:[004;032H/[004;033Hb[004;034Ho[004;035Ho[004;036Ht[004;037H/[004;038Hs[004;039Hc[004;040Hr[004;041Hi[004;042Hp[004;043Ht[004;044H_[004;045Hs[004;046He[004;047Hs[004;048Hs[004;049Hi[004;050Ho[004;051Hn[004;052H.[004;053He[004;054Hl[004;055Hf[004;056H`[004;057H.[004;058H.[004;059H.[004;060H[004;001H[005;001Hl[005;002Hi[005;003Hm[005;004Hi[005;005Hn[005;006He[005;007H:[005;008H [005;009HL[005;010Ho[005;011Ha[005;012Hd[005;013Hi[005;014Hn[005;015Hg[005;016H [005;017Hm[005;018Ho[005;019Hd[005;020Hu[005;021Hl[005;022He[005;023H [005;024H`[005;025Hb[005;026Ho[005;027Ho[005;028Ht[005;029H([005;030H)[005;031H:[005;032H/[005;033Hb[005;034Ho[005;035Ho[005;036Ht[005;037H/[005;038Hr[005;039Ha[005;040Hm[005;041Hf[005;042Hs[005;043H.[005;044Hi[005;045Hm[005;046Hg[005;047H`[005;048H.[005;049H.[005;050H.[005;051H[005;001H[006;001HGAXERA: BOOT_STACK_READY
GAXERA: DESCRIPTORS_AND_IDT_READY
GAXERA: BOOT_CONTEXT_READY kernel_phys=0x0000000019659000 kernel_virt=0xffffffff80000000 rsdp_phys=0x000000001fb7e014
GAXERA: MEMMAP_BEGIN count=34
GAXERA: MEMMAP_REGION index=0 start=0x0000000000000000 end=0x0000000000087000 len=0x0000000000087000 source_type=0 class=usable allocator=eligible reservation=none
GAXERA: MEMMAP_REGION index=1 start=0x0000000000087000 end=0x0000000000088000 len=0x0000000000001000 source_type=5 class=bootloader-reclaimable allocator=ineligible reservation=none
GAXERA: MEMMAP_REGION index=2 start=0x0000000000088000 end=0x00000000000a0000 len=0x0000000000018000 source_type=0 class=usable allocator=eligible reservation=none
GAXERA: MEMMAP_REGION index=3 start=0x0000000000100000 end=0x0000000000800000 len=0x0000000000700000 source_type=0 class=usable allocator=eligible reservation=none
GAXERA: MEMMAP_REGION index=4 start=0x0000000000800000 end=0x0000000000808000 len=0x0000000000008000 source_type=3 class=acpi-nvs allocator=ineligible reservation=none
GAXERA: MEMMAP_REGION index=5 start=0x0000000000808000 end=0x000000000080b000 len=0x0000000000003000 source_type=0 class=usable allocator=eligible reservation=none
GAXERA: MEMMAP_REGION index=6 start=0x000000000080b000 end=0x000000000080c000 len=0x0000000000001000 source_type=3 class=acpi-nvs allocator=ineligible reservation=none
GAXERA: MEMMAP_REGION index=7 start=0x000000000080c000 end=0x0000000000814000 len=0x0000000000008000 source_type=0 class=usable allocator=eligible reservation=none
GAXERA: MEMMAP_REGION index=8 start=0x0000000000814000 end=0x0000000000900000 len=0x00000000000ec000 source_type=3 class=acpi-nvs allocator=ineligible reservation=none
GAXERA: MEMMAP_REGION index=9 start=0x0000000000900000 end=0x0000000001780000 len=0x0000000000e80000 source_type=5 class=bootloader-reclaimable allocator=ineligible reservation=none
GAXERA: MEMMAP_REGION index=10 start=0x0000000001780000 end=0x0000000018cd3000 len=0x0000000017553000 source_type=0 class=usable allocator=eligible reservation=none
GAXERA: MEMMAP_REGION index=11 start=0x0000000018cd3000 end=0x0000000018ce0000 len=0x000000000000d000 source_type=5 class=bootloader-reclaimable allocator=ineligible reservation=none
GAXERA: MEMMAP_REGION index=12 start=0x0000000018ce0000 end=0x0000000018f8f000 len=0x00000000002af000 source_type=6 class=executable-and-modules allocator=ineligible reservation=none
GAXERA: MEMMAP_REGION index=13 start=0x0000000018f8f000 end=0x000000001923d000 len=0x00000000002ae000 source_type=6 class=executable-and-modules allocator=ineligible reservation=none
GAXERA: MEMMAP_REGION index=14 start=0x000000001923d000 end=0x0000000019659000 len=0x000000000041c000 source_type=6 class=executable-and-modules allocator=ineligible reservation=none
GAXERA: MEMMAP_REGION index=15 start=0x0000000019659000 end=0x00000000197e1000 len=0x0000000000188000 source_type=6 class=executable-and-modules allocator=ineligible reservation=none
GAXERA: MEMMAP_REGION index=16 start=0x00000000197e1000 end=0x000000001a66c000 len=0x0000000000e8b000 source_type=5 class=bootloader-reclaimable allocator=ineligible reservation=none
GAXERA: MEMMAP_REGION index=17 start=0x000000001a66c000 end=0x000000001bf6c000 len=0x0000000001900000 source_type=0 class=usable allocator=eligible reservation=none
GAXERA: MEMMAP_REGION index=18 start=0x000000001bf6c000 end=0x000000001bfaa000 len=0x000000000003e000 source_type=5 class=bootloader-reclaimable allocator=ineligible reservation=none
GAXERA: MEMMAP_REGION index=19 start=0x000000001bfaa000 end=0x000000001bfab000 len=0x0000000000001000 source_type=6 class=executable-and-modules allocator=ineligible reservation=none
GAXERA: MEMMAP_REGION index=20 start=0x000000001bfab000 end=0x000000001bfaf000 len=0x0000000000004000 source_type=5 class=bootloader-reclaimable allocator=ineligible reservation=none
GAXERA: MEMMAP_REGION index=21 start=0x000000001bfaf000 end=0x000000001e6a0000 len=0x00000000026f1000 source_type=0 class=usable allocator=eligible reservation=none
GAXERA: MEMMAP_REGION index=22 start=0x000000001e6a0000 end=0x000000001ed3f000 len=0x000000000069f000 source_type=5 class=bootloader-reclaimable allocator=ineligible reservation=none
GAXERA: MEMMAP_REGION index=23 start=0x000000001ed3f000 end=0x000000001ee00000 len=0x00000000000c1000 source_type=8 class=mapped-reserved allocator=ineligible reservation=none
GAXERA: MEMMAP_REGION index=24 start=0x000000001ee00000 end=0x000000001f8ed000 len=0x0000000000aed000 source_type=5 class=bootloader-reclaimable allocator=ineligible reservation=none
GAXERA: MEMMAP_REGION index=25 start=0x000000001f8ed000 end=0x000000001faed000 len=0x0000000000200000 source_type=8 class=mapped-reserved allocator=ineligible reservation=none
GAXERA: MEMMAP_REGION index=26 start=0x000000001faed000 end=0x000000001fb6d000 len=0x0000000000080000 source_type=1 class=reserved allocator=ineligible reservation=none
GAXERA: MEMMAP_REGION index=27 start=0x000000001fb6d000 end=0x000000001fb7f000 len=0x0000000000012000 source_type=2 class=acpi-reclaimable allocator=ineligible reservation=none
GAXERA: MEMMAP_REGION index=28 start=0x000000001fb7f000 end=0x000000001fbff000 len=0x0000000000080000 source_type=3 class=acpi-nvs allocator=ineligible reservation=none
GAXERA: MEMMAP_REGION index=29 start=0x000000001fbff000 end=0x000000001fef4000 len=0x00000000002f5000 source_type=5 class=bootloader-reclaimable allocator=ineligible reservation=none
GAXERA: MEMMAP_REGION index=30 start=0x000000001fef4000 end=0x000000001ff78000 len=0x0000000000084000 source_type=8 class=mapped-reserved allocator=ineligible reservation=none
GAXERA: MEMMAP_REGION index=31 start=0x000000001ff78000 end=0x0000000020000000 len=0x0000000000088000 source_type=3 class=acpi-nvs allocator=ineligible reservation=none
GAXERA: MEMMAP_REGION index=32 start=0x0000000080000000 end=0x00000000803e8000 len=0x00000000003e8000 source_type=7 class=framebuffer allocator=ineligible reservation=none
GAXERA: MEMMAP_REGION index=33 start=0x000000fd00000000 end=0x0000010000000000 len=0x0000000300000000 source_type=1 class=reserved allocator=ineligible reservation=none
GAXERA: MEMMAP_END
GAXERA: BOOTSTRAP_FRAME_ALLOCATOR_READY ranges=8
GAXERA: PAGING_HHDM_MAPPED
GAXERA: PAGING_TEXT_MAPPED
GAXERA: PAGING_FRAMEBUFFER_MAPPED
GAXERA: PAGE_TABLES_READY root=0x0000000000000000 reservations=3
GAXERA: CR3_GAXERA_OWNED
GAXERA: PHYSICAL_FRAME_ALLOCATOR_READY frames=113902 bitmap_words=1780
GAXERA: MEMORY_FOUNDATION_OK heap=0xfffffe8000001000 size=2097152 lower_guard=0xfffffe8000000000
GAXERA: KERNEL_ENTRY_OK
GAXERA: FRAMEBUFFER_OK (1280x800, pitch: 5120)
GAXERA: TEST_PATTERN_DRAWN
GAXERA: ACPI_MADT_READY local_apic_phys=0x00000000fee00000 override=false
GAXERA: ACPI_TEMPORARY_WINDOW_RELEASED
GAXERA: LOCAL_APIC_READY phys=0x00000000fee00000 vector=0xe0
GAXERA: IOAPIC_READY phys=0x00000000fec00000 gsi_base=0
GAXERA: PREEMPTION_TIMER_READY ticks_per_ms=62910
GAXERA: INIT_MODULE found at phys=0x000000001923d000 size=4307856
GAXERA: KERNEL_STACK top=0xfffffe1000011000
GAXERA: USER_STACK base=0x00007fffffff0000 top=0x0000800000000000 pages=16
GAXERA: ENTER_USER_MODE entry=0x0000000000204c30 rsp=0x00007ffffffffff0 manifest=0x00007ffffffdf000
GAXERA: IRQ_UNAUTHORIZED_REJECTED
Guest-confirmed QEMU test passed.

--- IRQ Driver Teardown Test ---
=== Building Gaxera Kernel ISO ===
     Removed 319 files, 130.3MiB total
Compiling kernel binary...
   Compiling kernel v0.1.0 (/home/nyx/gaxera/kernel)
    Finished `dev` profile [unoptimized + debuginfo] target(s) in 2.51s
Compiling guest binary (userspace-tests)...
   Compiling userspace-tests v0.1.0 (/home/nyx/gaxera/crates/userspace-tests)
    Finished `dev` profile [unoptimized + debuginfo] target(s) in 0.48s
Assembling ISO directory structure...
Compiling ramfs binary...
    Finished `dev` profile [unoptimized + debuginfo] target(s) in 0.03s
Compiling script_session binary...
    Finished `dev` profile [unoptimized + debuginfo] target(s) in 0.03s
Packaging GaxFS ramfs.img...
Packaging bootable ISO image via xorriso...
xorriso 1.5.6 : RockRidge filesystem manipulator, libburnia project.

Drive current: -outdev 'stdio:target/gaxera.iso'
Media current: stdio file, overwriteable
Media status : is blank
Media summary: 0 sessions, 0 data blocks, 0 data,  943g free
Added to ISO image: directory '/'='/home/nyx/gaxera/target/iso_root'
xorriso : UPDATE :      16 files added in 1 seconds
xorriso : UPDATE :      16 files added in 1 seconds
ISO image produced: 14514 sectors
Written to medium : 14514 sectors at LBA 0
Writing to 'stdio:target/gaxera.iso' completed successfully.

Installing bootloader record sector...
Physical block size of 512 bytes.
Installing to GPT. Logical block size of 512 bytes.
Secondary header at LBA 0xe2c7.
Secondary header valid.
Detected ISOHYBRID with a GUID partition table (GPT).
Converting to MBR for improved compatibility...
Conversion successful.
No active partition found, some systems may not boot.
Setting partition 1 as active to work around the issue...
Installing to MBR.
Stage 2 to be located at byte offset 0x200.
Reminder: Remember to copy the limine-bios.sys file in either
          the root, /boot, /limine, or /boot/limine directories of
          one of the partitions on the device, or boot will fail!
Limine BIOS stages installed successfully.
Gaxera packaging successfully compiled to target/gaxera.iso!
=== Launching QEMU Virtual Machine ===
OVMF UEFI firmware detected. Booting in UEFI mode.
Headless mode selected.
[2J[001;001H[=3h[2J[001;001H[2J[001;001H[8;056;240t[2J[001;001H[2J[001;001H[=3h[2J[001;001H[2J[001;001H[8;042;160t[2J[001;001HBdsDxe: loading Boot0002 "UEFI QEMU DVD-ROM QM00003 " from PciRoot(0x0)/Pci(0x1,0x1)/Ata(Secondary,Master,0x0)
BdsDxe: starting Boot0002 "UEFI QEMU DVD-ROM QM00003 " from PciRoot(0x0)/Pci(0x1,0x1)/Ata(Secondary,Master,0x0)
[001;001H[001;001H[001;001Hl[001;002Hi[001;003Hm[001;004Hi[001;005Hn[001;006He[001;007H:[001;008H [001;009HL[001;010Ho[001;011Ha[001;012Hd[001;013Hi[001;014Hn[001;015Hg[001;016H [001;017He[001;018Hx[001;019He[001;020Hc[001;021Hu[001;022Ht[001;023Ha[001;024Hb[001;025Hl[001;026He[001;027H [001;028H`[001;029Hb[001;030Ho[001;031Ho[001;032Ht[001;033H([001;034H)[001;035H:[001;036H/[001;037Hb[001;038Ho[001;039Ho[001;040Ht[001;041H/[001;042Hg[001;043Ha[001;044Hx[001;045He[001;046Hr[001;047Ha[001;048H.[001;049He[001;050Hl[001;051Hf[001;052H`[001;053H.[001;054H.[001;055H.[001;056H[001;001H[002;001Hl[002;002Hi[002;003Hm[002;004Hi[002;005Hn[002;006He[002;007H:[002;008H [002;009HL[002;010Ho[002;011Ha[002;012Hd[002;013Hi[002;014Hn[002;015Hg[002;016H [002;017Hm[002;018Ho[002;019Hd[002;020Hu[002;021Hl[002;022He[002;023H [002;024H`[002;025Hb[002;026Ho[002;027Ho[002;028Ht[002;029H([002;030H)[002;031H:[002;032H/[002;033Hb[002;034Ho[002;035Ho[002;036Ht[002;037H/[002;038Hi[002;039Hn[002;040Hi[002;041Ht[002;042H.[002;043He[002;044Hl[002;045Hf[002;046H`[002;047H.[002;048H.[002;049H.[002;050H[002;001H[003;001Hl[003;002Hi[003;003Hm[003;004Hi[003;005Hn[003;006He[003;007H:[003;008H [003;009HL[003;010Ho[003;011Ha[003;012Hd[003;013Hi[003;014Hn[003;015Hg[003;016H [003;017Hm[003;018Ho[003;019Hd[003;020Hu[003;021Hl[003;022He[003;023H [003;024H`[003;025Hb[003;026Ho[003;027Ho[003;028Ht[003;029H([003;030H)[003;031H:[003;032H/[003;033Hb[003;034Ho[003;035Ho[003;036Ht[003;037H/[003;038Hr[003;039Ha[003;040Hm[003;041Hf[003;042Hs[003;043H.[003;044He[003;045Hl[003;046Hf[003;047H`[003;048H.[003;049H.[003;050H.[003;051H[003;001H[004;001Hl[004;002Hi[004;003Hm[004;004Hi[004;005Hn[004;006He[004;007H:[004;008H [004;009HL[004;010Ho[004;011Ha[004;012Hd[004;013Hi[004;014Hn[004;015Hg[004;016H [004;017Hm[004;018Ho[004;019Hd[004;020Hu[004;021Hl[004;022He[004;023H [004;024H`[004;025Hb[004;026Ho[004;027Ho[004;028Ht[004;029H([004;030H)[004;031H:[004;032H/[004;033Hb[004;034Ho[004;035Ho[004;036Ht[004;037H/[004;038Hs[004;039Hc[004;040Hr[004;041Hi[004;042Hp[004;043Ht[004;044H_[004;045Hs[004;046He[004;047Hs[004;048Hs[004;049Hi[004;050Ho[004;051Hn[004;052H.[004;053He[004;054Hl[004;055Hf[004;056H`[004;057H.[004;058H.[004;059H.[004;060H[004;001H[005;001Hl[005;002Hi[005;003Hm[005;004Hi[005;005Hn[005;006He[005;007H:[005;008H [005;009HL[005;010Ho[005;011Ha[005;012Hd[005;013Hi[005;014Hn[005;015Hg[005;016H [005;017Hm[005;018Ho[005;019Hd[005;020Hu[005;021Hl[005;022He[005;023H [005;024H`[005;025Hb[005;026Ho[005;027Ho[005;028Ht[005;029H([005;030H)[005;031H:[005;032H/[005;033Hb[005;034Ho[005;035Ho[005;036Ht[005;037H/[005;038Hr[005;039Ha[005;040Hm[005;041Hf[005;042Hs[005;043H.[005;044Hi[005;045Hm[005;046Hg[005;047H`[005;048H.[005;049H.[005;050H.[005;051H[005;001H[006;001HGAXERA: BOOT_STACK_READY
GAXERA: DESCRIPTORS_AND_IDT_READY
GAXERA: BOOT_CONTEXT_READY kernel_phys=0x0000000019659000 kernel_virt=0xffffffff80000000 rsdp_phys=0x000000001fb7e014
GAXERA: MEMMAP_BEGIN count=34
GAXERA: MEMMAP_REGION index=0 start=0x0000000000000000 end=0x0000000000087000 len=0x0000000000087000 source_type=0 class=usable allocator=eligible reservation=none
GAXERA: MEMMAP_REGION index=1 start=0x0000000000087000 end=0x0000000000088000 len=0x0000000000001000 source_type=5 class=bootloader-reclaimable allocator=ineligible reservation=none
GAXERA: MEMMAP_REGION index=2 start=0x0000000000088000 end=0x00000000000a0000 len=0x0000000000018000 source_type=0 class=usable allocator=eligible reservation=none
GAXERA: MEMMAP_REGION index=3 start=0x0000000000100000 end=0x0000000000800000 len=0x0000000000700000 source_type=0 class=usable allocator=eligible reservation=none
GAXERA: MEMMAP_REGION index=4 start=0x0000000000800000 end=0x0000000000808000 len=0x0000000000008000 source_type=3 class=acpi-nvs allocator=ineligible reservation=none
GAXERA: MEMMAP_REGION index=5 start=0x0000000000808000 end=0x000000000080b000 len=0x0000000000003000 source_type=0 class=usable allocator=eligible reservation=none
GAXERA: MEMMAP_REGION index=6 start=0x000000000080b000 end=0x000000000080c000 len=0x0000000000001000 source_type=3 class=acpi-nvs allocator=ineligible reservation=none
GAXERA: MEMMAP_REGION index=7 start=0x000000000080c000 end=0x0000000000814000 len=0x0000000000008000 source_type=0 class=usable allocator=eligible reservation=none
GAXERA: MEMMAP_REGION index=8 start=0x0000000000814000 end=0x0000000000900000 len=0x00000000000ec000 source_type=3 class=acpi-nvs allocator=ineligible reservation=none
GAXERA: MEMMAP_REGION index=9 start=0x0000000000900000 end=0x0000000001780000 len=0x0000000000e80000 source_type=5 class=bootloader-reclaimable allocator=ineligible reservation=none
GAXERA: MEMMAP_REGION index=10 start=0x0000000001780000 end=0x0000000018cd3000 len=0x0000000017553000 source_type=0 class=usable allocator=eligible reservation=none
GAXERA: MEMMAP_REGION index=11 start=0x0000000018cd3000 end=0x0000000018ce0000 len=0x000000000000d000 source_type=5 class=bootloader-reclaimable allocator=ineligible reservation=none
GAXERA: MEMMAP_REGION index=12 start=0x0000000018ce0000 end=0x0000000018f8f000 len=0x00000000002af000 source_type=6 class=executable-and-modules allocator=ineligible reservation=none
GAXERA: MEMMAP_REGION index=13 start=0x0000000018f8f000 end=0x000000001923d000 len=0x00000000002ae000 source_type=6 class=executable-and-modules allocator=ineligible reservation=none
GAXERA: MEMMAP_REGION index=14 start=0x000000001923d000 end=0x0000000019659000 len=0x000000000041c000 source_type=6 class=executable-and-modules allocator=ineligible reservation=none
GAXERA: MEMMAP_REGION index=15 start=0x0000000019659000 end=0x00000000197e1000 len=0x0000000000188000 source_type=6 class=executable-and-modules allocator=ineligible reservation=none
GAXERA: MEMMAP_REGION index=16 start=0x00000000197e1000 end=0x000000001a66c000 len=0x0000000000e8b000 source_type=5 class=bootloader-reclaimable allocator=ineligible reservation=none
GAXERA: MEMMAP_REGION index=17 start=0x000000001a66c000 end=0x000000001bf6c000 len=0x0000000001900000 source_type=0 class=usable allocator=eligible reservation=none
GAXERA: MEMMAP_REGION index=18 start=0x000000001bf6c000 end=0x000000001bfaa000 len=0x000000000003e000 source_type=5 class=bootloader-reclaimable allocator=ineligible reservation=none
GAXERA: MEMMAP_REGION index=19 start=0x000000001bfaa000 end=0x000000001bfab000 len=0x0000000000001000 source_type=6 class=executable-and-modules allocator=ineligible reservation=none
GAXERA: MEMMAP_REGION index=20 start=0x000000001bfab000 end=0x000000001bfaf000 len=0x0000000000004000 source_type=5 class=bootloader-reclaimable allocator=ineligible reservation=none
GAXERA: MEMMAP_REGION index=21 start=0x000000001bfaf000 end=0x000000001e6a0000 len=0x00000000026f1000 source_type=0 class=usable allocator=eligible reservation=none
GAXERA: MEMMAP_REGION index=22 start=0x000000001e6a0000 end=0x000000001ed3f000 len=0x000000000069f000 source_type=5 class=bootloader-reclaimable allocator=ineligible reservation=none
GAXERA: MEMMAP_REGION index=23 start=0x000000001ed3f000 end=0x000000001ee00000 len=0x00000000000c1000 source_type=8 class=mapped-reserved allocator=ineligible reservation=none
GAXERA: MEMMAP_REGION index=24 start=0x000000001ee00000 end=0x000000001f8ed000 len=0x0000000000aed000 source_type=5 class=bootloader-reclaimable allocator=ineligible reservation=none
GAXERA: MEMMAP_REGION index=25 start=0x000000001f8ed000 end=0x000000001faed000 len=0x0000000000200000 source_type=8 class=mapped-reserved allocator=ineligible reservation=none
GAXERA: MEMMAP_REGION index=26 start=0x000000001faed000 end=0x000000001fb6d000 len=0x0000000000080000 source_type=1 class=reserved allocator=ineligible reservation=none
GAXERA: MEMMAP_REGION index=27 start=0x000000001fb6d000 end=0x000000001fb7f000 len=0x0000000000012000 source_type=2 class=acpi-reclaimable allocator=ineligible reservation=none
GAXERA: MEMMAP_REGION index=28 start=0x000000001fb7f000 end=0x000000001fbff000 len=0x0000000000080000 source_type=3 class=acpi-nvs allocator=ineligible reservation=none
GAXERA: MEMMAP_REGION index=29 start=0x000000001fbff000 end=0x000000001fef4000 len=0x00000000002f5000 source_type=5 class=bootloader-reclaimable allocator=ineligible reservation=none
GAXERA: MEMMAP_REGION index=30 start=0x000000001fef4000 end=0x000000001ff78000 len=0x0000000000084000 source_type=8 class=mapped-reserved allocator=ineligible reservation=none
GAXERA: MEMMAP_REGION index=31 start=0x000000001ff78000 end=0x0000000020000000 len=0x0000000000088000 source_type=3 class=acpi-nvs allocator=ineligible reservation=none
GAXERA: MEMMAP_REGION index=32 start=0x0000000080000000 end=0x00000000803e8000 len=0x00000000003e8000 source_type=7 class=framebuffer allocator=ineligible reservation=none
GAXERA: MEMMAP_REGION index=33 start=0x000000fd00000000 end=0x0000010000000000 len=0x0000000300000000 source_type=1 class=reserved allocator=ineligible reservation=none
GAXERA: MEMMAP_END
GAXERA: BOOTSTRAP_FRAME_ALLOCATOR_READY ranges=8
GAXERA: PAGING_HHDM_MAPPED
GAXERA: PAGING_TEXT_MAPPED
GAXERA: PAGING_FRAMEBUFFER_MAPPED
GAXERA: PAGE_TABLES_READY root=0x0000000000000000 reservations=3
GAXERA: CR3_GAXERA_OWNED
GAXERA: PHYSICAL_FRAME_ALLOCATOR_READY frames=113902 bitmap_words=1780
GAXERA: MEMORY_FOUNDATION_OK heap=0xfffffe8000001000 size=2097152 lower_guard=0xfffffe8000000000
GAXERA: KERNEL_ENTRY_OK
GAXERA: FRAMEBUFFER_OK (1280x800, pitch: 5120)
GAXERA: TEST_PATTERN_DRAWN
GAXERA: ACPI_MADT_READY local_apic_phys=0x00000000fee00000 override=false
GAXERA: ACPI_TEMPORARY_WINDOW_RELEASED
GAXERA: LOCAL_APIC_READY phys=0x00000000fee00000 vector=0xe0
GAXERA: IOAPIC_READY phys=0x00000000fec00000 gsi_base=0
GAXERA: PREEMPTION_TIMER_READY ticks_per_ms=63005
GAXERA: INIT_MODULE found at phys=0x000000001923d000 size=4308896
GAXERA: KERNEL_STACK top=0xfffffe1000011000
GAXERA: USER_STACK base=0x00007fffffff0000 top=0x0000800000000000 pages=16
GAXERA: ENTER_USER_MODE entry=0x0000000000204ca0 rsp=0x00007ffffffffff0 manifest=0x00007ffffffdf000
GAXERA: IRQ_DRIVER_TEARDOWN_SUCCESS
Guest-confirmed QEMU test passed.

--- IRQ Vector Reuse Test ---
=== Building Gaxera Kernel ISO ===
     Removed 319 files, 130.3MiB total
Compiling kernel binary...
   Compiling kernel v0.1.0 (/home/nyx/gaxera/kernel)
    Finished `dev` profile [unoptimized + debuginfo] target(s) in 2.51s
Compiling guest binary (userspace-tests)...
   Compiling userspace-tests v0.1.0 (/home/nyx/gaxera/crates/userspace-tests)
    Finished `dev` profile [unoptimized + debuginfo] target(s) in 0.42s
Assembling ISO directory structure...
Compiling ramfs binary...
    Finished `dev` profile [unoptimized + debuginfo] target(s) in 0.03s
Compiling script_session binary...
    Finished `dev` profile [unoptimized + debuginfo] target(s) in 0.03s
Packaging GaxFS ramfs.img...
Packaging bootable ISO image via xorriso...
xorriso 1.5.6 : RockRidge filesystem manipulator, libburnia project.

Drive current: -outdev 'stdio:target/gaxera.iso'
Media current: stdio file, overwriteable
Media status : is blank
Media summary: 0 sessions, 0 data blocks, 0 data,  943g free
Added to ISO image: directory '/'='/home/nyx/gaxera/target/iso_root'
xorriso : UPDATE :      16 files added in 1 seconds
xorriso : UPDATE :      16 files added in 1 seconds
ISO image produced: 14514 sectors
Written to medium : 14514 sectors at LBA 0
Writing to 'stdio:target/gaxera.iso' completed successfully.

Installing bootloader record sector...
Physical block size of 512 bytes.
Installing to GPT. Logical block size of 512 bytes.
Secondary header at LBA 0xe2c7.
Secondary header valid.
Detected ISOHYBRID with a GUID partition table (GPT).
Converting to MBR for improved compatibility...
Conversion successful.
No active partition found, some systems may not boot.
Setting partition 1 as active to work around the issue...
Installing to MBR.
Stage 2 to be located at byte offset 0x200.
Reminder: Remember to copy the limine-bios.sys file in either
          the root, /boot, /limine, or /boot/limine directories of
          one of the partitions on the device, or boot will fail!
Limine BIOS stages installed successfully.
Gaxera packaging successfully compiled to target/gaxera.iso!
=== Launching QEMU Virtual Machine ===
OVMF UEFI firmware detected. Booting in UEFI mode.
Headless mode selected.
[2J[001;001H[=3h[2J[001;001H[2J[001;001H[8;056;240t[2J[001;001H[2J[001;001H[=3h[2J[001;001H[2J[001;001H[8;042;160t[2J[001;001HBdsDxe: loading Boot0002 "UEFI QEMU DVD-ROM QM00003 " from PciRoot(0x0)/Pci(0x1,0x1)/Ata(Secondary,Master,0x0)
BdsDxe: starting Boot0002 "UEFI QEMU DVD-ROM QM00003 " from PciRoot(0x0)/Pci(0x1,0x1)/Ata(Secondary,Master,0x0)
[001;001H[001;001H[001;001Hl[001;002Hi[001;003Hm[001;004Hi[001;005Hn[001;006He[001;007H:[001;008H [001;009HL[001;010Ho[001;011Ha[001;012Hd[001;013Hi[001;014Hn[001;015Hg[001;016H [001;017He[001;018Hx[001;019He[001;020Hc[001;021Hu[001;022Ht[001;023Ha[001;024Hb[001;025Hl[001;026He[001;027H [001;028H`[001;029Hb[001;030Ho[001;031Ho[001;032Ht[001;033H([001;034H)[001;035H:[001;036H/[001;037Hb[001;038Ho[001;039Ho[001;040Ht[001;041H/[001;042Hg[001;043Ha[001;044Hx[001;045He[001;046Hr[001;047Ha[001;048H.[001;049He[001;050Hl[001;051Hf[001;052H`[001;053H.[001;054H.[001;055H.[001;056H[001;001H[002;001Hl[002;002Hi[002;003Hm[002;004Hi[002;005Hn[002;006He[002;007H:[002;008H [002;009HL[002;010Ho[002;011Ha[002;012Hd[002;013Hi[002;014Hn[002;015Hg[002;016H [002;017Hm[002;018Ho[002;019Hd[002;020Hu[002;021Hl[002;022He[002;023H [002;024H`[002;025Hb[002;026Ho[002;027Ho[002;028Ht[002;029H([002;030H)[002;031H:[002;032H/[002;033Hb[002;034Ho[002;035Ho[002;036Ht[002;037H/[002;038Hi[002;039Hn[002;040Hi[002;041Ht[002;042H.[002;043He[002;044Hl[002;045Hf[002;046H`[002;047H.[002;048H.[002;049H.[002;050H[002;001H[003;001Hl[003;002Hi[003;003Hm[003;004Hi[003;005Hn[003;006He[003;007H:[003;008H [003;009HL[003;010Ho[003;011Ha[003;012Hd[003;013Hi[003;014Hn[003;015Hg[003;016H [003;017Hm[003;018Ho[003;019Hd[003;020Hu[003;021Hl[003;022He[003;023H [003;024H`[003;025Hb[003;026Ho[003;027Ho[003;028Ht[003;029H([003;030H)[003;031H:[003;032H/[003;033Hb[003;034Ho[003;035Ho[003;036Ht[003;037H/[003;038Hr[003;039Ha[003;040Hm[003;041Hf[003;042Hs[003;043H.[003;044He[003;045Hl[003;046Hf[003;047H`[003;048H.[003;049H.[003;050H.[003;051H[003;001H[004;001Hl[004;002Hi[004;003Hm[004;004Hi[004;005Hn[004;006He[004;007H:[004;008H [004;009HL[004;010Ho[004;011Ha[004;012Hd[004;013Hi[004;014Hn[004;015Hg[004;016H [004;017Hm[004;018Ho[004;019Hd[004;020Hu[004;021Hl[004;022He[004;023H [004;024H`[004;025Hb[004;026Ho[004;027Ho[004;028Ht[004;029H([004;030H)[004;031H:[004;032H/[004;033Hb[004;034Ho[004;035Ho[004;036Ht[004;037H/[004;038Hs[004;039Hc[004;040Hr[004;041Hi[004;042Hp[004;043Ht[004;044H_[004;045Hs[004;046He[004;047Hs[004;048Hs[004;049Hi[004;050Ho[004;051Hn[004;052H.[004;053He[004;054Hl[004;055Hf[004;056H`[004;057H.[004;058H.[004;059H.[004;060H[004;001H[005;001Hl[005;002Hi[005;003Hm[005;004Hi[005;005Hn[005;006He[005;007H:[005;008H [005;009HL[005;010Ho[005;011Ha[005;012Hd[005;013Hi[005;014Hn[005;015Hg[005;016H [005;017Hm[005;018Ho[005;019Hd[005;020Hu[005;021Hl[005;022He[005;023H [005;024H`[005;025Hb[005;026Ho[005;027Ho[005;028Ht[005;029H([005;030H)[005;031H:[005;032H/[005;033Hb[005;034Ho[005;035Ho[005;036Ht[005;037H/[005;038Hr[005;039Ha[005;040Hm[005;041Hf[005;042Hs[005;043H.[005;044Hi[005;045Hm[005;046Hg[005;047H`[005;048H.[005;049H.[005;050H.[005;051H[005;001H[006;001HGAXERA: BOOT_STACK_READY
GAXERA: DESCRIPTORS_AND_IDT_READY
GAXERA: BOOT_CONTEXT_READY kernel_phys=0x0000000019659000 kernel_virt=0xffffffff80000000 rsdp_phys=0x000000001fb7e014
GAXERA: MEMMAP_BEGIN count=34
GAXERA: MEMMAP_REGION index=0 start=0x0000000000000000 end=0x0000000000087000 len=0x0000000000087000 source_type=0 class=usable allocator=eligible reservation=none
GAXERA: MEMMAP_REGION index=1 start=0x0000000000087000 end=0x0000000000088000 len=0x0000000000001000 source_type=5 class=bootloader-reclaimable allocator=ineligible reservation=none
GAXERA: MEMMAP_REGION index=2 start=0x0000000000088000 end=0x00000000000a0000 len=0x0000000000018000 source_type=0 class=usable allocator=eligible reservation=none
GAXERA: MEMMAP_REGION index=3 start=0x0000000000100000 end=0x0000000000800000 len=0x0000000000700000 source_type=0 class=usable allocator=eligible reservation=none
GAXERA: MEMMAP_REGION index=4 start=0x0000000000800000 end=0x0000000000808000 len=0x0000000000008000 source_type=3 class=acpi-nvs allocator=ineligible reservation=none
GAXERA: MEMMAP_REGION index=5 start=0x0000000000808000 end=0x000000000080b000 len=0x0000000000003000 source_type=0 class=usable allocator=eligible reservation=none
GAXERA: MEMMAP_REGION index=6 start=0x000000000080b000 end=0x000000000080c000 len=0x0000000000001000 source_type=3 class=acpi-nvs allocator=ineligible reservation=none
GAXERA: MEMMAP_REGION index=7 start=0x000000000080c000 end=0x0000000000814000 len=0x0000000000008000 source_type=0 class=usable allocator=eligible reservation=none
GAXERA: MEMMAP_REGION index=8 start=0x0000000000814000 end=0x0000000000900000 len=0x00000000000ec000 source_type=3 class=acpi-nvs allocator=ineligible reservation=none
GAXERA: MEMMAP_REGION index=9 start=0x0000000000900000 end=0x0000000001780000 len=0x0000000000e80000 source_type=5 class=bootloader-reclaimable allocator=ineligible reservation=none
GAXERA: MEMMAP_REGION index=10 start=0x0000000001780000 end=0x0000000018cd3000 len=0x0000000017553000 source_type=0 class=usable allocator=eligible reservation=none
GAXERA: MEMMAP_REGION index=11 start=0x0000000018cd3000 end=0x0000000018ce0000 len=0x000000000000d000 source_type=5 class=bootloader-reclaimable allocator=ineligible reservation=none
GAXERA: MEMMAP_REGION index=12 start=0x0000000018ce0000 end=0x0000000018f8f000 len=0x00000000002af000 source_type=6 class=executable-and-modules allocator=ineligible reservation=none
GAXERA: MEMMAP_REGION index=13 start=0x0000000018f8f000 end=0x000000001923d000 len=0x00000000002ae000 source_type=6 class=executable-and-modules allocator=ineligible reservation=none
GAXERA: MEMMAP_REGION index=14 start=0x000000001923d000 end=0x0000000019659000 len=0x000000000041c000 source_type=6 class=executable-and-modules allocator=ineligible reservation=none
GAXERA: MEMMAP_REGION index=15 start=0x0000000019659000 end=0x00000000197e1000 len=0x0000000000188000 source_type=6 class=executable-and-modules allocator=ineligible reservation=none
GAXERA: MEMMAP_REGION index=16 start=0x00000000197e1000 end=0x000000001a66c000 len=0x0000000000e8b000 source_type=5 class=bootloader-reclaimable allocator=ineligible reservation=none
GAXERA: MEMMAP_REGION index=17 start=0x000000001a66c000 end=0x000000001bf6c000 len=0x0000000001900000 source_type=0 class=usable allocator=eligible reservation=none
GAXERA: MEMMAP_REGION index=18 start=0x000000001bf6c000 end=0x000000001bfaa000 len=0x000000000003e000 source_type=5 class=bootloader-reclaimable allocator=ineligible reservation=none
GAXERA: MEMMAP_REGION index=19 start=0x000000001bfaa000 end=0x000000001bfab000 len=0x0000000000001000 source_type=6 class=executable-and-modules allocator=ineligible reservation=none
GAXERA: MEMMAP_REGION index=20 start=0x000000001bfab000 end=0x000000001bfaf000 len=0x0000000000004000 source_type=5 class=bootloader-reclaimable allocator=ineligible reservation=none
GAXERA: MEMMAP_REGION index=21 start=0x000000001bfaf000 end=0x000000001e6a0000 len=0x00000000026f1000 source_type=0 class=usable allocator=eligible reservation=none
GAXERA: MEMMAP_REGION index=22 start=0x000000001e6a0000 end=0x000000001ed3f000 len=0x000000000069f000 source_type=5 class=bootloader-reclaimable allocator=ineligible reservation=none
GAXERA: MEMMAP_REGION index=23 start=0x000000001ed3f000 end=0x000000001ee00000 len=0x00000000000c1000 source_type=8 class=mapped-reserved allocator=ineligible reservation=none
GAXERA: MEMMAP_REGION index=24 start=0x000000001ee00000 end=0x000000001f8ed000 len=0x0000000000aed000 source_type=5 class=bootloader-reclaimable allocator=ineligible reservation=none
GAXERA: MEMMAP_REGION index=25 start=0x000000001f8ed000 end=0x000000001faed000 len=0x0000000000200000 source_type=8 class=mapped-reserved allocator=ineligible reservation=none
GAXERA: MEMMAP_REGION index=26 start=0x000000001faed000 end=0x000000001fb6d000 len=0x0000000000080000 source_type=1 class=reserved allocator=ineligible reservation=none
GAXERA: MEMMAP_REGION index=27 start=0x000000001fb6d000 end=0x000000001fb7f000 len=0x0000000000012000 source_type=2 class=acpi-reclaimable allocator=ineligible reservation=none
GAXERA: MEMMAP_REGION index=28 start=0x000000001fb7f000 end=0x000000001fbff000 len=0x0000000000080000 source_type=3 class=acpi-nvs allocator=ineligible reservation=none
GAXERA: MEMMAP_REGION index=29 start=0x000000001fbff000 end=0x000000001fef4000 len=0x00000000002f5000 source_type=5 class=bootloader-reclaimable allocator=ineligible reservation=none
GAXERA: MEMMAP_REGION index=30 start=0x000000001fef4000 end=0x000000001ff78000 len=0x0000000000084000 source_type=8 class=mapped-reserved allocator=ineligible reservation=none
GAXERA: MEMMAP_REGION index=31 start=0x000000001ff78000 end=0x0000000020000000 len=0x0000000000088000 source_type=3 class=acpi-nvs allocator=ineligible reservation=none
GAXERA: MEMMAP_REGION index=32 start=0x0000000080000000 end=0x00000000803e8000 len=0x00000000003e8000 source_type=7 class=framebuffer allocator=ineligible reservation=none
GAXERA: MEMMAP_REGION index=33 start=0x000000fd00000000 end=0x0000010000000000 len=0x0000000300000000 source_type=1 class=reserved allocator=ineligible reservation=none
GAXERA: MEMMAP_END
GAXERA: BOOTSTRAP_FRAME_ALLOCATOR_READY ranges=8
GAXERA: PAGING_HHDM_MAPPED
GAXERA: PAGING_TEXT_MAPPED
GAXERA: PAGING_FRAMEBUFFER_MAPPED
GAXERA: PAGE_TABLES_READY root=0x0000000000000000 reservations=3
GAXERA: CR3_GAXERA_OWNED
GAXERA: PHYSICAL_FRAME_ALLOCATOR_READY frames=113902 bitmap_words=1780
GAXERA: MEMORY_FOUNDATION_OK heap=0xfffffe8000001000 size=2097152 lower_guard=0xfffffe8000000000
GAXERA: KERNEL_ENTRY_OK
GAXERA: FRAMEBUFFER_OK (1280x800, pitch: 5120)
GAXERA: TEST_PATTERN_DRAWN
GAXERA: ACPI_MADT_READY local_apic_phys=0x00000000fee00000 override=false
GAXERA: ACPI_TEMPORARY_WINDOW_RELEASED
GAXERA: LOCAL_APIC_READY phys=0x00000000fee00000 vector=0xe0
GAXERA: IOAPIC_READY phys=0x00000000fec00000 gsi_base=0
GAXERA: PREEMPTION_TIMER_READY ticks_per_ms=63021
GAXERA: INIT_MODULE found at phys=0x000000001923d000 size=4308440
GAXERA: KERNEL_STACK top=0xfffffe1000011000
GAXERA: USER_STACK base=0x00007fffffff0000 top=0x0000800000000000 pages=16
GAXERA: ENTER_USER_MODE entry=0x0000000000204ce0 rsp=0x00007ffffffffff0 manifest=0x00007ffffffdf000
GAXERA: IRQ_VECTOR_REUSE_SUCCESS
Guest-confirmed QEMU test passed.

--- Driver Crash Restart Test ---
=== Building Gaxera Kernel ISO ===
     Removed 319 files, 130.3MiB total
Compiling kernel binary...
   Compiling kernel v0.1.0 (/home/nyx/gaxera/kernel)
    Finished `dev` profile [unoptimized + debuginfo] target(s) in 2.61s
Compiling guest binary (userspace-tests)...
   Compiling userspace-tests v0.1.0 (/home/nyx/gaxera/crates/userspace-tests)
    Finished `dev` profile [unoptimized + debuginfo] target(s) in 0.15s
Assembling ISO directory structure...
Compiling ramfs binary...
    Finished `dev` profile [unoptimized + debuginfo] target(s) in 0.03s
Compiling script_session binary...
    Finished `dev` profile [unoptimized + debuginfo] target(s) in 0.03s
Packaging GaxFS ramfs.img...
Packaging bootable ISO image via xorriso...
xorriso 1.5.6 : RockRidge filesystem manipulator, libburnia project.

Drive current: -outdev 'stdio:target/gaxera.iso'
Media current: stdio file, overwriteable
Media status : is blank
Media summary: 0 sessions, 0 data blocks, 0 data,  943g free
Added to ISO image: directory '/'='/home/nyx/gaxera/target/iso_root'
xorriso : UPDATE :      16 files added in 1 seconds
xorriso : UPDATE :      16 files added in 1 seconds
ISO image produced: 14759 sectors
Written to medium : 14759 sectors at LBA 0
Writing to 'stdio:target/gaxera.iso' completed successfully.

Installing bootloader record sector...
Physical block size of 512 bytes.
Installing to GPT. Logical block size of 512 bytes.
Secondary header at LBA 0xe69b.
Secondary header valid.
Detected ISOHYBRID with a GUID partition table (GPT).
Converting to MBR for improved compatibility...
Conversion successful.
No active partition found, some systems may not boot.
Setting partition 1 as active to work around the issue...
Installing to MBR.
Stage 2 to be located at byte offset 0x200.
Reminder: Remember to copy the limine-bios.sys file in either
          the root, /boot, /limine, or /boot/limine directories of
          one of the partitions on the device, or boot will fail!
Limine BIOS stages installed successfully.
Gaxera packaging successfully compiled to target/gaxera.iso!
=== Launching QEMU Virtual Machine ===
OVMF UEFI firmware detected. Booting in UEFI mode.
Headless mode selected.
[2J[001;001H[=3h[2J[001;001H[2J[001;001H[8;042;160t[2J[001;001H[2J[001;001H[8;056;240t[2J[001;001HBdsDxe: loading Boot0002 "UEFI QEMU DVD-ROM QM00005 " from PciRoot(0x0)/Pci(0x1F,0x2)/Sata(0x2,0xFFFF,0x0)
BdsDxe: starting Boot0002 "UEFI QEMU DVD-ROM QM00005 " from PciRoot(0x0)/Pci(0x1F,0x2)/Sata(0x2,0xFFFF,0x0)
[001;001H[001;001H[001;001Hl[001;002Hi[001;003Hm[001;004Hi[001;005Hn[001;006He[001;007H:[001;008H [001;009HL[001;010Ho[001;011Ha[001;012Hd[001;013Hi[001;014Hn[001;015Hg[001;016H [001;017He[001;018Hx[001;019He[001;020Hc[001;021Hu[001;022Ht[001;023Ha[001;024Hb[001;025Hl[001;026He[001;027H [001;028H`[001;029Hb[001;030Ho[001;031Ho[001;032Ht[001;033H([001;034H)[001;035H:[001;036H/[001;037Hb[001;038Ho[001;039Ho[001;040Ht[001;041H/[001;042Hg[001;043Ha[001;044Hx[001;045He[001;046Hr[001;047Ha[001;048H.[001;049He[001;050Hl[001;051Hf[001;052H`[001;053H.[001;054H.[001;055H.[001;056H[001;001H[002;001Hl[002;002Hi[002;003Hm[002;004Hi[002;005Hn[002;006He[002;007H:[002;008H [002;009HL[002;010Ho[002;011Ha[002;012Hd[002;013Hi[002;014Hn[002;015Hg[002;016H [002;017Hm[002;018Ho[002;019Hd[002;020Hu[002;021Hl[002;022He[002;023H [002;024H`[002;025Hb[002;026Ho[002;027Ho[002;028Ht[002;029H([002;030H)[002;031H:[002;032H/[002;033Hb[002;034Ho[002;035Ho[002;036Ht[002;037H/[002;038Hi[002;039Hn[002;040Hi[002;041Ht[002;042H.[002;043He[002;044Hl[002;045Hf[002;046H`[002;047H.[002;048H.[002;049H.[002;050H[002;001H[003;001Hl[003;002Hi[003;003Hm[003;004Hi[003;005Hn[003;006He[003;007H:[003;008H [003;009HL[003;010Ho[003;011Ha[003;012Hd[003;013Hi[003;014Hn[003;015Hg[003;016H [003;017Hm[003;018Ho[003;019Hd[003;020Hu[003;021Hl[003;022He[003;023H [003;024H`[003;025Hb[003;026Ho[003;027Ho[003;028Ht[003;029H([003;030H)[003;031H:[003;032H/[003;033Hb[003;034Ho[003;035Ho[003;036Ht[003;037H/[003;038Hr[003;039Ha[003;040Hm[003;041Hf[003;042Hs[003;043H.[003;044He[003;045Hl[003;046Hf[003;047H`[003;048H.[003;049H.[003;050H.[003;051H[003;001H[004;001Hl[004;002Hi[004;003Hm[004;004Hi[004;005Hn[004;006He[004;007H:[004;008H [004;009HL[004;010Ho[004;011Ha[004;012Hd[004;013Hi[004;014Hn[004;015Hg[004;016H [004;017Hm[004;018Ho[004;019Hd[004;020Hu[004;021Hl[004;022He[004;023H [004;024H`[004;025Hb[004;026Ho[004;027Ho[004;028Ht[004;029H([004;030H)[004;031H:[004;032H/[004;033Hb[004;034Ho[004;035Ho[004;036Ht[004;037H/[004;038Hs[004;039Hc[004;040Hr[004;041Hi[004;042Hp[004;043Ht[004;044H_[004;045Hs[004;046He[004;047Hs[004;048Hs[004;049Hi[004;050Ho[004;051Hn[004;052H.[004;053He[004;054Hl[004;055Hf[004;056H`[004;057H.[004;058H.[004;059H.[004;060H[004;001H[005;001Hl[005;002Hi[005;003Hm[005;004Hi[005;005Hn[005;006He[005;007H:[005;008H [005;009HL[005;010Ho[005;011Ha[005;012Hd[005;013Hi[005;014Hn[005;015Hg[005;016H [005;017Hm[005;018Ho[005;019Hd[005;020Hu[005;021Hl[005;022He[005;023H [005;024H`[005;025Hb[005;026Ho[005;027Ho[005;028Ht[005;029H([005;030H)[005;031H:[005;032H/[005;033Hb[005;034Ho[005;035Ho[005;036Ht[005;037H/[005;038Hr[005;039Ha[005;040Hm[005;041Hf[005;042Hs[005;043H.[005;044Hi[005;045Hm[005;046Hg[005;047H`[005;048H.[005;049H.[005;050H.[005;051H[005;001H[006;001HGAXERA: BOOT_STACK_READY
GAXERA: DESCRIPTORS_AND_IDT_READY
GAXERA: BOOT_CONTEXT_READY kernel_phys=0x000000001952c000 kernel_virt=0xffffffff80000000 rsdp_phys=0x000000001fb7e014
GAXERA: MEMMAP_BEGIN count=35
GAXERA: MEMMAP_REGION index=0 start=0x0000000000000000 end=0x0000000000087000 len=0x0000000000087000 source_type=0 class=usable allocator=eligible reservation=none
GAXERA: MEMMAP_REGION index=1 start=0x0000000000087000 end=0x0000000000088000 len=0x0000000000001000 source_type=5 class=bootloader-reclaimable allocator=ineligible reservation=none
GAXERA: MEMMAP_REGION index=2 start=0x0000000000088000 end=0x00000000000a0000 len=0x0000000000018000 source_type=0 class=usable allocator=eligible reservation=none
GAXERA: MEMMAP_REGION index=3 start=0x0000000000100000 end=0x0000000000800000 len=0x0000000000700000 source_type=0 class=usable allocator=eligible reservation=none
GAXERA: MEMMAP_REGION index=4 start=0x0000000000800000 end=0x0000000000808000 len=0x0000000000008000 source_type=3 class=acpi-nvs allocator=ineligible reservation=none
GAXERA: MEMMAP_REGION index=5 start=0x0000000000808000 end=0x000000000080b000 len=0x0000000000003000 source_type=0 class=usable allocator=eligible reservation=none
GAXERA: MEMMAP_REGION index=6 start=0x000000000080b000 end=0x000000000080c000 len=0x0000000000001000 source_type=3 class=acpi-nvs allocator=ineligible reservation=none
GAXERA: MEMMAP_REGION index=7 start=0x000000000080c000 end=0x0000000000814000 len=0x0000000000008000 source_type=0 class=usable allocator=eligible reservation=none
GAXERA: MEMMAP_REGION index=8 start=0x0000000000814000 end=0x0000000000900000 len=0x00000000000ec000 source_type=3 class=acpi-nvs allocator=ineligible reservation=none
GAXERA: MEMMAP_REGION index=9 start=0x0000000000900000 end=0x0000000001780000 len=0x0000000000e80000 source_type=5 class=bootloader-reclaimable allocator=ineligible reservation=none
GAXERA: MEMMAP_REGION index=10 start=0x0000000001780000 end=0x0000000018b48000 len=0x00000000173c8000 source_type=0 class=usable allocator=eligible reservation=none
GAXERA: MEMMAP_REGION index=11 start=0x0000000018b48000 end=0x0000000018b5c000 len=0x0000000000014000 source_type=5 class=bootloader-reclaimable allocator=ineligible reservation=none
GAXERA: MEMMAP_REGION index=12 start=0x0000000018b5c000 end=0x0000000018e0b000 len=0x00000000002af000 source_type=6 class=executable-and-modules allocator=ineligible reservation=none
GAXERA: MEMMAP_REGION index=13 start=0x0000000018e0b000 end=0x00000000190b9000 len=0x00000000002ae000 source_type=6 class=executable-and-modules allocator=ineligible reservation=none
GAXERA: MEMMAP_REGION index=14 start=0x00000000190b9000 end=0x000000001952c000 len=0x0000000000473000 source_type=6 class=executable-and-modules allocator=ineligible reservation=none
GAXERA: MEMMAP_REGION index=15 start=0x000000001952c000 end=0x00000000196bd000 len=0x0000000000191000 source_type=6 class=executable-and-modules allocator=ineligible reservation=none
GAXERA: MEMMAP_REGION index=16 start=0x00000000196bd000 end=0x000000001a56c000 len=0x0000000000eaf000 source_type=5 class=bootloader-reclaimable allocator=ineligible reservation=none
GAXERA: MEMMAP_REGION index=17 start=0x000000001a56c000 end=0x000000001bf6c000 len=0x0000000001a00000 source_type=0 class=usable allocator=eligible reservation=none
GAXERA: MEMMAP_REGION index=18 start=0x000000001bf6c000 end=0x000000001bfa3000 len=0x0000000000037000 source_type=5 class=bootloader-reclaimable allocator=ineligible reservation=none
GAXERA: MEMMAP_REGION index=19 start=0x000000001bfa3000 end=0x000000001bfa4000 len=0x0000000000001000 source_type=6 class=executable-and-modules allocator=ineligible reservation=none
GAXERA: MEMMAP_REGION index=20 start=0x000000001bfa4000 end=0x000000001bfad000 len=0x0000000000009000 source_type=5 class=bootloader-reclaimable allocator=ineligible reservation=none
GAXERA: MEMMAP_REGION index=21 start=0x000000001bfad000 end=0x000000001e59e000 len=0x00000000025f1000 source_type=0 class=usable allocator=eligible reservation=none
GAXERA: MEMMAP_REGION index=22 start=0x000000001e59e000 end=0x000000001ed3f000 len=0x00000000007a1000 source_type=5 class=bootloader-reclaimable allocator=ineligible reservation=none
GAXERA: MEMMAP_REGION index=23 start=0x000000001ed3f000 end=0x000000001ee00000 len=0x00000000000c1000 source_type=8 class=mapped-reserved allocator=ineligible reservation=none
GAXERA: MEMMAP_REGION index=24 start=0x000000001ee00000 end=0x000000001f8ed000 len=0x0000000000aed000 source_type=5 class=bootloader-reclaimable allocator=ineligible reservation=none
GAXERA: MEMMAP_REGION index=25 start=0x000000001f8ed000 end=0x000000001faed000 len=0x0000000000200000 source_type=8 class=mapped-reserved allocator=ineligible reservation=none
GAXERA: MEMMAP_REGION index=26 start=0x000000001faed000 end=0x000000001fb6d000 len=0x0000000000080000 source_type=1 class=reserved allocator=ineligible reservation=none
GAXERA: MEMMAP_REGION index=27 start=0x000000001fb6d000 end=0x000000001fb7f000 len=0x0000000000012000 source_type=2 class=acpi-reclaimable allocator=ineligible reservation=none
GAXERA: MEMMAP_REGION index=28 start=0x000000001fb7f000 end=0x000000001fbff000 len=0x0000000000080000 source_type=3 class=acpi-nvs allocator=ineligible reservation=none
GAXERA: MEMMAP_REGION index=29 start=0x000000001fbff000 end=0x000000001fef4000 len=0x00000000002f5000 source_type=5 class=bootloader-reclaimable allocator=ineligible reservation=none
GAXERA: MEMMAP_REGION index=30 start=0x000000001fef4000 end=0x000000001ff78000 len=0x0000000000084000 source_type=8 class=mapped-reserved allocator=ineligible reservation=none
GAXERA: MEMMAP_REGION index=31 start=0x000000001ff78000 end=0x0000000020000000 len=0x0000000000088000 source_type=3 class=acpi-nvs allocator=ineligible reservation=none
GAXERA: MEMMAP_REGION index=32 start=0x0000000080000000 end=0x00000000803e8000 len=0x00000000003e8000 source_type=7 class=framebuffer allocator=ineligible reservation=none
GAXERA: MEMMAP_REGION index=33 start=0x00000000e0000000 end=0x00000000f0000000 len=0x0000000010000000 source_type=1 class=reserved allocator=ineligible reservation=none
GAXERA: MEMMAP_REGION index=34 start=0x000000fd00000000 end=0x0000010000000000 len=0x0000000300000000 source_type=1 class=reserved allocator=ineligible reservation=none
GAXERA: MEMMAP_END
GAXERA: BOOTSTRAP_FRAME_ALLOCATOR_READY ranges=8
GAXERA: PAGING_HHDM_MAPPED
GAXERA: PAGING_TEXT_MAPPED
GAXERA: PAGING_FRAMEBUFFER_MAPPED
GAXERA: PAGE_TABLES_READY root=0x0000000000000000 reservations=3
GAXERA: CR3_GAXERA_OWNED
GAXERA: PHYSICAL_FRAME_ALLOCATOR_READY frames=113507 bitmap_words=1774
GAXERA: MEMORY_FOUNDATION_OK heap=0xfffffe8000001000 size=2097152 lower_guard=0xfffffe8000000000
GAXERA: KERNEL_ENTRY_OK
GAXERA: FRAMEBUFFER_OK (1280x800, pitch: 5120)
GAXERA: TEST_PATTERN_DRAWN
GAXERA: ACPI_MADT_READY local_apic_phys=0x00000000fee00000 override=false
GAXERA: ACPI_TEMPORARY_WINDOW_RELEASED
GAXERA: LOCAL_APIC_READY phys=0x00000000fee00000 vector=0xe0
GAXERA: IOAPIC_READY phys=0x00000000fec00000 gsi_base=0
GAXERA: VIRTIO_RNG_PCI_FOUND 0000:00:02.0 irq=11 common=0xc000000000 notify=0xc000000000 isr=0xc000000000 multiplier=4
GAXERA: PREEMPTION_TIMER_READY ticks_per_ms=62896
GAXERA: INIT_MODULE found at phys=0x00000000190b9000 size=4664136
GAXERA: KERNEL_STACK top=0xfffffe1000011000
GAXERA: USER_STACK base=0x00007fffffff0000 top=0x0000800000000000 pages=16
GAXERA: ENTER_USER_MODE entry=0x000000000020c3a0 rsp=0x00007ffffffffff0 manifest=0x00007ffffffdf000
GAXERA: DRIVER_SUPERVISOR_READY
GAXERA: DRIVER_IMAGE_BUILT
GAXERA: DRIVER_FIRST_STARTED
GAXERA: DRIVER_FIRST_REAPABLE
GAXERA: DRIVER_IMAGE_BUILT
GAXERA: DRIVER_SECOND_STARTED
GAXERA: DRIVER_CRASH_RESTART_SUCCESS
Success marker detected! Terminating emulation session.

--- VirtIO RNG IRQ Driver Test ---
=== Building Gaxera Kernel ISO ===
     Removed 325 files, 131.3MiB total
Compiling kernel binary...
   Compiling kernel v0.1.0 (/home/nyx/gaxera/kernel)
    Finished `dev` profile [unoptimized + debuginfo] target(s) in 2.60s
Compiling guest binary (userspace-tests)...
   Compiling userspace-tests v0.1.0 (/home/nyx/gaxera/crates/userspace-tests)
    Finished `dev` profile [unoptimized + debuginfo] target(s) in 0.19s
Assembling ISO directory structure...
Compiling ramfs binary...
    Finished `dev` profile [unoptimized + debuginfo] target(s) in 0.03s
Compiling script_session binary...
    Finished `dev` profile [unoptimized + debuginfo] target(s) in 0.03s
Packaging GaxFS ramfs.img...
Packaging bootable ISO image via xorriso...
xorriso 1.5.6 : RockRidge filesystem manipulator, libburnia project.

Drive current: -outdev 'stdio:target/gaxera.iso'
Media current: stdio file, overwriteable
Media status : is blank
Media summary: 0 sessions, 0 data blocks, 0 data,  943g free
Added to ISO image: directory '/'='/home/nyx/gaxera/target/iso_root'
xorriso : UPDATE :      16 files added in 1 seconds
xorriso : UPDATE :      16 files added in 1 seconds
ISO image produced: 14600 sectors
Written to medium : 14600 sectors at LBA 0
Writing to 'stdio:target/gaxera.iso' completed successfully.

Installing bootloader record sector...
Physical block size of 512 bytes.
Installing to GPT. Logical block size of 512 bytes.
Secondary header at LBA 0xe41f.
Secondary header valid.
Detected ISOHYBRID with a GUID partition table (GPT).
Converting to MBR for improved compatibility...
Conversion successful.
No active partition found, some systems may not boot.
Setting partition 1 as active to work around the issue...
Installing to MBR.
Stage 2 to be located at byte offset 0x200.
Reminder: Remember to copy the limine-bios.sys file in either
          the root, /boot, /limine, or /boot/limine directories of
          one of the partitions on the device, or boot will fail!
Limine BIOS stages installed successfully.
Gaxera packaging successfully compiled to target/gaxera.iso!
=== Launching QEMU Virtual Machine ===
OVMF UEFI firmware detected. Booting in UEFI mode.
Headless mode selected.
[2J[001;001H[=3h[2J[001;001H[2J[001;001H[8;042;160t[2J[001;001H[2J[001;001H[8;056;240t[2J[001;001HBdsDxe: loading Boot0002 "UEFI QEMU DVD-ROM QM00005 " from PciRoot(0x0)/Pci(0x1F,0x2)/Sata(0x2,0xFFFF,0x0)
BdsDxe: starting Boot0002 "UEFI QEMU DVD-ROM QM00005 " from PciRoot(0x0)/Pci(0x1F,0x2)/Sata(0x2,0xFFFF,0x0)
[001;001H[001;001H[001;001Hl[001;002Hi[001;003Hm[001;004Hi[001;005Hn[001;006He[001;007H:[001;008H [001;009HL[001;010Ho[001;011Ha[001;012Hd[001;013Hi[001;014Hn[001;015Hg[001;016H [001;017He[001;018Hx[001;019He[001;020Hc[001;021Hu[001;022Ht[001;023Ha[001;024Hb[001;025Hl[001;026He[001;027H [001;028H`[001;029Hb[001;030Ho[001;031Ho[001;032Ht[001;033H([001;034H)[001;035H:[001;036H/[001;037Hb[001;038Ho[001;039Ho[001;040Ht[001;041H/[001;042Hg[001;043Ha[001;044Hx[001;045He[001;046Hr[001;047Ha[001;048H.[001;049He[001;050Hl[001;051Hf[001;052H`[001;053H.[001;054H.[001;055H.[001;056H[001;001H[002;001Hl[002;002Hi[002;003Hm[002;004Hi[002;005Hn[002;006He[002;007H:[002;008H [002;009HL[002;010Ho[002;011Ha[002;012Hd[002;013Hi[002;014Hn[002;015Hg[002;016H [002;017Hm[002;018Ho[002;019Hd[002;020Hu[002;021Hl[002;022He[002;023H [002;024H`[002;025Hb[002;026Ho[002;027Ho[002;028Ht[002;029H([002;030H)[002;031H:[002;032H/[002;033Hb[002;034Ho[002;035Ho[002;036Ht[002;037H/[002;038Hi[002;039Hn[002;040Hi[002;041Ht[002;042H.[002;043He[002;044Hl[002;045Hf[002;046H`[002;047H.[002;048H.[002;049H.[002;050H[002;001H[003;001Hl[003;002Hi[003;003Hm[003;004Hi[003;005Hn[003;006He[003;007H:[003;008H [003;009HL[003;010Ho[003;011Ha[003;012Hd[003;013Hi[003;014Hn[003;015Hg[003;016H [003;017Hm[003;018Ho[003;019Hd[003;020Hu[003;021Hl[003;022He[003;023H [003;024H`[003;025Hb[003;026Ho[003;027Ho[003;028Ht[003;029H([003;030H)[003;031H:[003;032H/[003;033Hb[003;034Ho[003;035Ho[003;036Ht[003;037H/[003;038Hr[003;039Ha[003;040Hm[003;041Hf[003;042Hs[003;043H.[003;044He[003;045Hl[003;046Hf[003;047H`[003;048H.[003;049H.[003;050H.[003;051H[003;001H[004;001Hl[004;002Hi[004;003Hm[004;004Hi[004;005Hn[004;006He[004;007H:[004;008H [004;009HL[004;010Ho[004;011Ha[004;012Hd[004;013Hi[004;014Hn[004;015Hg[004;016H [004;017Hm[004;018Ho[004;019Hd[004;020Hu[004;021Hl[004;022He[004;023H [004;024H`[004;025Hb[004;026Ho[004;027Ho[004;028Ht[004;029H([004;030H)[004;031H:[004;032H/[004;033Hb[004;034Ho[004;035Ho[004;036Ht[004;037H/[004;038Hs[004;039Hc[004;040Hr[004;041Hi[004;042Hp[004;043Ht[004;044H_[004;045Hs[004;046He[004;047Hs[004;048Hs[004;049Hi[004;050Ho[004;051Hn[004;052H.[004;053He[004;054Hl[004;055Hf[004;056H`[004;057H.[004;058H.[004;059H.[004;060H[004;001H[005;001Hl[005;002Hi[005;003Hm[005;004Hi[005;005Hn[005;006He[005;007H:[005;008H [005;009HL[005;010Ho[005;011Ha[005;012Hd[005;013Hi[005;014Hn[005;015Hg[005;016H [005;017Hm[005;018Ho[005;019Hd[005;020Hu[005;021Hl[005;022He[005;023H [005;024H`[005;025Hb[005;026Ho[005;027Ho[005;028Ht[005;029H([005;030H)[005;031H:[005;032H/[005;033Hb[005;034Ho[005;035Ho[005;036Ht[005;037H/[005;038Hr[005;039Ha[005;040Hm[005;041Hf[005;042Hs[005;043H.[005;044Hi[005;045Hm[005;046Hg[005;047H`[005;048H.[005;049H.[005;050H.[005;051H[005;001H[006;001HGAXERA: BOOT_STACK_READY
GAXERA: DESCRIPTORS_AND_IDT_READY
GAXERA: BOOT_CONTEXT_READY kernel_phys=0x000000001952c000 kernel_virt=0xffffffff80000000 rsdp_phys=0x000000001fb7e014
GAXERA: MEMMAP_BEGIN count=35
GAXERA: MEMMAP_REGION index=0 start=0x0000000000000000 end=0x0000000000087000 len=0x0000000000087000 source_type=0 class=usable allocator=eligible reservation=none
GAXERA: MEMMAP_REGION index=1 start=0x0000000000087000 end=0x0000000000088000 len=0x0000000000001000 source_type=5 class=bootloader-reclaimable allocator=ineligible reservation=none
GAXERA: MEMMAP_REGION index=2 start=0x0000000000088000 end=0x00000000000a0000 len=0x0000000000018000 source_type=0 class=usable allocator=eligible reservation=none
GAXERA: MEMMAP_REGION index=3 start=0x0000000000100000 end=0x0000000000800000 len=0x0000000000700000 source_type=0 class=usable allocator=eligible reservation=none
GAXERA: MEMMAP_REGION index=4 start=0x0000000000800000 end=0x0000000000808000 len=0x0000000000008000 source_type=3 class=acpi-nvs allocator=ineligible reservation=none
GAXERA: MEMMAP_REGION index=5 start=0x0000000000808000 end=0x000000000080b000 len=0x0000000000003000 source_type=0 class=usable allocator=eligible reservation=none
GAXERA: MEMMAP_REGION index=6 start=0x000000000080b000 end=0x000000000080c000 len=0x0000000000001000 source_type=3 class=acpi-nvs allocator=ineligible reservation=none
GAXERA: MEMMAP_REGION index=7 start=0x000000000080c000 end=0x0000000000814000 len=0x0000000000008000 source_type=0 class=usable allocator=eligible reservation=none
GAXERA: MEMMAP_REGION index=8 start=0x0000000000814000 end=0x0000000000900000 len=0x00000000000ec000 source_type=3 class=acpi-nvs allocator=ineligible reservation=none
GAXERA: MEMMAP_REGION index=9 start=0x0000000000900000 end=0x0000000001780000 len=0x0000000000e80000 source_type=5 class=bootloader-reclaimable allocator=ineligible reservation=none
GAXERA: MEMMAP_REGION index=10 start=0x0000000001780000 end=0x0000000018b97000 len=0x0000000017417000 source_type=0 class=usable allocator=eligible reservation=none
GAXERA: MEMMAP_REGION index=11 start=0x0000000018b97000 end=0x0000000018bab000 len=0x0000000000014000 source_type=5 class=bootloader-reclaimable allocator=ineligible reservation=none
GAXERA: MEMMAP_REGION index=12 start=0x0000000018bab000 end=0x0000000018e5a000 len=0x00000000002af000 source_type=6 class=executable-and-modules allocator=ineligible reservation=none
GAXERA: MEMMAP_REGION index=13 start=0x0000000018e5a000 end=0x0000000019108000 len=0x00000000002ae000 source_type=6 class=executable-and-modules allocator=ineligible reservation=none
GAXERA: MEMMAP_REGION index=14 start=0x0000000019108000 end=0x000000001952c000 len=0x0000000000424000 source_type=6 class=executable-and-modules allocator=ineligible reservation=none
GAXERA: MEMMAP_REGION index=15 start=0x000000001952c000 end=0x00000000196bd000 len=0x0000000000191000 source_type=6 class=executable-and-modules allocator=ineligible reservation=none
GAXERA: MEMMAP_REGION index=16 start=0x00000000196bd000 end=0x000000001a56c000 len=0x0000000000eaf000 source_type=5 class=bootloader-reclaimable allocator=ineligible reservation=none
GAXERA: MEMMAP_REGION index=17 start=0x000000001a56c000 end=0x000000001bf6c000 len=0x0000000001a00000 source_type=0 class=usable allocator=eligible reservation=none
GAXERA: MEMMAP_REGION index=18 start=0x000000001bf6c000 end=0x000000001bfa3000 len=0x0000000000037000 source_type=5 class=bootloader-reclaimable allocator=ineligible reservation=none
GAXERA: MEMMAP_REGION index=19 start=0x000000001bfa3000 end=0x000000001bfa4000 len=0x0000000000001000 source_type=6 class=executable-and-modules allocator=ineligible reservation=none
GAXERA: MEMMAP_REGION index=20 start=0x000000001bfa4000 end=0x000000001bfad000 len=0x0000000000009000 source_type=5 class=bootloader-reclaimable allocator=ineligible reservation=none
GAXERA: MEMMAP_REGION index=21 start=0x000000001bfad000 end=0x000000001e59e000 len=0x00000000025f1000 source_type=0 class=usable allocator=eligible reservation=none
GAXERA: MEMMAP_REGION index=22 start=0x000000001e59e000 end=0x000000001ed3f000 len=0x00000000007a1000 source_type=5 class=bootloader-reclaimable allocator=ineligible reservation=none
GAXERA: MEMMAP_REGION index=23 start=0x000000001ed3f000 end=0x000000001ee00000 len=0x00000000000c1000 source_type=8 class=mapped-reserved allocator=ineligible reservation=none
GAXERA: MEMMAP_REGION index=24 start=0x000000001ee00000 end=0x000000001f8ed000 len=0x0000000000aed000 source_type=5 class=bootloader-reclaimable allocator=ineligible reservation=none
GAXERA: MEMMAP_REGION index=25 start=0x000000001f8ed000 end=0x000000001faed000 len=0x0000000000200000 source_type=8 class=mapped-reserved allocator=ineligible reservation=none
GAXERA: MEMMAP_REGION index=26 start=0x000000001faed000 end=0x000000001fb6d000 len=0x0000000000080000 source_type=1 class=reserved allocator=ineligible reservation=none
GAXERA: MEMMAP_REGION index=27 start=0x000000001fb6d000 end=0x000000001fb7f000 len=0x0000000000012000 source_type=2 class=acpi-reclaimable allocator=ineligible reservation=none
GAXERA: MEMMAP_REGION index=28 start=0x000000001fb7f000 end=0x000000001fbff000 len=0x0000000000080000 source_type=3 class=acpi-nvs allocator=ineligible reservation=none
GAXERA: MEMMAP_REGION index=29 start=0x000000001fbff000 end=0x000000001fef4000 len=0x00000000002f5000 source_type=5 class=bootloader-reclaimable allocator=ineligible reservation=none
GAXERA: MEMMAP_REGION index=30 start=0x000000001fef4000 end=0x000000001ff78000 len=0x0000000000084000 source_type=8 class=mapped-reserved allocator=ineligible reservation=none
GAXERA: MEMMAP_REGION index=31 start=0x000000001ff78000 end=0x0000000020000000 len=0x0000000000088000 source_type=3 class=acpi-nvs allocator=ineligible reservation=none
GAXERA: MEMMAP_REGION index=32 start=0x0000000080000000 end=0x00000000803e8000 len=0x00000000003e8000 source_type=7 class=framebuffer allocator=ineligible reservation=none
GAXERA: MEMMAP_REGION index=33 start=0x00000000e0000000 end=0x00000000f0000000 len=0x0000000010000000 source_type=1 class=reserved allocator=ineligible reservation=none
GAXERA: MEMMAP_REGION index=34 start=0x000000fd00000000 end=0x0000010000000000 len=0x0000000300000000 source_type=1 class=reserved allocator=ineligible reservation=none
GAXERA: MEMMAP_END
GAXERA: BOOTSTRAP_FRAME_ALLOCATOR_READY ranges=8
GAXERA: PAGING_HHDM_MAPPED
GAXERA: PAGING_TEXT_MAPPED
GAXERA: PAGING_FRAMEBUFFER_MAPPED
GAXERA: PAGE_TABLES_READY root=0x0000000000000000 reservations=3
GAXERA: CR3_GAXERA_OWNED
GAXERA: PHYSICAL_FRAME_ALLOCATOR_READY frames=113586 bitmap_words=1775
GAXERA: MEMORY_FOUNDATION_OK heap=0xfffffe8000001000 size=2097152 lower_guard=0xfffffe8000000000
GAXERA: KERNEL_ENTRY_OK
GAXERA: FRAMEBUFFER_OK (1280x800, pitch: 5120)
GAXERA: TEST_PATTERN_DRAWN
GAXERA: ACPI_MADT_READY local_apic_phys=0x00000000fee00000 override=false
GAXERA: ACPI_TEMPORARY_WINDOW_RELEASED
GAXERA: LOCAL_APIC_READY phys=0x00000000fee00000 vector=0xe0
GAXERA: IOAPIC_READY phys=0x00000000fec00000 gsi_base=0
GAXERA: VIRTIO_RNG_PCI_FOUND 0000:00:02.0 irq=11 common=0xc000000000 notify=0xc000000000 isr=0xc000000000 multiplier=4
GAXERA: PREEMPTION_TIMER_READY ticks_per_ms=62937
GAXERA: INIT_MODULE found at phys=0x0000000019108000 size=4338416
GAXERA: KERNEL_STACK top=0xfffffe1000011000
GAXERA: USER_STACK base=0x00007fffffff0000 top=0x0000800000000000 pages=16
GAXERA: ENTER_USER_MODE entry=0x0000000000205a10 rsp=0x00007ffffffffff0 manifest=0x00007ffffffdf000
GAXERA: VIRTIO_RNG_DRIVER_START
GAXERA: VIRTIO_RNG_IRQ_SUCCESS
Guest-confirmed QEMU test passed.

--- IPC Fast-Path Benchmark ---
=== Building Gaxera Kernel ISO ===
     Removed 325 files, 131.3MiB total
Compiling kernel binary...
   Compiling kernel v0.1.0 (/home/nyx/gaxera/kernel)
    Finished `dev` profile [unoptimized + debuginfo] target(s) in 2.53s
Compiling guest binary (init)...
    Finished `dev` profile [unoptimized + debuginfo] target(s) in 0.04s
Assembling ISO directory structure...
Compiling ramfs binary...
    Finished `dev` profile [unoptimized + debuginfo] target(s) in 0.04s
Compiling script_session binary...
    Finished `dev` profile [unoptimized + debuginfo] target(s) in 0.03s
Packaging GaxFS ramfs.img...
Packaging bootable ISO image via xorriso...
xorriso 1.5.6 : RockRidge filesystem manipulator, libburnia project.

Drive current: -outdev 'stdio:target/gaxera.iso'
Media current: stdio file, overwriteable
Media status : is blank
Media summary: 0 sessions, 0 data blocks, 0 data,  943g free
Added to ISO image: directory '/'='/home/nyx/gaxera/target/iso_root'
xorriso : UPDATE :      16 files added in 1 seconds
xorriso : UPDATE :      16 files added in 1 seconds
ISO image produced: 14530 sectors
Written to medium : 14530 sectors at LBA 0
Writing to 'stdio:target/gaxera.iso' completed successfully.

Installing bootloader record sector...
Physical block size of 512 bytes.
Installing to GPT. Logical block size of 512 bytes.
Secondary header at LBA 0xe307.
Secondary header valid.
Detected ISOHYBRID with a GUID partition table (GPT).
Converting to MBR for improved compatibility...
Conversion successful.
No active partition found, some systems may not boot.
Setting partition 1 as active to work around the issue...
Installing to MBR.
Stage 2 to be located at byte offset 0x200.
Reminder: Remember to copy the limine-bios.sys file in either
          the root, /boot, /limine, or /boot/limine directories of
          one of the partitions on the device, or boot will fail!
Limine BIOS stages installed successfully.
Gaxera packaging successfully compiled to target/gaxera.iso!
=== Launching QEMU Virtual Machine ===
OVMF UEFI firmware detected. Booting in UEFI mode.
Headless mode selected.
[2J[001;001H[=3h[2J[001;001H[2J[001;001H[8;056;240t[2J[001;001H[2J[001;001H[=3h[2J[001;001H[2J[001;001H[8;042;160t[2J[001;001HBdsDxe: loading Boot0002 "UEFI QEMU DVD-ROM QM00003 " from PciRoot(0x0)/Pci(0x1,0x1)/Ata(Secondary,Master,0x0)
BdsDxe: starting Boot0002 "UEFI QEMU DVD-ROM QM00003 " from PciRoot(0x0)/Pci(0x1,0x1)/Ata(Secondary,Master,0x0)
[001;001H[001;001H[001;001Hl[001;002Hi[001;003Hm[001;004Hi[001;005Hn[001;006He[001;007H:[001;008H [001;009HL[001;010Ho[001;011Ha[001;012Hd[001;013Hi[001;014Hn[001;015Hg[001;016H [001;017He[001;018Hx[001;019He[001;020Hc[001;021Hu[001;022Ht[001;023Ha[001;024Hb[001;025Hl[001;026He[001;027H [001;028H`[001;029Hb[001;030Ho[001;031Ho[001;032Ht[001;033H([001;034H)[001;035H:[001;036H/[001;037Hb[001;038Ho[001;039Ho[001;040Ht[001;041H/[001;042Hg[001;043Ha[001;044Hx[001;045He[001;046Hr[001;047Ha[001;048H.[001;049He[001;050Hl[001;051Hf[001;052H`[001;053H.[001;054H.[001;055H.[001;056H[001;001H[002;001Hl[002;002Hi[002;003Hm[002;004Hi[002;005Hn[002;006He[002;007H:[002;008H [002;009HL[002;010Ho[002;011Ha[002;012Hd[002;013Hi[002;014Hn[002;015Hg[002;016H [002;017Hm[002;018Ho[002;019Hd[002;020Hu[002;021Hl[002;022He[002;023H [002;024H`[002;025Hb[002;026Ho[002;027Ho[002;028Ht[002;029H([002;030H)[002;031H:[002;032H/[002;033Hb[002;034Ho[002;035Ho[002;036Ht[002;037H/[002;038Hi[002;039Hn[002;040Hi[002;041Ht[002;042H.[002;043He[002;044Hl[002;045Hf[002;046H`[002;047H.[002;048H.[002;049H.[002;050H[002;001H[003;001Hl[003;002Hi[003;003Hm[003;004Hi[003;005Hn[003;006He[003;007H:[003;008H [003;009HL[003;010Ho[003;011Ha[003;012Hd[003;013Hi[003;014Hn[003;015Hg[003;016H [003;017Hm[003;018Ho[003;019Hd[003;020Hu[003;021Hl[003;022He[003;023H [003;024H`[003;025Hb[003;026Ho[003;027Ho[003;028Ht[003;029H([003;030H)[003;031H:[003;032H/[003;033Hb[003;034Ho[003;035Ho[003;036Ht[003;037H/[003;038Hr[003;039Ha[003;040Hm[003;041Hf[003;042Hs[003;043H.[003;044He[003;045Hl[003;046Hf[003;047H`[003;048H.[003;049H.[003;050H.[003;051H[003;001H[004;001Hl[004;002Hi[004;003Hm[004;004Hi[004;005Hn[004;006He[004;007H:[004;008H [004;009HL[004;010Ho[004;011Ha[004;012Hd[004;013Hi[004;014Hn[004;015Hg[004;016H [004;017Hm[004;018Ho[004;019Hd[004;020Hu[004;021Hl[004;022He[004;023H [004;024H`[004;025Hb[004;026Ho[004;027Ho[004;028Ht[004;029H([004;030H)[004;031H:[004;032H/[004;033Hb[004;034Ho[004;035Ho[004;036Ht[004;037H/[004;038Hs[004;039Hc[004;040Hr[004;041Hi[004;042Hp[004;043Ht[004;044H_[004;045Hs[004;046He[004;047Hs[004;048Hs[004;049Hi[004;050Ho[004;051Hn[004;052H.[004;053He[004;054Hl[004;055Hf[004;056H`[004;057H.[004;058H.[004;059H.[004;060H[004;001H[005;001Hl[005;002Hi[005;003Hm[005;004Hi[005;005Hn[005;006He[005;007H:[005;008H [005;009HL[005;010Ho[005;011Ha[005;012Hd[005;013Hi[005;014Hn[005;015Hg[005;016H [005;017Hm[005;018Ho[005;019Hd[005;020Hu[005;021Hl[005;022He[005;023H [005;024H`[005;025Hb[005;026Ho[005;027Ho[005;028Ht[005;029H([005;030H)[005;031H:[005;032H/[005;033Hb[005;034Ho[005;035Ho[005;036Ht[005;037H/[005;038Hr[005;039Ha[005;040Hm[005;041Hf[005;042Hs[005;043H.[005;044Hi[005;045Hm[005;046Hg[005;047H`[005;048H.[005;049H.[005;050H.[005;051H[005;001H[006;001HGAXERA: BOOT_STACK_READY
GAXERA: DESCRIPTORS_AND_IDT_READY
GAXERA: BOOT_CONTEXT_READY kernel_phys=0x000000001967c000 kernel_virt=0xffffffff80000000 rsdp_phys=0x000000001fb7e014
GAXERA: MEMMAP_BEGIN count=34
GAXERA: MEMMAP_REGION index=0 start=0x0000000000000000 end=0x0000000000087000 len=0x0000000000087000 source_type=0 class=usable allocator=eligible reservation=none
GAXERA: MEMMAP_REGION index=1 start=0x0000000000087000 end=0x0000000000088000 len=0x0000000000001000 source_type=5 class=bootloader-reclaimable allocator=ineligible reservation=none
GAXERA: MEMMAP_REGION index=2 start=0x0000000000088000 end=0x00000000000a0000 len=0x0000000000018000 source_type=0 class=usable allocator=eligible reservation=none
GAXERA: MEMMAP_REGION index=3 start=0x0000000000100000 end=0x0000000000800000 len=0x0000000000700000 source_type=0 class=usable allocator=eligible reservation=none
GAXERA: MEMMAP_REGION index=4 start=0x0000000000800000 end=0x0000000000808000 len=0x0000000000008000 source_type=3 class=acpi-nvs allocator=ineligible reservation=none
GAXERA: MEMMAP_REGION index=5 start=0x0000000000808000 end=0x000000000080b000 len=0x0000000000003000 source_type=0 class=usable allocator=eligible reservation=none
GAXERA: MEMMAP_REGION index=6 start=0x000000000080b000 end=0x000000000080c000 len=0x0000000000001000 source_type=3 class=acpi-nvs allocator=ineligible reservation=none
GAXERA: MEMMAP_REGION index=7 start=0x000000000080c000 end=0x0000000000814000 len=0x0000000000008000 source_type=0 class=usable allocator=eligible reservation=none
GAXERA: MEMMAP_REGION index=8 start=0x0000000000814000 end=0x0000000000900000 len=0x00000000000ec000 source_type=3 class=acpi-nvs allocator=ineligible reservation=none
GAXERA: MEMMAP_REGION index=9 start=0x0000000000900000 end=0x0000000001780000 len=0x0000000000e80000 source_type=5 class=bootloader-reclaimable allocator=ineligible reservation=none
GAXERA: MEMMAP_REGION index=10 start=0x0000000001780000 end=0x0000000018cd8000 len=0x0000000017558000 source_type=0 class=usable allocator=eligible reservation=none
GAXERA: MEMMAP_REGION index=11 start=0x0000000018cd8000 end=0x0000000018ce5000 len=0x000000000000d000 source_type=5 class=bootloader-reclaimable allocator=ineligible reservation=none
GAXERA: MEMMAP_REGION index=12 start=0x0000000018ce5000 end=0x0000000018f94000 len=0x00000000002af000 source_type=6 class=executable-and-modules allocator=ineligible reservation=none
GAXERA: MEMMAP_REGION index=13 start=0x0000000018f94000 end=0x0000000019242000 len=0x00000000002ae000 source_type=6 class=executable-and-modules allocator=ineligible reservation=none
GAXERA: MEMMAP_REGION index=14 start=0x0000000019242000 end=0x000000001967c000 len=0x000000000043a000 source_type=6 class=executable-and-modules allocator=ineligible reservation=none
GAXERA: MEMMAP_REGION index=15 start=0x000000001967c000 end=0x00000000197f7000 len=0x000000000017b000 source_type=6 class=executable-and-modules allocator=ineligible reservation=none
GAXERA: MEMMAP_REGION index=16 start=0x00000000197f7000 end=0x000000001a66c000 len=0x0000000000e75000 source_type=5 class=bootloader-reclaimable allocator=ineligible reservation=none
GAXERA: MEMMAP_REGION index=17 start=0x000000001a66c000 end=0x000000001bf6c000 len=0x0000000001900000 source_type=0 class=usable allocator=eligible reservation=none
GAXERA: MEMMAP_REGION index=18 start=0x000000001bf6c000 end=0x000000001bfaa000 len=0x000000000003e000 source_type=5 class=bootloader-reclaimable allocator=ineligible reservation=none
GAXERA: MEMMAP_REGION index=19 start=0x000000001bfaa000 end=0x000000001bfab000 len=0x0000000000001000 source_type=6 class=executable-and-modules allocator=ineligible reservation=none
GAXERA: MEMMAP_REGION index=20 start=0x000000001bfab000 end=0x000000001bfaf000 len=0x0000000000004000 source_type=5 class=bootloader-reclaimable allocator=ineligible reservation=none
GAXERA: MEMMAP_REGION index=21 start=0x000000001bfaf000 end=0x000000001e6a0000 len=0x00000000026f1000 source_type=0 class=usable allocator=eligible reservation=none
GAXERA: MEMMAP_REGION index=22 start=0x000000001e6a0000 end=0x000000001ed3f000 len=0x000000000069f000 source_type=5 class=bootloader-reclaimable allocator=ineligible reservation=none
GAXERA: MEMMAP_REGION index=23 start=0x000000001ed3f000 end=0x000000001ee00000 len=0x00000000000c1000 source_type=8 class=mapped-reserved allocator=ineligible reservation=none
GAXERA: MEMMAP_REGION index=24 start=0x000000001ee00000 end=0x000000001f8ed000 len=0x0000000000aed000 source_type=5 class=bootloader-reclaimable allocator=ineligible reservation=none
GAXERA: MEMMAP_REGION index=25 start=0x000000001f8ed000 end=0x000000001faed000 len=0x0000000000200000 source_type=8 class=mapped-reserved allocator=ineligible reservation=none
GAXERA: MEMMAP_REGION index=26 start=0x000000001faed000 end=0x000000001fb6d000 len=0x0000000000080000 source_type=1 class=reserved allocator=ineligible reservation=none
GAXERA: MEMMAP_REGION index=27 start=0x000000001fb6d000 end=0x000000001fb7f000 len=0x0000000000012000 source_type=2 class=acpi-reclaimable allocator=ineligible reservation=none
GAXERA: MEMMAP_REGION index=28 start=0x000000001fb7f000 end=0x000000001fbff000 len=0x0000000000080000 source_type=3 class=acpi-nvs allocator=ineligible reservation=none
GAXERA: MEMMAP_REGION index=29 start=0x000000001fbff000 end=0x000000001fef4000 len=0x00000000002f5000 source_type=5 class=bootloader-reclaimable allocator=ineligible reservation=none
GAXERA: MEMMAP_REGION index=30 start=0x000000001fef4000 end=0x000000001ff78000 len=0x0000000000084000 source_type=8 class=mapped-reserved allocator=ineligible reservation=none
GAXERA: MEMMAP_REGION index=31 start=0x000000001ff78000 end=0x0000000020000000 len=0x0000000000088000 source_type=3 class=acpi-nvs allocator=ineligible reservation=none
GAXERA: MEMMAP_REGION index=32 start=0x0000000080000000 end=0x00000000803e8000 len=0x00000000003e8000 source_type=7 class=framebuffer allocator=ineligible reservation=none
GAXERA: MEMMAP_REGION index=33 start=0x000000fd00000000 end=0x0000010000000000 len=0x0000000300000000 source_type=1 class=reserved allocator=ineligible reservation=none
GAXERA: MEMMAP_END
GAXERA: BOOTSTRAP_FRAME_ALLOCATOR_READY ranges=8
GAXERA: PAGING_HHDM_MAPPED
GAXERA: PAGING_TEXT_MAPPED
GAXERA: PAGING_FRAMEBUFFER_MAPPED
GAXERA: PAGE_TABLES_READY root=0x0000000000000000 reservations=3
GAXERA: CR3_GAXERA_OWNED
GAXERA: PHYSICAL_FRAME_ALLOCATOR_READY frames=113907 bitmap_words=1780
GAXERA: MEMORY_FOUNDATION_OK heap=0xfffffe8000001000 size=2097152 lower_guard=0xfffffe8000000000
GAXERA: KERNEL_ENTRY_OK
GAXERA: FRAMEBUFFER_OK (1280x800, pitch: 5120)
GAXERA: TEST_PATTERN_DRAWN
GAXERA: ACPI_MADT_READY local_apic_phys=0x00000000fee00000 override=false
GAXERA: ACPI_TEMPORARY_WINDOW_RELEASED
GAXERA: LOCAL_APIC_READY phys=0x00000000fee00000 vector=0xe0
GAXERA: IOAPIC_READY phys=0x00000000fec00000 gsi_base=0
GAXERA: PREEMPTION_TIMER_READY ticks_per_ms=62636
GAXERA: IPC_BENCHMARK_TEST_START
GAXERA: IPC_BENCHMARK_METRICS min_cycles=176 avg_cycles=249 max_cycles=65840
GAXERA: IPC_BENCHMARK_OK
Guest-confirmed QEMU test passed.

--- Hardware Exceptions ---
=== Building Gaxera Kernel ISO ===
     Removed 320 files, 130.2MiB total
Compiling kernel binary...
   Compiling kernel v0.1.0 (/home/nyx/gaxera/kernel)
    Finished `dev` profile [unoptimized + debuginfo] target(s) in 2.48s
Compiling guest binary (init)...
    Finished `dev` profile [unoptimized + debuginfo] target(s) in 0.03s
Assembling ISO directory structure...
Compiling ramfs binary...
    Finished `dev` profile [unoptimized + debuginfo] target(s) in 0.03s
Compiling script_session binary...
    Finished `dev` profile [unoptimized + debuginfo] target(s) in 0.03s
Packaging GaxFS ramfs.img...
Packaging bootable ISO image via xorriso...
xorriso 1.5.6 : RockRidge filesystem manipulator, libburnia project.

Drive current: -outdev 'stdio:target/gaxera.iso'
Media current: stdio file, overwriteable
Media status : is blank
Media summary: 0 sessions, 0 data blocks, 0 data,  943g free
Added to ISO image: directory '/'='/home/nyx/gaxera/target/iso_root'
xorriso : UPDATE :      16 files added in 1 seconds
xorriso : UPDATE :      16 files added in 1 seconds
ISO image produced: 14422 sectors
Written to medium : 14422 sectors at LBA 0
Writing to 'stdio:target/gaxera.iso' completed successfully.

Installing bootloader record sector...
Physical block size of 512 bytes.
Installing to GPT. Logical block size of 512 bytes.
Secondary header at LBA 0xe157.
Secondary header valid.
Detected ISOHYBRID with a GUID partition table (GPT).
Converting to MBR for improved compatibility...
Conversion successful.
No active partition found, some systems may not boot.
Setting partition 1 as active to work around the issue...
Installing to MBR.
Stage 2 to be located at byte offset 0x200.
Reminder: Remember to copy the limine-bios.sys file in either
          the root, /boot, /limine, or /boot/limine directories of
          one of the partitions on the device, or boot will fail!
Limine BIOS stages installed successfully.
Gaxera packaging successfully compiled to target/gaxera.iso!
=== Launching QEMU Virtual Machine ===
OVMF UEFI firmware detected. Booting in UEFI mode.
Headless mode selected.
[2J[001;001H[=3h[2J[001;001H[2J[001;001H[8;056;240t[2J[001;001H[2J[001;001H[=3h[2J[001;001H[2J[001;001H[8;042;160t[2J[001;001HBdsDxe: loading Boot0002 "UEFI QEMU DVD-ROM QM00003 " from PciRoot(0x0)/Pci(0x1,0x1)/Ata(Secondary,Master,0x0)
BdsDxe: starting Boot0002 "UEFI QEMU DVD-ROM QM00003 " from PciRoot(0x0)/Pci(0x1,0x1)/Ata(Secondary,Master,0x0)
[001;001H[001;001H[001;001Hl[001;002Hi[001;003Hm[001;004Hi[001;005Hn[001;006He[001;007H:[001;008H [001;009HL[001;010Ho[001;011Ha[001;012Hd[001;013Hi[001;014Hn[001;015Hg[001;016H [001;017He[001;018Hx[001;019He[001;020Hc[001;021Hu[001;022Ht[001;023Ha[001;024Hb[001;025Hl[001;026He[001;027H [001;028H`[001;029Hb[001;030Ho[001;031Ho[001;032Ht[001;033H([001;034H)[001;035H:[001;036H/[001;037Hb[001;038Ho[001;039Ho[001;040Ht[001;041H/[001;042Hg[001;043Ha[001;044Hx[001;045He[001;046Hr[001;047Ha[001;048H.[001;049He[001;050Hl[001;051Hf[001;052H`[001;053H.[001;054H.[001;055H.[001;056H[001;001H[002;001Hl[002;002Hi[002;003Hm[002;004Hi[002;005Hn[002;006He[002;007H:[002;008H [002;009HL[002;010Ho[002;011Ha[002;012Hd[002;013Hi[002;014Hn[002;015Hg[002;016H [002;017Hm[002;018Ho[002;019Hd[002;020Hu[002;021Hl[002;022He[002;023H [002;024H`[002;025Hb[002;026Ho[002;027Ho[002;028Ht[002;029H([002;030H)[002;031H:[002;032H/[002;033Hb[002;034Ho[002;035Ho[002;036Ht[002;037H/[002;038Hi[002;039Hn[002;040Hi[002;041Ht[002;042H.[002;043He[002;044Hl[002;045Hf[002;046H`[002;047H.[002;048H.[002;049H.[002;050H[002;001H[003;001Hl[003;002Hi[003;003Hm[003;004Hi[003;005Hn[003;006He[003;007H:[003;008H [003;009HL[003;010Ho[003;011Ha[003;012Hd[003;013Hi[003;014Hn[003;015Hg[003;016H [003;017Hm[003;018Ho[003;019Hd[003;020Hu[003;021Hl[003;022He[003;023H [003;024H`[003;025Hb[003;026Ho[003;027Ho[003;028Ht[003;029H([003;030H)[003;031H:[003;032H/[003;033Hb[003;034Ho[003;035Ho[003;036Ht[003;037H/[003;038Hr[003;039Ha[003;040Hm[003;041Hf[003;042Hs[003;043H.[003;044He[003;045Hl[003;046Hf[003;047H`[003;048H.[003;049H.[003;050H.[003;051H[003;001H[004;001Hl[004;002Hi[004;003Hm[004;004Hi[004;005Hn[004;006He[004;007H:[004;008H [004;009HL[004;010Ho[004;011Ha[004;012Hd[004;013Hi[004;014Hn[004;015Hg[004;016H [004;017Hm[004;018Ho[004;019Hd[004;020Hu[004;021Hl[004;022He[004;023H [004;024H`[004;025Hb[004;026Ho[004;027Ho[004;028Ht[004;029H([004;030H)[004;031H:[004;032H/[004;033Hb[004;034Ho[004;035Ho[004;036Ht[004;037H/[004;038Hs[004;039Hc[004;040Hr[004;041Hi[004;042Hp[004;043Ht[004;044H_[004;045Hs[004;046He[004;047Hs[004;048Hs[004;049Hi[004;050Ho[004;051Hn[004;052H.[004;053He[004;054Hl[004;055Hf[004;056H`[004;057H.[004;058H.[004;059H.[004;060H[004;001H[005;001Hl[005;002Hi[005;003Hm[005;004Hi[005;005Hn[005;006He[005;007H:[005;008H [005;009HL[005;010Ho[005;011Ha[005;012Hd[005;013Hi[005;014Hn[005;015Hg[005;016H [005;017Hm[005;018Ho[005;019Hd[005;020Hu[005;021Hl[005;022He[005;023H [005;024H`[005;025Hb[005;026Ho[005;027Ho[005;028Ht[005;029H([005;030H)[005;031H:[005;032H/[005;033Hb[005;034Ho[005;035Ho[005;036Ht[005;037H/[005;038Hr[005;039Ha[005;040Hm[005;041Hf[005;042Hs[005;043H.[005;044Hi[005;045Hm[005;046Hg[005;047H`[005;048H.[005;049H.[005;050H.[005;051H[005;001H[006;001HGAXERA: BOOT_STACK_READY
GAXERA: DESCRIPTORS_AND_IDT_READY
GAXERA: BOOT_CONTEXT_READY kernel_phys=0x00000000196c0000 kernel_virt=0xffffffff80000000 rsdp_phys=0x000000001fb7e014
GAXERA: MEMMAP_BEGIN count=34
GAXERA: MEMMAP_REGION index=0 start=0x0000000000000000 end=0x0000000000087000 len=0x0000000000087000 source_type=0 class=usable allocator=eligible reservation=none
GAXERA: MEMMAP_REGION index=1 start=0x0000000000087000 end=0x0000000000088000 len=0x0000000000001000 source_type=5 class=bootloader-reclaimable allocator=ineligible reservation=none
GAXERA: MEMMAP_REGION index=2 start=0x0000000000088000 end=0x00000000000a0000 len=0x0000000000018000 source_type=0 class=usable allocator=eligible reservation=none
GAXERA: MEMMAP_REGION index=3 start=0x0000000000100000 end=0x0000000000800000 len=0x0000000000700000 source_type=0 class=usable allocator=eligible reservation=none
GAXERA: MEMMAP_REGION index=4 start=0x0000000000800000 end=0x0000000000808000 len=0x0000000000008000 source_type=3 class=acpi-nvs allocator=ineligible reservation=none
GAXERA: MEMMAP_REGION index=5 start=0x0000000000808000 end=0x000000000080b000 len=0x0000000000003000 source_type=0 class=usable allocator=eligible reservation=none
GAXERA: MEMMAP_REGION index=6 start=0x000000000080b000 end=0x000000000080c000 len=0x0000000000001000 source_type=3 class=acpi-nvs allocator=ineligible reservation=none
GAXERA: MEMMAP_REGION index=7 start=0x000000000080c000 end=0x0000000000814000 len=0x0000000000008000 source_type=0 class=usable allocator=eligible reservation=none
GAXERA: MEMMAP_REGION index=8 start=0x0000000000814000 end=0x0000000000900000 len=0x00000000000ec000 source_type=3 class=acpi-nvs allocator=ineligible reservation=none
GAXERA: MEMMAP_REGION index=9 start=0x0000000000900000 end=0x0000000001780000 len=0x0000000000e80000 source_type=5 class=bootloader-reclaimable allocator=ineligible reservation=none
GAXERA: MEMMAP_REGION index=10 start=0x0000000001780000 end=0x0000000018d1c000 len=0x000000001759c000 source_type=0 class=usable allocator=eligible reservation=none
GAXERA: MEMMAP_REGION index=11 start=0x0000000018d1c000 end=0x0000000018d29000 len=0x000000000000d000 source_type=5 class=bootloader-reclaimable allocator=ineligible reservation=none
GAXERA: MEMMAP_REGION index=12 start=0x0000000018d29000 end=0x0000000018fd8000 len=0x00000000002af000 source_type=6 class=executable-and-modules allocator=ineligible reservation=none
GAXERA: MEMMAP_REGION index=13 start=0x0000000018fd8000 end=0x0000000019286000 len=0x00000000002ae000 source_type=6 class=executable-and-modules allocator=ineligible reservation=none
GAXERA: MEMMAP_REGION index=14 start=0x0000000019286000 end=0x00000000196c0000 len=0x000000000043a000 source_type=6 class=executable-and-modules allocator=ineligible reservation=none
GAXERA: MEMMAP_REGION index=15 start=0x00000000196c0000 end=0x000000001982d000 len=0x000000000016d000 source_type=6 class=executable-and-modules allocator=ineligible reservation=none
GAXERA: MEMMAP_REGION index=16 start=0x000000001982d000 end=0x000000001a66c000 len=0x0000000000e3f000 source_type=5 class=bootloader-reclaimable allocator=ineligible reservation=none
GAXERA: MEMMAP_REGION index=17 start=0x000000001a66c000 end=0x000000001bf6c000 len=0x0000000001900000 source_type=0 class=usable allocator=eligible reservation=none
GAXERA: MEMMAP_REGION index=18 start=0x000000001bf6c000 end=0x000000001bfaa000 len=0x000000000003e000 source_type=5 class=bootloader-reclaimable allocator=ineligible reservation=none
GAXERA: MEMMAP_REGION index=19 start=0x000000001bfaa000 end=0x000000001bfab000 len=0x0000000000001000 source_type=6 class=executable-and-modules allocator=ineligible reservation=none
GAXERA: MEMMAP_REGION index=20 start=0x000000001bfab000 end=0x000000001bfaf000 len=0x0000000000004000 source_type=5 class=bootloader-reclaimable allocator=ineligible reservation=none
GAXERA: MEMMAP_REGION index=21 start=0x000000001bfaf000 end=0x000000001e6a0000 len=0x00000000026f1000 source_type=0 class=usable allocator=eligible reservation=none
GAXERA: MEMMAP_REGION index=22 start=0x000000001e6a0000 end=0x000000001ed3f000 len=0x000000000069f000 source_type=5 class=bootloader-reclaimable allocator=ineligible reservation=none
GAXERA: MEMMAP_REGION index=23 start=0x000000001ed3f000 end=0x000000001ee00000 len=0x00000000000c1000 source_type=8 class=mapped-reserved allocator=ineligible reservation=none
GAXERA: MEMMAP_REGION index=24 start=0x000000001ee00000 end=0x000000001f8ed000 len=0x0000000000aed000 source_type=5 class=bootloader-reclaimable allocator=ineligible reservation=none
GAXERA: MEMMAP_REGION index=25 start=0x000000001f8ed000 end=0x000000001faed000 len=0x0000000000200000 source_type=8 class=mapped-reserved allocator=ineligible reservation=none
GAXERA: MEMMAP_REGION index=26 start=0x000000001faed000 end=0x000000001fb6d000 len=0x0000000000080000 source_type=1 class=reserved allocator=ineligible reservation=none
GAXERA: MEMMAP_REGION index=27 start=0x000000001fb6d000 end=0x000000001fb7f000 len=0x0000000000012000 source_type=2 class=acpi-reclaimable allocator=ineligible reservation=none
GAXERA: MEMMAP_REGION index=28 start=0x000000001fb7f000 end=0x000000001fbff000 len=0x0000000000080000 source_type=3 class=acpi-nvs allocator=ineligible reservation=none
GAXERA: MEMMAP_REGION index=29 start=0x000000001fbff000 end=0x000000001fef4000 len=0x00000000002f5000 source_type=5 class=bootloader-reclaimable allocator=ineligible reservation=none
GAXERA: MEMMAP_REGION index=30 start=0x000000001fef4000 end=0x000000001ff78000 len=0x0000000000084000 source_type=8 class=mapped-reserved allocator=ineligible reservation=none
GAXERA: MEMMAP_REGION index=31 start=0x000000001ff78000 end=0x0000000020000000 len=0x0000000000088000 source_type=3 class=acpi-nvs allocator=ineligible reservation=none
GAXERA: MEMMAP_REGION index=32 start=0x0000000080000000 end=0x00000000803e8000 len=0x00000000003e8000 source_type=7 class=framebuffer allocator=ineligible reservation=none
GAXERA: MEMMAP_REGION index=33 start=0x000000fd00000000 end=0x0000010000000000 len=0x0000000300000000 source_type=1 class=reserved allocator=ineligible reservation=none
GAXERA: MEMMAP_END
GAXERA: BOOTSTRAP_FRAME_ALLOCATOR_READY ranges=8
GAXERA: PAGING_HHDM_MAPPED
GAXERA: PAGING_TEXT_MAPPED
GAXERA: PAGING_FRAMEBUFFER_MAPPED
GAXERA: PAGE_TABLES_READY root=0x0000000000000000 reservations=3
GAXERA: CR3_GAXERA_OWNED
GAXERA: PHYSICAL_FRAME_ALLOCATOR_READY frames=113975 bitmap_words=1781
GAXERA: MEMORY_FOUNDATION_OK heap=0xfffffe8000001000 size=2097152 lower_guard=0xfffffe8000000000
GAXERA: KERNEL_ENTRY_OK
GAXERA: FRAMEBUFFER_OK (1280x800, pitch: 5120)
GAXERA: TEST_PATTERN_DRAWN
Guest-confirmed QEMU test passed.
=== Building Gaxera Kernel ISO ===
     Removed 300 files, 128.9MiB total
Compiling kernel binary...
   Compiling kernel v0.1.0 (/home/nyx/gaxera/kernel)
    Finished `dev` profile [unoptimized + debuginfo] target(s) in 2.45s
Compiling guest binary (init)...
    Finished `dev` profile [unoptimized + debuginfo] target(s) in 0.03s
Assembling ISO directory structure...
Compiling ramfs binary...
    Finished `dev` profile [unoptimized + debuginfo] target(s) in 0.04s
Compiling script_session binary...
    Finished `dev` profile [unoptimized + debuginfo] target(s) in 0.04s
Packaging GaxFS ramfs.img...
Packaging bootable ISO image via xorriso...
xorriso 1.5.6 : RockRidge filesystem manipulator, libburnia project.

Drive current: -outdev 'stdio:target/gaxera.iso'
Media current: stdio file, overwriteable
Media status : is blank
Media summary: 0 sessions, 0 data blocks, 0 data,  943g free
Added to ISO image: directory '/'='/home/nyx/gaxera/target/iso_root'
xorriso : UPDATE :      16 files added in 1 seconds
xorriso : UPDATE :      16 files added in 1 seconds
ISO image produced: 14416 sectors
Written to medium : 14416 sectors at LBA 0
Writing to 'stdio:target/gaxera.iso' completed successfully.

Installing bootloader record sector...
Physical block size of 512 bytes.
Installing to GPT. Logical block size of 512 bytes.
Secondary header at LBA 0xe13f.
Secondary header valid.
Detected ISOHYBRID with a GUID partition table (GPT).
Converting to MBR for improved compatibility...
Conversion successful.
No active partition found, some systems may not boot.
Setting partition 1 as active to work around the issue...
Installing to MBR.
Stage 2 to be located at byte offset 0x200.
Reminder: Remember to copy the limine-bios.sys file in either
          the root, /boot, /limine, or /boot/limine directories of
          one of the partitions on the device, or boot will fail!
Limine BIOS stages installed successfully.
Gaxera packaging successfully compiled to target/gaxera.iso!
=== Launching QEMU Virtual Machine ===
OVMF UEFI firmware detected. Booting in UEFI mode.
Headless mode selected.
[2J[001;001H[=3h[2J[001;001H[2J[001;001H[8;056;240t[2J[001;001H[2J[001;001H[=3h[2J[001;001H[2J[001;001H[8;042;160t[2J[001;001HBdsDxe: loading Boot0002 "UEFI QEMU DVD-ROM QM00003 " from PciRoot(0x0)/Pci(0x1,0x1)/Ata(Secondary,Master,0x0)
BdsDxe: starting Boot0002 "UEFI QEMU DVD-ROM QM00003 " from PciRoot(0x0)/Pci(0x1,0x1)/Ata(Secondary,Master,0x0)
[001;001H[001;001H[001;001Hl[001;002Hi[001;003Hm[001;004Hi[001;005Hn[001;006He[001;007H:[001;008H [001;009HL[001;010Ho[001;011Ha[001;012Hd[001;013Hi[001;014Hn[001;015Hg[001;016H [001;017He[001;018Hx[001;019He[001;020Hc[001;021Hu[001;022Ht[001;023Ha[001;024Hb[001;025Hl[001;026He[001;027H [001;028H`[001;029Hb[001;030Ho[001;031Ho[001;032Ht[001;033H([001;034H)[001;035H:[001;036H/[001;037Hb[001;038Ho[001;039Ho[001;040Ht[001;041H/[001;042Hg[001;043Ha[001;044Hx[001;045He[001;046Hr[001;047Ha[001;048H.[001;049He[001;050Hl[001;051Hf[001;052H`[001;053H.[001;054H.[001;055H.[001;056H[001;001H[002;001Hl[002;002Hi[002;003Hm[002;004Hi[002;005Hn[002;006He[002;007H:[002;008H [002;009HL[002;010Ho[002;011Ha[002;012Hd[002;013Hi[002;014Hn[002;015Hg[002;016H [002;017Hm[002;018Ho[002;019Hd[002;020Hu[002;021Hl[002;022He[002;023H [002;024H`[002;025Hb[002;026Ho[002;027Ho[002;028Ht[002;029H([002;030H)[002;031H:[002;032H/[002;033Hb[002;034Ho[002;035Ho[002;036Ht[002;037H/[002;038Hi[002;039Hn[002;040Hi[002;041Ht[002;042H.[002;043He[002;044Hl[002;045Hf[002;046H`[002;047H.[002;048H.[002;049H.[002;050H[002;001H[003;001Hl[003;002Hi[003;003Hm[003;004Hi[003;005Hn[003;006He[003;007H:[003;008H [003;009HL[003;010Ho[003;011Ha[003;012Hd[003;013Hi[003;014Hn[003;015Hg[003;016H [003;017Hm[003;018Ho[003;019Hd[003;020Hu[003;021Hl[003;022He[003;023H [003;024H`[003;025Hb[003;026Ho[003;027Ho[003;028Ht[003;029H([003;030H)[003;031H:[003;032H/[003;033Hb[003;034Ho[003;035Ho[003;036Ht[003;037H/[003;038Hr[003;039Ha[003;040Hm[003;041Hf[003;042Hs[003;043H.[003;044He[003;045Hl[003;046Hf[003;047H`[003;048H.[003;049H.[003;050H.[003;051H[003;001H[004;001Hl[004;002Hi[004;003Hm[004;004Hi[004;005Hn[004;006He[004;007H:[004;008H [004;009HL[004;010Ho[004;011Ha[004;012Hd[004;013Hi[004;014Hn[004;015Hg[004;016H [004;017Hm[004;018Ho[004;019Hd[004;020Hu[004;021Hl[004;022He[004;023H [004;024H`[004;025Hb[004;026Ho[004;027Ho[004;028Ht[004;029H([004;030H)[004;031H:[004;032H/[004;033Hb[004;034Ho[004;035Ho[004;036Ht[004;037H/[004;038Hs[004;039Hc[004;040Hr[004;041Hi[004;042Hp[004;043Ht[004;044H_[004;045Hs[004;046He[004;047Hs[004;048Hs[004;049Hi[004;050Ho[004;051Hn[004;052H.[004;053He[004;054Hl[004;055Hf[004;056H`[004;057H.[004;058H.[004;059H.[004;060H[004;001H[005;001Hl[005;002Hi[005;003Hm[005;004Hi[005;005Hn[005;006He[005;007H:[005;008H [005;009HL[005;010Ho[005;011Ha[005;012Hd[005;013Hi[005;014Hn[005;015Hg[005;016H [005;017Hm[005;018Ho[005;019Hd[005;020Hu[005;021Hl[005;022He[005;023H [005;024H`[005;025Hb[005;026Ho[005;027Ho[005;028Ht[005;029H([005;030H)[005;031H:[005;032H/[005;033Hb[005;034Ho[005;035Ho[005;036Ht[005;037H/[005;038Hr[005;039Ha[005;040Hm[005;041Hf[005;042Hs[005;043H.[005;044Hi[005;045Hm[005;046Hg[005;047H`[005;048H.[005;049H.[005;050H.[005;051H[005;001H[006;001HGAXERA: BOOT_STACK_READY
GAXERA: DESCRIPTORS_AND_IDT_READY
GAXERA: BOOT_CONTEXT_READY kernel_phys=0x00000000196c4000 kernel_virt=0xffffffff80000000 rsdp_phys=0x000000001fb7e014
GAXERA: MEMMAP_BEGIN count=34
GAXERA: MEMMAP_REGION index=0 start=0x0000000000000000 end=0x0000000000087000 len=0x0000000000087000 source_type=0 class=usable allocator=eligible reservation=none
GAXERA: MEMMAP_REGION index=1 start=0x0000000000087000 end=0x0000000000088000 len=0x0000000000001000 source_type=5 class=bootloader-reclaimable allocator=ineligible reservation=none
GAXERA: MEMMAP_REGION index=2 start=0x0000000000088000 end=0x00000000000a0000 len=0x0000000000018000 source_type=0 class=usable allocator=eligible reservation=none
GAXERA: MEMMAP_REGION index=3 start=0x0000000000100000 end=0x0000000000800000 len=0x0000000000700000 source_type=0 class=usable allocator=eligible reservation=none
GAXERA: MEMMAP_REGION index=4 start=0x0000000000800000 end=0x0000000000808000 len=0x0000000000008000 source_type=3 class=acpi-nvs allocator=ineligible reservation=none
GAXERA: MEMMAP_REGION index=5 start=0x0000000000808000 end=0x000000000080b000 len=0x0000000000003000 source_type=0 class=usable allocator=eligible reservation=none
GAXERA: MEMMAP_REGION index=6 start=0x000000000080b000 end=0x000000000080c000 len=0x0000000000001000 source_type=3 class=acpi-nvs allocator=ineligible reservation=none
GAXERA: MEMMAP_REGION index=7 start=0x000000000080c000 end=0x0000000000814000 len=0x0000000000008000 source_type=0 class=usable allocator=eligible reservation=none
GAXERA: MEMMAP_REGION index=8 start=0x0000000000814000 end=0x0000000000900000 len=0x00000000000ec000 source_type=3 class=acpi-nvs allocator=ineligible reservation=none
GAXERA: MEMMAP_REGION index=9 start=0x0000000000900000 end=0x0000000001780000 len=0x0000000000e80000 source_type=5 class=bootloader-reclaimable allocator=ineligible reservation=none
GAXERA: MEMMAP_REGION index=10 start=0x0000000001780000 end=0x0000000018d20000 len=0x00000000175a0000 source_type=0 class=usable allocator=eligible reservation=none
GAXERA: MEMMAP_REGION index=11 start=0x0000000018d20000 end=0x0000000018d2d000 len=0x000000000000d000 source_type=5 class=bootloader-reclaimable allocator=ineligible reservation=none
GAXERA: MEMMAP_REGION index=12 start=0x0000000018d2d000 end=0x0000000018fdc000 len=0x00000000002af000 source_type=6 class=executable-and-modules allocator=ineligible reservation=none
GAXERA: MEMMAP_REGION index=13 start=0x0000000018fdc000 end=0x000000001928a000 len=0x00000000002ae000 source_type=6 class=executable-and-modules allocator=ineligible reservation=none
GAXERA: MEMMAP_REGION index=14 start=0x000000001928a000 end=0x00000000196c4000 len=0x000000000043a000 source_type=6 class=executable-and-modules allocator=ineligible reservation=none
GAXERA: MEMMAP_REGION index=15 start=0x00000000196c4000 end=0x0000000019830000 len=0x000000000016c000 source_type=6 class=executable-and-modules allocator=ineligible reservation=none
GAXERA: MEMMAP_REGION index=16 start=0x0000000019830000 end=0x000000001a66c000 len=0x0000000000e3c000 source_type=5 class=bootloader-reclaimable allocator=ineligible reservation=none
GAXERA: MEMMAP_REGION index=17 start=0x000000001a66c000 end=0x000000001bf6c000 len=0x0000000001900000 source_type=0 class=usable allocator=eligible reservation=none
GAXERA: MEMMAP_REGION index=18 start=0x000000001bf6c000 end=0x000000001bfaa000 len=0x000000000003e000 source_type=5 class=bootloader-reclaimable allocator=ineligible reservation=none
GAXERA: MEMMAP_REGION index=19 start=0x000000001bfaa000 end=0x000000001bfab000 len=0x0000000000001000 source_type=6 class=executable-and-modules allocator=ineligible reservation=none
GAXERA: MEMMAP_REGION index=20 start=0x000000001bfab000 end=0x000000001bfaf000 len=0x0000000000004000 source_type=5 class=bootloader-reclaimable allocator=ineligible reservation=none
GAXERA: MEMMAP_REGION index=21 start=0x000000001bfaf000 end=0x000000001e6a0000 len=0x00000000026f1000 source_type=0 class=usable allocator=eligible reservation=none
GAXERA: MEMMAP_REGION index=22 start=0x000000001e6a0000 end=0x000000001ed3f000 len=0x000000000069f000 source_type=5 class=bootloader-reclaimable allocator=ineligible reservation=none
GAXERA: MEMMAP_REGION index=23 start=0x000000001ed3f000 end=0x000000001ee00000 len=0x00000000000c1000 source_type=8 class=mapped-reserved allocator=ineligible reservation=none
GAXERA: MEMMAP_REGION index=24 start=0x000000001ee00000 end=0x000000001f8ed000 len=0x0000000000aed000 source_type=5 class=bootloader-reclaimable allocator=ineligible reservation=none
GAXERA: MEMMAP_REGION index=25 start=0x000000001f8ed000 end=0x000000001faed000 len=0x0000000000200000 source_type=8 class=mapped-reserved allocator=ineligible reservation=none
GAXERA: MEMMAP_REGION index=26 start=0x000000001faed000 end=0x000000001fb6d000 len=0x0000000000080000 source_type=1 class=reserved allocator=ineligible reservation=none
GAXERA: MEMMAP_REGION index=27 start=0x000000001fb6d000 end=0x000000001fb7f000 len=0x0000000000012000 source_type=2 class=acpi-reclaimable allocator=ineligible reservation=none
GAXERA: MEMMAP_REGION index=28 start=0x000000001fb7f000 end=0x000000001fbff000 len=0x0000000000080000 source_type=3 class=acpi-nvs allocator=ineligible reservation=none
GAXERA: MEMMAP_REGION index=29 start=0x000000001fbff000 end=0x000000001fef4000 len=0x00000000002f5000 source_type=5 class=bootloader-reclaimable allocator=ineligible reservation=none
GAXERA: MEMMAP_REGION index=30 start=0x000000001fef4000 end=0x000000001ff78000 len=0x0000000000084000 source_type=8 class=mapped-reserved allocator=ineligible reservation=none
GAXERA: MEMMAP_REGION index=31 start=0x000000001ff78000 end=0x0000000020000000 len=0x0000000000088000 source_type=3 class=acpi-nvs allocator=ineligible reservation=none
GAXERA: MEMMAP_REGION index=32 start=0x0000000080000000 end=0x00000000803e8000 len=0x00000000003e8000 source_type=7 class=framebuffer allocator=ineligible reservation=none
GAXERA: MEMMAP_REGION index=33 start=0x000000fd00000000 end=0x0000010000000000 len=0x0000000300000000 source_type=1 class=reserved allocator=ineligible reservation=none
GAXERA: MEMMAP_END
GAXERA: BOOTSTRAP_FRAME_ALLOCATOR_READY ranges=8
GAXERA: PAGING_HHDM_MAPPED
GAXERA: PAGING_TEXT_MAPPED
GAXERA: PAGING_FRAMEBUFFER_MAPPED
GAXERA: PAGE_TABLES_READY root=0x0000000000000000 reservations=3
GAXERA: CR3_GAXERA_OWNED
GAXERA: PHYSICAL_FRAME_ALLOCATOR_READY frames=113979 bitmap_words=1781
GAXERA: MEMORY_FOUNDATION_OK heap=0xfffffe8000001000 size=2097152 lower_guard=0xfffffe8000000000
GAXERA KERNEL PANIC at kernel/src/main.rs:321:5: intentional Phase 2 panic proof
GAXERA: PANIC_DIAGNOSTICS_BEGIN
GAXERA: PANIC_CPU_STATE rsp=0xffffffff80159c10 rbp=0xffffffff80159c80 rflags=0x0000000000000082 cr2=0x0000000000000000 cr3=0x0000000000000000
GAXERA: PANIC_BACKTRACE_BEGIN
GAXERA: PANIC_BACKTRACE_FRAME index=0 ip=0xffffffff80021451
GAXERA: PANIC_BACKTRACE_FRAME index=1 ip=0xffffffff80001a18
GAXERA: PANIC_BACKTRACE_FRAME index=2 ip=0xffffffff8011a233
GAXERA: PANIC_BACKTRACE_FRAME index=3 ip=0xffffffff80002a05
GAXERA: PANIC_BACKTRACE_FRAME index=4 ip=0xffffffff8002bd62
GAXERA: PANIC_BACKTRACE_END frames=5 reason=chain-end
GAXERA: PANIC_DIAGNOSTICS_COMPLETE frames=5
Guest-confirmed QEMU test passed.
=== Building Gaxera Kernel ISO ===
     Removed 300 files, 128.8MiB total
Compiling kernel binary...
   Compiling kernel v0.1.0 (/home/nyx/gaxera/kernel)
    Finished `dev` profile [unoptimized + debuginfo] target(s) in 2.46s
Compiling guest binary (init)...
    Finished `dev` profile [unoptimized + debuginfo] target(s) in 0.04s
Assembling ISO directory structure...
Compiling ramfs binary...
    Finished `dev` profile [unoptimized + debuginfo] target(s) in 0.04s
Compiling script_session binary...
    Finished `dev` profile [unoptimized + debuginfo] target(s) in 0.03s
Packaging GaxFS ramfs.img...
Packaging bootable ISO image via xorriso...
xorriso 1.5.6 : RockRidge filesystem manipulator, libburnia project.

Drive current: -outdev 'stdio:target/gaxera.iso'
Media current: stdio file, overwriteable
Media status : is blank
Media summary: 0 sessions, 0 data blocks, 0 data,  943g free
Added to ISO image: directory '/'='/home/nyx/gaxera/target/iso_root'
xorriso : UPDATE :      16 files added in 1 seconds
xorriso : UPDATE :      16 files added in 1 seconds
ISO image produced: 14416 sectors
Written to medium : 14416 sectors at LBA 0
Writing to 'stdio:target/gaxera.iso' completed successfully.

Installing bootloader record sector...
Physical block size of 512 bytes.
Installing to GPT. Logical block size of 512 bytes.
Secondary header at LBA 0xe13f.
Secondary header valid.
Detected ISOHYBRID with a GUID partition table (GPT).
Converting to MBR for improved compatibility...
Conversion successful.
No active partition found, some systems may not boot.
Setting partition 1 as active to work around the issue...
Installing to MBR.
Stage 2 to be located at byte offset 0x200.
Reminder: Remember to copy the limine-bios.sys file in either
          the root, /boot, /limine, or /boot/limine directories of
          one of the partitions on the device, or boot will fail!
Limine BIOS stages installed successfully.
Gaxera packaging successfully compiled to target/gaxera.iso!
=== Launching QEMU Virtual Machine ===
OVMF UEFI firmware detected. Booting in UEFI mode.
Headless mode selected.
[2J[001;001H[=3h[2J[001;001H[2J[001;001H[8;056;240t[2J[001;001H[2J[001;001H[=3h[2J[001;001H[2J[001;001H[8;042;160t[2J[001;001HBdsDxe: loading Boot0002 "UEFI QEMU DVD-ROM QM00003 " from PciRoot(0x0)/Pci(0x1,0x1)/Ata(Secondary,Master,0x0)
BdsDxe: starting Boot0002 "UEFI QEMU DVD-ROM QM00003 " from PciRoot(0x0)/Pci(0x1,0x1)/Ata(Secondary,Master,0x0)
[001;001H[001;001H[001;001Hl[001;002Hi[001;003Hm[001;004Hi[001;005Hn[001;006He[001;007H:[001;008H [001;009HL[001;010Ho[001;011Ha[001;012Hd[001;013Hi[001;014Hn[001;015Hg[001;016H [001;017He[001;018Hx[001;019He[001;020Hc[001;021Hu[001;022Ht[001;023Ha[001;024Hb[001;025Hl[001;026He[001;027H [001;028H`[001;029Hb[001;030Ho[001;031Ho[001;032Ht[001;033H([001;034H)[001;035H:[001;036H/[001;037Hb[001;038Ho[001;039Ho[001;040Ht[001;041H/[001;042Hg[001;043Ha[001;044Hx[001;045He[001;046Hr[001;047Ha[001;048H.[001;049He[001;050Hl[001;051Hf[001;052H`[001;053H.[001;054H.[001;055H.[001;056H[001;001H[002;001Hl[002;002Hi[002;003Hm[002;004Hi[002;005Hn[002;006He[002;007H:[002;008H [002;009HL[002;010Ho[002;011Ha[002;012Hd[002;013Hi[002;014Hn[002;015Hg[002;016H [002;017Hm[002;018Ho[002;019Hd[002;020Hu[002;021Hl[002;022He[002;023H [002;024H`[002;025Hb[002;026Ho[002;027Ho[002;028Ht[002;029H([002;030H)[002;031H:[002;032H/[002;033Hb[002;034Ho[002;035Ho[002;036Ht[002;037H/[002;038Hi[002;039Hn[002;040Hi[002;041Ht[002;042H.[002;043He[002;044Hl[002;045Hf[002;046H`[002;047H.[002;048H.[002;049H.[002;050H[002;001H[003;001Hl[003;002Hi[003;003Hm[003;004Hi[003;005Hn[003;006He[003;007H:[003;008H [003;009HL[003;010Ho[003;011Ha[003;012Hd[003;013Hi[003;014Hn[003;015Hg[003;016H [003;017Hm[003;018Ho[003;019Hd[003;020Hu[003;021Hl[003;022He[003;023H [003;024H`[003;025Hb[003;026Ho[003;027Ho[003;028Ht[003;029H([003;030H)[003;031H:[003;032H/[003;033Hb[003;034Ho[003;035Ho[003;036Ht[003;037H/[003;038Hr[003;039Ha[003;040Hm[003;041Hf[003;042Hs[003;043H.[003;044He[003;045Hl[003;046Hf[003;047H`[003;048H.[003;049H.[003;050H.[003;051H[003;001H[004;001Hl[004;002Hi[004;003Hm[004;004Hi[004;005Hn[004;006He[004;007H:[004;008H [004;009HL[004;010Ho[004;011Ha[004;012Hd[004;013Hi[004;014Hn[004;015Hg[004;016H [004;017Hm[004;018Ho[004;019Hd[004;020Hu[004;021Hl[004;022He[004;023H [004;024H`[004;025Hb[004;026Ho[004;027Ho[004;028Ht[004;029H([004;030H)[004;031H:[004;032H/[004;033Hb[004;034Ho[004;035Ho[004;036Ht[004;037H/[004;038Hs[004;039Hc[004;040Hr[004;041Hi[004;042Hp[004;043Ht[004;044H_[004;045Hs[004;046He[004;047Hs[004;048Hs[004;049Hi[004;050Ho[004;051Hn[004;052H.[004;053He[004;054Hl[004;055Hf[004;056H`[004;057H.[004;058H.[004;059H.[004;060H[004;001H[005;001Hl[005;002Hi[005;003Hm[005;004Hi[005;005Hn[005;006He[005;007H:[005;008H [005;009HL[005;010Ho[005;011Ha[005;012Hd[005;013Hi[005;014Hn[005;015Hg[005;016H [005;017Hm[005;018Ho[005;019Hd[005;020Hu[005;021Hl[005;022He[005;023H [005;024H`[005;025Hb[005;026Ho[005;027Ho[005;028Ht[005;029H([005;030H)[005;031H:[005;032H/[005;033Hb[005;034Ho[005;035Ho[005;036Ht[005;037H/[005;038Hr[005;039Ha[005;040Hm[005;041Hf[005;042Hs[005;043H.[005;044Hi[005;045Hm[005;046Hg[005;047H`[005;048H.[005;049H.[005;050H.[005;051H[005;001H[006;001HGAXERA: BOOT_STACK_READY
GAXERA: DESCRIPTORS_AND_IDT_READY
GAXERA: BOOT_CONTEXT_READY kernel_phys=0x00000000196c4000 kernel_virt=0xffffffff80000000 rsdp_phys=0x000000001fb7e014
GAXERA: MEMMAP_BEGIN count=34
GAXERA: MEMMAP_REGION index=0 start=0x0000000000000000 end=0x0000000000087000 len=0x0000000000087000 source_type=0 class=usable allocator=eligible reservation=none
GAXERA: MEMMAP_REGION index=1 start=0x0000000000087000 end=0x0000000000088000 len=0x0000000000001000 source_type=5 class=bootloader-reclaimable allocator=ineligible reservation=none
GAXERA: MEMMAP_REGION index=2 start=0x0000000000088000 end=0x00000000000a0000 len=0x0000000000018000 source_type=0 class=usable allocator=eligible reservation=none
GAXERA: MEMMAP_REGION index=3 start=0x0000000000100000 end=0x0000000000800000 len=0x0000000000700000 source_type=0 class=usable allocator=eligible reservation=none
GAXERA: MEMMAP_REGION index=4 start=0x0000000000800000 end=0x0000000000808000 len=0x0000000000008000 source_type=3 class=acpi-nvs allocator=ineligible reservation=none
GAXERA: MEMMAP_REGION index=5 start=0x0000000000808000 end=0x000000000080b000 len=0x0000000000003000 source_type=0 class=usable allocator=eligible reservation=none
GAXERA: MEMMAP_REGION index=6 start=0x000000000080b000 end=0x000000000080c000 len=0x0000000000001000 source_type=3 class=acpi-nvs allocator=ineligible reservation=none
GAXERA: MEMMAP_REGION index=7 start=0x000000000080c000 end=0x0000000000814000 len=0x0000000000008000 source_type=0 class=usable allocator=eligible reservation=none
GAXERA: MEMMAP_REGION index=8 start=0x0000000000814000 end=0x0000000000900000 len=0x00000000000ec000 source_type=3 class=acpi-nvs allocator=ineligible reservation=none
GAXERA: MEMMAP_REGION index=9 start=0x0000000000900000 end=0x0000000001780000 len=0x0000000000e80000 source_type=5 class=bootloader-reclaimable allocator=ineligible reservation=none
GAXERA: MEMMAP_REGION index=10 start=0x0000000001780000 end=0x0000000018d20000 len=0x00000000175a0000 source_type=0 class=usable allocator=eligible reservation=none
GAXERA: MEMMAP_REGION index=11 start=0x0000000018d20000 end=0x0000000018d2d000 len=0x000000000000d000 source_type=5 class=bootloader-reclaimable allocator=ineligible reservation=none
GAXERA: MEMMAP_REGION index=12 start=0x0000000018d2d000 end=0x0000000018fdc000 len=0x00000000002af000 source_type=6 class=executable-and-modules allocator=ineligible reservation=none
GAXERA: MEMMAP_REGION index=13 start=0x0000000018fdc000 end=0x000000001928a000 len=0x00000000002ae000 source_type=6 class=executable-and-modules allocator=ineligible reservation=none
GAXERA: MEMMAP_REGION index=14 start=0x000000001928a000 end=0x00000000196c4000 len=0x000000000043a000 source_type=6 class=executable-and-modules allocator=ineligible reservation=none
GAXERA: MEMMAP_REGION index=15 start=0x00000000196c4000 end=0x0000000019830000 len=0x000000000016c000 source_type=6 class=executable-and-modules allocator=ineligible reservation=none
GAXERA: MEMMAP_REGION index=16 start=0x0000000019830000 end=0x000000001a66c000 len=0x0000000000e3c000 source_type=5 class=bootloader-reclaimable allocator=ineligible reservation=none
GAXERA: MEMMAP_REGION index=17 start=0x000000001a66c000 end=0x000000001bf6c000 len=0x0000000001900000 source_type=0 class=usable allocator=eligible reservation=none
GAXERA: MEMMAP_REGION index=18 start=0x000000001bf6c000 end=0x000000001bfaa000 len=0x000000000003e000 source_type=5 class=bootloader-reclaimable allocator=ineligible reservation=none
GAXERA: MEMMAP_REGION index=19 start=0x000000001bfaa000 end=0x000000001bfab000 len=0x0000000000001000 source_type=6 class=executable-and-modules allocator=ineligible reservation=none
GAXERA: MEMMAP_REGION index=20 start=0x000000001bfab000 end=0x000000001bfaf000 len=0x0000000000004000 source_type=5 class=bootloader-reclaimable allocator=ineligible reservation=none
GAXERA: MEMMAP_REGION index=21 start=0x000000001bfaf000 end=0x000000001e6a0000 len=0x00000000026f1000 source_type=0 class=usable allocator=eligible reservation=none
GAXERA: MEMMAP_REGION index=22 start=0x000000001e6a0000 end=0x000000001ed3f000 len=0x000000000069f000 source_type=5 class=bootloader-reclaimable allocator=ineligible reservation=none
GAXERA: MEMMAP_REGION index=23 start=0x000000001ed3f000 end=0x000000001ee00000 len=0x00000000000c1000 source_type=8 class=mapped-reserved allocator=ineligible reservation=none
GAXERA: MEMMAP_REGION index=24 start=0x000000001ee00000 end=0x000000001f8ed000 len=0x0000000000aed000 source_type=5 class=bootloader-reclaimable allocator=ineligible reservation=none
GAXERA: MEMMAP_REGION index=25 start=0x000000001f8ed000 end=0x000000001faed000 len=0x0000000000200000 source_type=8 class=mapped-reserved allocator=ineligible reservation=none
GAXERA: MEMMAP_REGION index=26 start=0x000000001faed000 end=0x000000001fb6d000 len=0x0000000000080000 source_type=1 class=reserved allocator=ineligible reservation=none
GAXERA: MEMMAP_REGION index=27 start=0x000000001fb6d000 end=0x000000001fb7f000 len=0x0000000000012000 source_type=2 class=acpi-reclaimable allocator=ineligible reservation=none
GAXERA: MEMMAP_REGION index=28 start=0x000000001fb7f000 end=0x000000001fbff000 len=0x0000000000080000 source_type=3 class=acpi-nvs allocator=ineligible reservation=none
GAXERA: MEMMAP_REGION index=29 start=0x000000001fbff000 end=0x000000001fef4000 len=0x00000000002f5000 source_type=5 class=bootloader-reclaimable allocator=ineligible reservation=none
GAXERA: MEMMAP_REGION index=30 start=0x000000001fef4000 end=0x000000001ff78000 len=0x0000000000084000 source_type=8 class=mapped-reserved allocator=ineligible reservation=none
GAXERA: MEMMAP_REGION index=31 start=0x000000001ff78000 end=0x0000000020000000 len=0x0000000000088000 source_type=3 class=acpi-nvs allocator=ineligible reservation=none
GAXERA: MEMMAP_REGION index=32 start=0x0000000080000000 end=0x00000000803e8000 len=0x00000000003e8000 source_type=7 class=framebuffer allocator=ineligible reservation=none
GAXERA: MEMMAP_REGION index=33 start=0x000000fd00000000 end=0x0000010000000000 len=0x0000000300000000 source_type=1 class=reserved allocator=ineligible reservation=none
GAXERA: MEMMAP_END
GAXERA: BOOTSTRAP_FRAME_ALLOCATOR_READY ranges=8
GAXERA: PAGING_HHDM_MAPPED
GAXERA: PAGING_TEXT_MAPPED
GAXERA: PAGING_FRAMEBUFFER_MAPPED
GAXERA: PAGE_TABLES_READY root=0x0000000000000000 reservations=3
GAXERA: CR3_GAXERA_OWNED
GAXERA: PHYSICAL_FRAME_ALLOCATOR_READY frames=113979 bitmap_words=1781
GAXERA: MEMORY_FOUNDATION_OK heap=0xfffffe8000001000 size=2097152 lower_guard=0xfffffe8000000000
Guest-confirmed QEMU test passed.
=== Building Gaxera Kernel ISO ===
     Removed 300 files, 128.8MiB total
Compiling kernel binary...
   Compiling kernel v0.1.0 (/home/nyx/gaxera/kernel)
    Finished `dev` profile [unoptimized + debuginfo] target(s) in 2.49s
Compiling guest binary (init)...
    Finished `dev` profile [unoptimized + debuginfo] target(s) in 0.04s
Assembling ISO directory structure...
Compiling ramfs binary...
    Finished `dev` profile [unoptimized + debuginfo] target(s) in 0.03s
Compiling script_session binary...
    Finished `dev` profile [unoptimized + debuginfo] target(s) in 0.03s
Packaging GaxFS ramfs.img...
Packaging bootable ISO image via xorriso...
xorriso 1.5.6 : RockRidge filesystem manipulator, libburnia project.

Drive current: -outdev 'stdio:target/gaxera.iso'
Media current: stdio file, overwriteable
Media status : is blank
Media summary: 0 sessions, 0 data blocks, 0 data,  943g free
Added to ISO image: directory '/'='/home/nyx/gaxera/target/iso_root'
xorriso : UPDATE :      16 files added in 1 seconds
xorriso : UPDATE :      16 files added in 1 seconds
ISO image produced: 14565 sectors
Written to medium : 14565 sectors at LBA 0
Writing to 'stdio:target/gaxera.iso' completed successfully.

Installing bootloader record sector...
Physical block size of 512 bytes.
Installing to GPT. Logical block size of 512 bytes.
Secondary header at LBA 0xe393.
Secondary header valid.
Detected ISOHYBRID with a GUID partition table (GPT).
Converting to MBR for improved compatibility...
Conversion successful.
No active partition found, some systems may not boot.
Setting partition 1 as active to work around the issue...
Installing to MBR.
Stage 2 to be located at byte offset 0x200.
Reminder: Remember to copy the limine-bios.sys file in either
          the root, /boot, /limine, or /boot/limine directories of
          one of the partitions on the device, or boot will fail!
Limine BIOS stages installed successfully.
Gaxera packaging successfully compiled to target/gaxera.iso!
=== Launching QEMU Virtual Machine ===
OVMF UEFI firmware detected. Booting in UEFI mode.
Headless mode selected.
[2J[001;001H[=3h[2J[001;001H[2J[001;001H[8;056;240t[2J[001;001H[2J[001;001H[=3h[2J[001;001H[2J[001;001H[8;042;160t[2J[001;001HBdsDxe: loading Boot0002 "UEFI QEMU DVD-ROM QM00003 " from PciRoot(0x0)/Pci(0x1,0x1)/Ata(Secondary,Master,0x0)
BdsDxe: starting Boot0002 "UEFI QEMU DVD-ROM QM00003 " from PciRoot(0x0)/Pci(0x1,0x1)/Ata(Secondary,Master,0x0)
[001;001H[001;001H[001;001Hl[001;002Hi[001;003Hm[001;004Hi[001;005Hn[001;006He[001;007H:[001;008H [001;009HL[001;010Ho[001;011Ha[001;012Hd[001;013Hi[001;014Hn[001;015Hg[001;016H [001;017He[001;018Hx[001;019He[001;020Hc[001;021Hu[001;022Ht[001;023Ha[001;024Hb[001;025Hl[001;026He[001;027H [001;028H`[001;029Hb[001;030Ho[001;031Ho[001;032Ht[001;033H([001;034H)[001;035H:[001;036H/[001;037Hb[001;038Ho[001;039Ho[001;040Ht[001;041H/[001;042Hg[001;043Ha[001;044Hx[001;045He[001;046Hr[001;047Ha[001;048H.[001;049He[001;050Hl[001;051Hf[001;052H`[001;053H.[001;054H.[001;055H.[001;056H[001;001H[002;001Hl[002;002Hi[002;003Hm[002;004Hi[002;005Hn[002;006He[002;007H:[002;008H [002;009HL[002;010Ho[002;011Ha[002;012Hd[002;013Hi[002;014Hn[002;015Hg[002;016H [002;017Hm[002;018Ho[002;019Hd[002;020Hu[002;021Hl[002;022He[002;023H [002;024H`[002;025Hb[002;026Ho[002;027Ho[002;028Ht[002;029H([002;030H)[002;031H:[002;032H/[002;033Hb[002;034Ho[002;035Ho[002;036Ht[002;037H/[002;038Hi[002;039Hn[002;040Hi[002;041Ht[002;042H.[002;043He[002;044Hl[002;045Hf[002;046H`[002;047H.[002;048H.[002;049H.[002;050H[002;001H[003;001Hl[003;002Hi[003;003Hm[003;004Hi[003;005Hn[003;006He[003;007H:[003;008H [003;009HL[003;010Ho[003;011Ha[003;012Hd[003;013Hi[003;014Hn[003;015Hg[003;016H [003;017Hm[003;018Ho[003;019Hd[003;020Hu[003;021Hl[003;022He[003;023H [003;024H`[003;025Hb[003;026Ho[003;027Ho[003;028Ht[003;029H([003;030H)[003;031H:[003;032H/[003;033Hb[003;034Ho[003;035Ho[003;036Ht[003;037H/[003;038Hr[003;039Ha[003;040Hm[003;041Hf[003;042Hs[003;043H.[003;044He[003;045Hl[003;046Hf[003;047H`[003;048H.[003;049H.[003;050H.[003;051H[003;001H[004;001Hl[004;002Hi[004;003Hm[004;004Hi[004;005Hn[004;006He[004;007H:[004;008H [004;009HL[004;010Ho[004;011Ha[004;012Hd[004;013Hi[004;014Hn[004;015Hg[004;016H [004;017Hm[004;018Ho[004;019Hd[004;020Hu[004;021Hl[004;022He[004;023H [004;024H`[004;025Hb[004;026Ho[004;027Ho[004;028Ht[004;029H([004;030H)[004;031H:[004;032H/[004;033Hb[004;034Ho[004;035Ho[004;036Ht[004;037H/[004;038Hs[004;039Hc[004;040Hr[004;041Hi[004;042Hp[004;043Ht[004;044H_[004;045Hs[004;046He[004;047Hs[004;048Hs[004;049Hi[004;050Ho[004;051Hn[004;052H.[004;053He[004;054Hl[004;055Hf[004;056H`[004;057H.[004;058H.[004;059H.[004;060H[004;001H[005;001Hl[005;002Hi[005;003Hm[005;004Hi[005;005Hn[005;006He[005;007H:[005;008H [005;009HL[005;010Ho[005;011Ha[005;012Hd[005;013Hi[005;014Hn[005;015Hg[005;016H [005;017Hm[005;018Ho[005;019Hd[005;020Hu[005;021Hl[005;022He[005;023H [005;024H`[005;025Hb[005;026Ho[005;027Ho[005;028Ht[005;029H([005;030H)[005;031H:[005;032H/[005;033Hb[005;034Ho[005;035Ho[005;036Ht[005;037H/[005;038Hr[005;039Ha[005;040Hm[005;041Hf[005;042Hs[005;043H.[005;044Hi[005;045Hm[005;046Hg[005;047H`[005;048H.[005;049H.[005;050H.[005;051H[005;001H[006;001HGAXERA: BOOT_STACK_READY
GAXERA: DESCRIPTORS_AND_IDT_READY
GAXERA: BOOT_CONTEXT_READY kernel_phys=0x000000001965e000 kernel_virt=0xffffffff80000000 rsdp_phys=0x000000001fb7e014
GAXERA: MEMMAP_BEGIN count=34
GAXERA: MEMMAP_REGION index=0 start=0x0000000000000000 end=0x0000000000087000 len=0x0000000000087000 source_type=0 class=usable allocator=eligible reservation=none
GAXERA: MEMMAP_REGION index=1 start=0x0000000000087000 end=0x0000000000088000 len=0x0000000000001000 source_type=5 class=bootloader-reclaimable allocator=ineligible reservation=none
GAXERA: MEMMAP_REGION index=2 start=0x0000000000088000 end=0x00000000000a0000 len=0x0000000000018000 source_type=0 class=usable allocator=eligible reservation=none
GAXERA: MEMMAP_REGION index=3 start=0x0000000000100000 end=0x0000000000800000 len=0x0000000000700000 source_type=0 class=usable allocator=eligible reservation=none
GAXERA: MEMMAP_REGION index=4 start=0x0000000000800000 end=0x0000000000808000 len=0x0000000000008000 source_type=3 class=acpi-nvs allocator=ineligible reservation=none
GAXERA: MEMMAP_REGION index=5 start=0x0000000000808000 end=0x000000000080b000 len=0x0000000000003000 source_type=0 class=usable allocator=eligible reservation=none
GAXERA: MEMMAP_REGION index=6 start=0x000000000080b000 end=0x000000000080c000 len=0x0000000000001000 source_type=3 class=acpi-nvs allocator=ineligible reservation=none
GAXERA: MEMMAP_REGION index=7 start=0x000000000080c000 end=0x0000000000814000 len=0x0000000000008000 source_type=0 class=usable allocator=eligible reservation=none
GAXERA: MEMMAP_REGION index=8 start=0x0000000000814000 end=0x0000000000900000 len=0x00000000000ec000 source_type=3 class=acpi-nvs allocator=ineligible reservation=none
GAXERA: MEMMAP_REGION index=9 start=0x0000000000900000 end=0x0000000001780000 len=0x0000000000e80000 source_type=5 class=bootloader-reclaimable allocator=ineligible reservation=none
GAXERA: MEMMAP_REGION index=10 start=0x0000000001780000 end=0x0000000018cba000 len=0x000000001753a000 source_type=0 class=usable allocator=eligible reservation=none
GAXERA: MEMMAP_REGION index=11 start=0x0000000018cba000 end=0x0000000018cc7000 len=0x000000000000d000 source_type=5 class=bootloader-reclaimable allocator=ineligible reservation=none
GAXERA: MEMMAP_REGION index=12 start=0x0000000018cc7000 end=0x0000000018f76000 len=0x00000000002af000 source_type=6 class=executable-and-modules allocator=ineligible reservation=none
GAXERA: MEMMAP_REGION index=13 start=0x0000000018f76000 end=0x0000000019224000 len=0x00000000002ae000 source_type=6 class=executable-and-modules allocator=ineligible reservation=none
GAXERA: MEMMAP_REGION index=14 start=0x0000000019224000 end=0x000000001965e000 len=0x000000000043a000 source_type=6 class=executable-and-modules allocator=ineligible reservation=none
GAXERA: MEMMAP_REGION index=15 start=0x000000001965e000 end=0x00000000197e5000 len=0x0000000000187000 source_type=6 class=executable-and-modules allocator=ineligible reservation=none
GAXERA: MEMMAP_REGION index=16 start=0x00000000197e5000 end=0x000000001a66c000 len=0x0000000000e87000 source_type=5 class=bootloader-reclaimable allocator=ineligible reservation=none
GAXERA: MEMMAP_REGION index=17 start=0x000000001a66c000 end=0x000000001bf6c000 len=0x0000000001900000 source_type=0 class=usable allocator=eligible reservation=none
GAXERA: MEMMAP_REGION index=18 start=0x000000001bf6c000 end=0x000000001bfaa000 len=0x000000000003e000 source_type=5 class=bootloader-reclaimable allocator=ineligible reservation=none
GAXERA: MEMMAP_REGION index=19 start=0x000000001bfaa000 end=0x000000001bfab000 len=0x0000000000001000 source_type=6 class=executable-and-modules allocator=ineligible reservation=none
GAXERA: MEMMAP_REGION index=20 start=0x000000001bfab000 end=0x000000001bfaf000 len=0x0000000000004000 source_type=5 class=bootloader-reclaimable allocator=ineligible reservation=none
GAXERA: MEMMAP_REGION index=21 start=0x000000001bfaf000 end=0x000000001e6a0000 len=0x00000000026f1000 source_type=0 class=usable allocator=eligible reservation=none
GAXERA: MEMMAP_REGION index=22 start=0x000000001e6a0000 end=0x000000001ed3f000 len=0x000000000069f000 source_type=5 class=bootloader-reclaimable allocator=ineligible reservation=none
GAXERA: MEMMAP_REGION index=23 start=0x000000001ed3f000 end=0x000000001ee00000 len=0x00000000000c1000 source_type=8 class=mapped-reserved allocator=ineligible reservation=none
GAXERA: MEMMAP_REGION index=24 start=0x000000001ee00000 end=0x000000001f8ed000 len=0x0000000000aed000 source_type=5 class=bootloader-reclaimable allocator=ineligible reservation=none
GAXERA: MEMMAP_REGION index=25 start=0x000000001f8ed000 end=0x000000001faed000 len=0x0000000000200000 source_type=8 class=mapped-reserved allocator=ineligible reservation=none
GAXERA: MEMMAP_REGION index=26 start=0x000000001faed000 end=0x000000001fb6d000 len=0x0000000000080000 source_type=1 class=reserved allocator=ineligible reservation=none
GAXERA: MEMMAP_REGION index=27 start=0x000000001fb6d000 end=0x000000001fb7f000 len=0x0000000000012000 source_type=2 class=acpi-reclaimable allocator=ineligible reservation=none
GAXERA: MEMMAP_REGION index=28 start=0x000000001fb7f000 end=0x000000001fbff000 len=0x0000000000080000 source_type=3 class=acpi-nvs allocator=ineligible reservation=none
GAXERA: MEMMAP_REGION index=29 start=0x000000001fbff000 end=0x000000001fef4000 len=0x00000000002f5000 source_type=5 class=bootloader-reclaimable allocator=ineligible reservation=none
GAXERA: MEMMAP_REGION index=30 start=0x000000001fef4000 end=0x000000001ff78000 len=0x0000000000084000 source_type=8 class=mapped-reserved allocator=ineligible reservation=none
GAXERA: MEMMAP_REGION index=31 start=0x000000001ff78000 end=0x0000000020000000 len=0x0000000000088000 source_type=3 class=acpi-nvs allocator=ineligible reservation=none
GAXERA: MEMMAP_REGION index=32 start=0x0000000080000000 end=0x00000000803e8000 len=0x00000000003e8000 source_type=7 class=framebuffer allocator=ineligible reservation=none
GAXERA: MEMMAP_REGION index=33 start=0x000000fd00000000 end=0x0000010000000000 len=0x0000000300000000 source_type=1 class=reserved allocator=ineligible reservation=none
GAXERA: MEMMAP_END
GAXERA: BOOTSTRAP_FRAME_ALLOCATOR_READY ranges=8
GAXERA: PAGING_HHDM_MAPPED
GAXERA: PAGING_TEXT_MAPPED
GAXERA: PAGING_FRAMEBUFFER_MAPPED
GAXERA: PAGE_TABLES_READY root=0x0000000000000000 reservations=3
GAXERA: CR3_GAXERA_OWNED
GAXERA: PHYSICAL_FRAME_ALLOCATOR_READY frames=113877 bitmap_words=1780
GAXERA: MEMORY_FOUNDATION_OK heap=0xfffffe8000001000 size=2097152 lower_guard=0xfffffe8000000000
GAXERA: HEAP_GUARD_PAGE_FAULT_CAUGHT cr2=0xfffffe8000000000 error=PageFaultErrorCode(0x0)
Guest-confirmed QEMU test passed.
=== Building Gaxera Kernel ISO ===
     Removed 318 files, 130.1MiB total
Compiling kernel binary...
   Compiling kernel v0.1.0 (/home/nyx/gaxera/kernel)
    Finished `dev` profile [unoptimized + debuginfo] target(s) in 2.52s
Compiling guest binary (init)...
    Finished `dev` profile [unoptimized + debuginfo] target(s) in 0.03s
Assembling ISO directory structure...
Compiling ramfs binary...
    Finished `dev` profile [unoptimized + debuginfo] target(s) in 0.03s
Compiling script_session binary...
    Finished `dev` profile [unoptimized + debuginfo] target(s) in 0.03s
Packaging GaxFS ramfs.img...
Packaging bootable ISO image via xorriso...
xorriso 1.5.6 : RockRidge filesystem manipulator, libburnia project.

Drive current: -outdev 'stdio:target/gaxera.iso'
Media current: stdio file, overwriteable
Media status : is blank
Media summary: 0 sessions, 0 data blocks, 0 data,  943g free
Added to ISO image: directory '/'='/home/nyx/gaxera/target/iso_root'
xorriso : UPDATE :      16 files added in 1 seconds
xorriso : UPDATE :      16 files added in 1 seconds
ISO image produced: 14496 sectors
Written to medium : 14496 sectors at LBA 0
Writing to 'stdio:target/gaxera.iso' completed successfully.

Installing bootloader record sector...
Physical block size of 512 bytes.
Installing to GPT. Logical block size of 512 bytes.
Secondary header at LBA 0xe27f.
Secondary header valid.
Detected ISOHYBRID with a GUID partition table (GPT).
Converting to MBR for improved compatibility...
Conversion successful.
No active partition found, some systems may not boot.
Setting partition 1 as active to work around the issue...
Installing to MBR.
Stage 2 to be located at byte offset 0x200.
Reminder: Remember to copy the limine-bios.sys file in either
          the root, /boot, /limine, or /boot/limine directories of
          one of the partitions on the device, or boot will fail!
Limine BIOS stages installed successfully.
Gaxera packaging successfully compiled to target/gaxera.iso!
=== Launching QEMU Virtual Machine ===
OVMF UEFI firmware detected. Booting in UEFI mode.
Headless mode selected.
[2J[001;001H[=3h[2J[001;001H[2J[001;001H[8;056;240t[2J[001;001H[2J[001;001H[=3h[2J[001;001H[2J[001;001H[8;042;160t[2J[001;001HBdsDxe: loading Boot0002 "UEFI QEMU DVD-ROM QM00003 " from PciRoot(0x0)/Pci(0x1,0x1)/Ata(Secondary,Master,0x0)
BdsDxe: starting Boot0002 "UEFI QEMU DVD-ROM QM00003 " from PciRoot(0x0)/Pci(0x1,0x1)/Ata(Secondary,Master,0x0)
[001;001H[001;001H[001;001Hl[001;002Hi[001;003Hm[001;004Hi[001;005Hn[001;006He[001;007H:[001;008H [001;009HL[001;010Ho[001;011Ha[001;012Hd[001;013Hi[001;014Hn[001;015Hg[001;016H [001;017He[001;018Hx[001;019He[001;020Hc[001;021Hu[001;022Ht[001;023Ha[001;024Hb[001;025Hl[001;026He[001;027H [001;028H`[001;029Hb[001;030Ho[001;031Ho[001;032Ht[001;033H([001;034H)[001;035H:[001;036H/[001;037Hb[001;038Ho[001;039Ho[001;040Ht[001;041H/[001;042Hg[001;043Ha[001;044Hx[001;045He[001;046Hr[001;047Ha[001;048H.[001;049He[001;050Hl[001;051Hf[001;052H`[001;053H.[001;054H.[001;055H.[001;056H[001;001H[002;001Hl[002;002Hi[002;003Hm[002;004Hi[002;005Hn[002;006He[002;007H:[002;008H [002;009HL[002;010Ho[002;011Ha[002;012Hd[002;013Hi[002;014Hn[002;015Hg[002;016H [002;017Hm[002;018Ho[002;019Hd[002;020Hu[002;021Hl[002;022He[002;023H [002;024H`[002;025Hb[002;026Ho[002;027Ho[002;028Ht[002;029H([002;030H)[002;031H:[002;032H/[002;033Hb[002;034Ho[002;035Ho[002;036Ht[002;037H/[002;038Hi[002;039Hn[002;040Hi[002;041Ht[002;042H.[002;043He[002;044Hl[002;045Hf[002;046H`[002;047H.[002;048H.[002;049H.[002;050H[002;001H[003;001Hl[003;002Hi[003;003Hm[003;004Hi[003;005Hn[003;006He[003;007H:[003;008H [003;009HL[003;010Ho[003;011Ha[003;012Hd[003;013Hi[003;014Hn[003;015Hg[003;016H [003;017Hm[003;018Ho[003;019Hd[003;020Hu[003;021Hl[003;022He[003;023H [003;024H`[003;025Hb[003;026Ho[003;027Ho[003;028Ht[003;029H([003;030H)[003;031H:[003;032H/[003;033Hb[003;034Ho[003;035Ho[003;036Ht[003;037H/[003;038Hr[003;039Ha[003;040Hm[003;041Hf[003;042Hs[003;043H.[003;044He[003;045Hl[003;046Hf[003;047H`[003;048H.[003;049H.[003;050H.[003;051H[003;001H[004;001Hl[004;002Hi[004;003Hm[004;004Hi[004;005Hn[004;006He[004;007H:[004;008H [004;009HL[004;010Ho[004;011Ha[004;012Hd[004;013Hi[004;014Hn[004;015Hg[004;016H [004;017Hm[004;018Ho[004;019Hd[004;020Hu[004;021Hl[004;022He[004;023H [004;024H`[004;025Hb[004;026Ho[004;027Ho[004;028Ht[004;029H([004;030H)[004;031H:[004;032H/[004;033Hb[004;034Ho[004;035Ho[004;036Ht[004;037H/[004;038Hs[004;039Hc[004;040Hr[004;041Hi[004;042Hp[004;043Ht[004;044H_[004;045Hs[004;046He[004;047Hs[004;048Hs[004;049Hi[004;050Ho[004;051Hn[004;052H.[004;053He[004;054Hl[004;055Hf[004;056H`[004;057H.[004;058H.[004;059H.[004;060H[004;001H[005;001Hl[005;002Hi[005;003Hm[005;004Hi[005;005Hn[005;006He[005;007H:[005;008H [005;009HL[005;010Ho[005;011Ha[005;012Hd[005;013Hi[005;014Hn[005;015Hg[005;016H [005;017Hm[005;018Ho[005;019Hd[005;020Hu[005;021Hl[005;022He[005;023H [005;024H`[005;025Hb[005;026Ho[005;027Ho[005;028Ht[005;029H([005;030H)[005;031H:[005;032H/[005;033Hb[005;034Ho[005;035Ho[005;036Ht[005;037H/[005;038Hr[005;039Ha[005;040Hm[005;041Hf[005;042Hs[005;043H.[005;044Hi[005;045Hm[005;046Hg[005;047H`[005;048H.[005;049H.[005;050H.[005;051H[005;001H[006;001HGAXERA: BOOT_STACK_READY
GAXERA: DESCRIPTORS_AND_IDT_READY
GAXERA: BOOT_CONTEXT_READY kernel_phys=0x0000000019691000 kernel_virt=0xffffffff80000000 rsdp_phys=0x000000001fb7e014
GAXERA: MEMMAP_BEGIN count=34
GAXERA: MEMMAP_REGION index=0 start=0x0000000000000000 end=0x0000000000087000 len=0x0000000000087000 source_type=0 class=usable allocator=eligible reservation=none
GAXERA: MEMMAP_REGION index=1 start=0x0000000000087000 end=0x0000000000088000 len=0x0000000000001000 source_type=5 class=bootloader-reclaimable allocator=ineligible reservation=none
GAXERA: MEMMAP_REGION index=2 start=0x0000000000088000 end=0x00000000000a0000 len=0x0000000000018000 source_type=0 class=usable allocator=eligible reservation=none
GAXERA: MEMMAP_REGION index=3 start=0x0000000000100000 end=0x0000000000800000 len=0x0000000000700000 source_type=0 class=usable allocator=eligible reservation=none
GAXERA: MEMMAP_REGION index=4 start=0x0000000000800000 end=0x0000000000808000 len=0x0000000000008000 source_type=3 class=acpi-nvs allocator=ineligible reservation=none
GAXERA: MEMMAP_REGION index=5 start=0x0000000000808000 end=0x000000000080b000 len=0x0000000000003000 source_type=0 class=usable allocator=eligible reservation=none
GAXERA: MEMMAP_REGION index=6 start=0x000000000080b000 end=0x000000000080c000 len=0x0000000000001000 source_type=3 class=acpi-nvs allocator=ineligible reservation=none
GAXERA: MEMMAP_REGION index=7 start=0x000000000080c000 end=0x0000000000814000 len=0x0000000000008000 source_type=0 class=usable allocator=eligible reservation=none
GAXERA: MEMMAP_REGION index=8 start=0x0000000000814000 end=0x0000000000900000 len=0x00000000000ec000 source_type=3 class=acpi-nvs allocator=ineligible reservation=none
GAXERA: MEMMAP_REGION index=9 start=0x0000000000900000 end=0x0000000001780000 len=0x0000000000e80000 source_type=5 class=bootloader-reclaimable allocator=ineligible reservation=none
GAXERA: MEMMAP_REGION index=10 start=0x0000000001780000 end=0x0000000018ced000 len=0x000000001756d000 source_type=0 class=usable allocator=eligible reservation=none
GAXERA: MEMMAP_REGION index=11 start=0x0000000018ced000 end=0x0000000018cfa000 len=0x000000000000d000 source_type=5 class=bootloader-reclaimable allocator=ineligible reservation=none
GAXERA: MEMMAP_REGION index=12 start=0x0000000018cfa000 end=0x0000000018fa9000 len=0x00000000002af000 source_type=6 class=executable-and-modules allocator=ineligible reservation=none
GAXERA: MEMMAP_REGION index=13 start=0x0000000018fa9000 end=0x0000000019257000 len=0x00000000002ae000 source_type=6 class=executable-and-modules allocator=ineligible reservation=none
GAXERA: MEMMAP_REGION index=14 start=0x0000000019257000 end=0x0000000019691000 len=0x000000000043a000 source_type=6 class=executable-and-modules allocator=ineligible reservation=none
GAXERA: MEMMAP_REGION index=15 start=0x0000000019691000 end=0x0000000019808000 len=0x0000000000177000 source_type=6 class=executable-and-modules allocator=ineligible reservation=none
GAXERA: MEMMAP_REGION index=16 start=0x0000000019808000 end=0x000000001a66c000 len=0x0000000000e64000 source_type=5 class=bootloader-reclaimable allocator=ineligible reservation=none
GAXERA: MEMMAP_REGION index=17 start=0x000000001a66c000 end=0x000000001bf6c000 len=0x0000000001900000 source_type=0 class=usable allocator=eligible reservation=none
GAXERA: MEMMAP_REGION index=18 start=0x000000001bf6c000 end=0x000000001bfaa000 len=0x000000000003e000 source_type=5 class=bootloader-reclaimable allocator=ineligible reservation=none
GAXERA: MEMMAP_REGION index=19 start=0x000000001bfaa000 end=0x000000001bfab000 len=0x0000000000001000 source_type=6 class=executable-and-modules allocator=ineligible reservation=none
GAXERA: MEMMAP_REGION index=20 start=0x000000001bfab000 end=0x000000001bfaf000 len=0x0000000000004000 source_type=5 class=bootloader-reclaimable allocator=ineligible reservation=none
GAXERA: MEMMAP_REGION index=21 start=0x000000001bfaf000 end=0x000000001e6a0000 len=0x00000000026f1000 source_type=0 class=usable allocator=eligible reservation=none
GAXERA: MEMMAP_REGION index=22 start=0x000000001e6a0000 end=0x000000001ed3f000 len=0x000000000069f000 source_type=5 class=bootloader-reclaimable allocator=ineligible reservation=none
GAXERA: MEMMAP_REGION index=23 start=0x000000001ed3f000 end=0x000000001ee00000 len=0x00000000000c1000 source_type=8 class=mapped-reserved allocator=ineligible reservation=none
GAXERA: MEMMAP_REGION index=24 start=0x000000001ee00000 end=0x000000001f8ed000 len=0x0000000000aed000 source_type=5 class=bootloader-reclaimable allocator=ineligible reservation=none
GAXERA: MEMMAP_REGION index=25 start=0x000000001f8ed000 end=0x000000001faed000 len=0x0000000000200000 source_type=8 class=mapped-reserved allocator=ineligible reservation=none
GAXERA: MEMMAP_REGION index=26 start=0x000000001faed000 end=0x000000001fb6d000 len=0x0000000000080000 source_type=1 class=reserved allocator=ineligible reservation=none
GAXERA: MEMMAP_REGION index=27 start=0x000000001fb6d000 end=0x000000001fb7f000 len=0x0000000000012000 source_type=2 class=acpi-reclaimable allocator=ineligible reservation=none
GAXERA: MEMMAP_REGION index=28 start=0x000000001fb7f000 end=0x000000001fbff000 len=0x0000000000080000 source_type=3 class=acpi-nvs allocator=ineligible reservation=none
GAXERA: MEMMAP_REGION index=29 start=0x000000001fbff000 end=0x000000001fef4000 len=0x00000000002f5000 source_type=5 class=bootloader-reclaimable allocator=ineligible reservation=none
GAXERA: MEMMAP_REGION index=30 start=0x000000001fef4000 end=0x000000001ff78000 len=0x0000000000084000 source_type=8 class=mapped-reserved allocator=ineligible reservation=none
GAXERA: MEMMAP_REGION index=31 start=0x000000001ff78000 end=0x0000000020000000 len=0x0000000000088000 source_type=3 class=acpi-nvs allocator=ineligible reservation=none
GAXERA: MEMMAP_REGION index=32 start=0x0000000080000000 end=0x00000000803e8000 len=0x00000000003e8000 source_type=7 class=framebuffer allocator=ineligible reservation=none
GAXERA: MEMMAP_REGION index=33 start=0x000000fd00000000 end=0x0000010000000000 len=0x0000000300000000 source_type=1 class=reserved allocator=ineligible reservation=none
GAXERA: MEMMAP_END
GAXERA: BOOTSTRAP_FRAME_ALLOCATOR_READY ranges=8
GAXERA: PAGING_HHDM_MAPPED
GAXERA: PAGING_TEXT_MAPPED
GAXERA: PAGING_FRAMEBUFFER_MAPPED
GAXERA: PAGE_TABLES_READY root=0x0000000000000000 reservations=3
GAXERA: CR3_GAXERA_OWNED
GAXERA: PHYSICAL_FRAME_ALLOCATOR_READY frames=113928 bitmap_words=1781
GAXERA: MEMORY_FOUNDATION_OK heap=0xfffffe8000001000 size=2097152 lower_guard=0xfffffe8000000000
GAXERA: KERNEL_ENTRY_OK
GAXERA: FRAMEBUFFER_OK (1280x800, pitch: 5120)
GAXERA: TEST_PATTERN_DRAWN
GAXERA: ACPI_MADT_READY local_apic_phys=0x00000000fee00000 override=false
GAXERA: ACPI_TEMPORARY_WINDOW_RELEASED
GAXERA: LOCAL_APIC_READY phys=0x00000000fee00000 vector=0xe0
GAXERA: IOAPIC_READY phys=0x00000000fec00000 gsi_base=0
GAXERA: APIC_TIMER_DELIVERY_OK ticks=3
Guest-confirmed QEMU test passed.
=== Building Gaxera Kernel ISO ===
     Removed 313 files, 129.8MiB total
Compiling kernel binary...
   Compiling kernel v0.1.0 (/home/nyx/gaxera/kernel)
    Finished `dev` profile [unoptimized + debuginfo] target(s) in 2.53s
Compiling guest binary (init)...
    Finished `dev` profile [unoptimized + debuginfo] target(s) in 0.03s
Assembling ISO directory structure...
Compiling ramfs binary...
    Finished `dev` profile [unoptimized + debuginfo] target(s) in 0.03s
Compiling script_session binary...
    Finished `dev` profile [unoptimized + debuginfo] target(s) in 0.04s
Packaging GaxFS ramfs.img...
Packaging bootable ISO image via xorriso...
xorriso 1.5.6 : RockRidge filesystem manipulator, libburnia project.

Drive current: -outdev 'stdio:target/gaxera.iso'
Media current: stdio file, overwriteable
Media status : is blank
Media summary: 0 sessions, 0 data blocks, 0 data,  943g free
Added to ISO image: directory '/'='/home/nyx/gaxera/target/iso_root'
xorriso : UPDATE :      16 files added in 1 seconds
xorriso : UPDATE :      16 files added in 1 seconds
ISO image produced: 14524 sectors
Written to medium : 14524 sectors at LBA 0
Writing to 'stdio:target/gaxera.iso' completed successfully.

Installing bootloader record sector...
Physical block size of 512 bytes.
Installing to GPT. Logical block size of 512 bytes.
Secondary header at LBA 0xe2ef.
Secondary header valid.
Detected ISOHYBRID with a GUID partition table (GPT).
Converting to MBR for improved compatibility...
Conversion successful.
No active partition found, some systems may not boot.
Setting partition 1 as active to work around the issue...
Installing to MBR.
Stage 2 to be located at byte offset 0x200.
Reminder: Remember to copy the limine-bios.sys file in either
          the root, /boot, /limine, or /boot/limine directories of
          one of the partitions on the device, or boot will fail!
Limine BIOS stages installed successfully.
Gaxera packaging successfully compiled to target/gaxera.iso!
=== Launching QEMU Virtual Machine ===
OVMF UEFI firmware detected. Booting in UEFI mode.
Headless mode selected.
[2J[001;001H[=3h[2J[001;001H[2J[001;001H[8;056;240t[2J[001;001H[2J[001;001H[=3h[2J[001;001H[2J[001;001H[8;042;160t[2J[001;001HBdsDxe: loading Boot0002 "UEFI QEMU DVD-ROM QM00003 " from PciRoot(0x0)/Pci(0x1,0x1)/Ata(Secondary,Master,0x0)
BdsDxe: starting Boot0002 "UEFI QEMU DVD-ROM QM00003 " from PciRoot(0x0)/Pci(0x1,0x1)/Ata(Secondary,Master,0x0)
[001;001H[001;001H[001;001Hl[001;002Hi[001;003Hm[001;004Hi[001;005Hn[001;006He[001;007H:[001;008H [001;009HL[001;010Ho[001;011Ha[001;012Hd[001;013Hi[001;014Hn[001;015Hg[001;016H [001;017He[001;018Hx[001;019He[001;020Hc[001;021Hu[001;022Ht[001;023Ha[001;024Hb[001;025Hl[001;026He[001;027H [001;028H`[001;029Hb[001;030Ho[001;031Ho[001;032Ht[001;033H([001;034H)[001;035H:[001;036H/[001;037Hb[001;038Ho[001;039Ho[001;040Ht[001;041H/[001;042Hg[001;043Ha[001;044Hx[001;045He[001;046Hr[001;047Ha[001;048H.[001;049He[001;050Hl[001;051Hf[001;052H`[001;053H.[001;054H.[001;055H.[001;056H[001;001H[002;001Hl[002;002Hi[002;003Hm[002;004Hi[002;005Hn[002;006He[002;007H:[002;008H [002;009HL[002;010Ho[002;011Ha[002;012Hd[002;013Hi[002;014Hn[002;015Hg[002;016H [002;017Hm[002;018Ho[002;019Hd[002;020Hu[002;021Hl[002;022He[002;023H [002;024H`[002;025Hb[002;026Ho[002;027Ho[002;028Ht[002;029H([002;030H)[002;031H:[002;032H/[002;033Hb[002;034Ho[002;035Ho[002;036Ht[002;037H/[002;038Hi[002;039Hn[002;040Hi[002;041Ht[002;042H.[002;043He[002;044Hl[002;045Hf[002;046H`[002;047H.[002;048H.[002;049H.[002;050H[002;001H[003;001Hl[003;002Hi[003;003Hm[003;004Hi[003;005Hn[003;006He[003;007H:[003;008H [003;009HL[003;010Ho[003;011Ha[003;012Hd[003;013Hi[003;014Hn[003;015Hg[003;016H [003;017Hm[003;018Ho[003;019Hd[003;020Hu[003;021Hl[003;022He[003;023H [003;024H`[003;025Hb[003;026Ho[003;027Ho[003;028Ht[003;029H([003;030H)[003;031H:[003;032H/[003;033Hb[003;034Ho[003;035Ho[003;036Ht[003;037H/[003;038Hr[003;039Ha[003;040Hm[003;041Hf[003;042Hs[003;043H.[003;044He[003;045Hl[003;046Hf[003;047H`[003;048H.[003;049H.[003;050H.[003;051H[003;001H[004;001Hl[004;002Hi[004;003Hm[004;004Hi[004;005Hn[004;006He[004;007H:[004;008H [004;009HL[004;010Ho[004;011Ha[004;012Hd[004;013Hi[004;014Hn[004;015Hg[004;016H [004;017Hm[004;018Ho[004;019Hd[004;020Hu[004;021Hl[004;022He[004;023H [004;024H`[004;025Hb[004;026Ho[004;027Ho[004;028Ht[004;029H([004;030H)[004;031H:[004;032H/[004;033Hb[004;034Ho[004;035Ho[004;036Ht[004;037H/[004;038Hs[004;039Hc[004;040Hr[004;041Hi[004;042Hp[004;043Ht[004;044H_[004;045Hs[004;046He[004;047Hs[004;048Hs[004;049Hi[004;050Ho[004;051Hn[004;052H.[004;053He[004;054Hl[004;055Hf[004;056H`[004;057H.[004;058H.[004;059H.[004;060H[004;001H[005;001Hl[005;002Hi[005;003Hm[005;004Hi[005;005Hn[005;006He[005;007H:[005;008H [005;009HL[005;010Ho[005;011Ha[005;012Hd[005;013Hi[005;014Hn[005;015Hg[005;016H [005;017Hm[005;018Ho[005;019Hd[005;020Hu[005;021Hl[005;022He[005;023H [005;024H`[005;025Hb[005;026Ho[005;027Ho[005;028Ht[005;029H([005;030H)[005;031H:[005;032H/[005;033Hb[005;034Ho[005;035Ho[005;036Ht[005;037H/[005;038Hr[005;039Ha[005;040Hm[005;041Hf[005;042Hs[005;043H.[005;044Hi[005;045Hm[005;046Hg[005;047H`[005;048H.[005;049H.[005;050H.[005;051H[005;001H[006;001HGAXERA: BOOT_STACK_READY
GAXERA: DESCRIPTORS_AND_IDT_READY
GAXERA: BOOT_CONTEXT_READY kernel_phys=0x000000001967e000 kernel_virt=0xffffffff80000000 rsdp_phys=0x000000001fb7e014
GAXERA: MEMMAP_BEGIN count=34
GAXERA: MEMMAP_REGION index=0 start=0x0000000000000000 end=0x0000000000087000 len=0x0000000000087000 source_type=0 class=usable allocator=eligible reservation=none
GAXERA: MEMMAP_REGION index=1 start=0x0000000000087000 end=0x0000000000088000 len=0x0000000000001000 source_type=5 class=bootloader-reclaimable allocator=ineligible reservation=none
GAXERA: MEMMAP_REGION index=2 start=0x0000000000088000 end=0x00000000000a0000 len=0x0000000000018000 source_type=0 class=usable allocator=eligible reservation=none
GAXERA: MEMMAP_REGION index=3 start=0x0000000000100000 end=0x0000000000800000 len=0x0000000000700000 source_type=0 class=usable allocator=eligible reservation=none
GAXERA: MEMMAP_REGION index=4 start=0x0000000000800000 end=0x0000000000808000 len=0x0000000000008000 source_type=3 class=acpi-nvs allocator=ineligible reservation=none
GAXERA: MEMMAP_REGION index=5 start=0x0000000000808000 end=0x000000000080b000 len=0x0000000000003000 source_type=0 class=usable allocator=eligible reservation=none
GAXERA: MEMMAP_REGION index=6 start=0x000000000080b000 end=0x000000000080c000 len=0x0000000000001000 source_type=3 class=acpi-nvs allocator=ineligible reservation=none
GAXERA: MEMMAP_REGION index=7 start=0x000000000080c000 end=0x0000000000814000 len=0x0000000000008000 source_type=0 class=usable allocator=eligible reservation=none
GAXERA: MEMMAP_REGION index=8 start=0x0000000000814000 end=0x0000000000900000 len=0x00000000000ec000 source_type=3 class=acpi-nvs allocator=ineligible reservation=none
GAXERA: MEMMAP_REGION index=9 start=0x0000000000900000 end=0x0000000001780000 len=0x0000000000e80000 source_type=5 class=bootloader-reclaimable allocator=ineligible reservation=none
GAXERA: MEMMAP_REGION index=10 start=0x0000000001780000 end=0x0000000018cda000 len=0x000000001755a000 source_type=0 class=usable allocator=eligible reservation=none
GAXERA: MEMMAP_REGION index=11 start=0x0000000018cda000 end=0x0000000018ce7000 len=0x000000000000d000 source_type=5 class=bootloader-reclaimable allocator=ineligible reservation=none
GAXERA: MEMMAP_REGION index=12 start=0x0000000018ce7000 end=0x0000000018f96000 len=0x00000000002af000 source_type=6 class=executable-and-modules allocator=ineligible reservation=none
GAXERA: MEMMAP_REGION index=13 start=0x0000000018f96000 end=0x0000000019244000 len=0x00000000002ae000 source_type=6 class=executable-and-modules allocator=ineligible reservation=none
GAXERA: MEMMAP_REGION index=14 start=0x0000000019244000 end=0x000000001967e000 len=0x000000000043a000 source_type=6 class=executable-and-modules allocator=ineligible reservation=none
GAXERA: MEMMAP_REGION index=15 start=0x000000001967e000 end=0x00000000197fa000 len=0x000000000017c000 source_type=6 class=executable-and-modules allocator=ineligible reservation=none
GAXERA: MEMMAP_REGION index=16 start=0x00000000197fa000 end=0x000000001a66c000 len=0x0000000000e72000 source_type=5 class=bootloader-reclaimable allocator=ineligible reservation=none
GAXERA: MEMMAP_REGION index=17 start=0x000000001a66c000 end=0x000000001bf6c000 len=0x0000000001900000 source_type=0 class=usable allocator=eligible reservation=none
GAXERA: MEMMAP_REGION index=18 start=0x000000001bf6c000 end=0x000000001bfaa000 len=0x000000000003e000 source_type=5 class=bootloader-reclaimable allocator=ineligible reservation=none
GAXERA: MEMMAP_REGION index=19 start=0x000000001bfaa000 end=0x000000001bfab000 len=0x0000000000001000 source_type=6 class=executable-and-modules allocator=ineligible reservation=none
GAXERA: MEMMAP_REGION index=20 start=0x000000001bfab000 end=0x000000001bfaf000 len=0x0000000000004000 source_type=5 class=bootloader-reclaimable allocator=ineligible reservation=none
GAXERA: MEMMAP_REGION index=21 start=0x000000001bfaf000 end=0x000000001e6a0000 len=0x00000000026f1000 source_type=0 class=usable allocator=eligible reservation=none
GAXERA: MEMMAP_REGION index=22 start=0x000000001e6a0000 end=0x000000001ed3f000 len=0x000000000069f000 source_type=5 class=bootloader-reclaimable allocator=ineligible reservation=none
GAXERA: MEMMAP_REGION index=23 start=0x000000001ed3f000 end=0x000000001ee00000 len=0x00000000000c1000 source_type=8 class=mapped-reserved allocator=ineligible reservation=none
GAXERA: MEMMAP_REGION index=24 start=0x000000001ee00000 end=0x000000001f8ed000 len=0x0000000000aed000 source_type=5 class=bootloader-reclaimable allocator=ineligible reservation=none
GAXERA: MEMMAP_REGION index=25 start=0x000000001f8ed000 end=0x000000001faed000 len=0x0000000000200000 source_type=8 class=mapped-reserved allocator=ineligible reservation=none
GAXERA: MEMMAP_REGION index=26 start=0x000000001faed000 end=0x000000001fb6d000 len=0x0000000000080000 source_type=1 class=reserved allocator=ineligible reservation=none
GAXERA: MEMMAP_REGION index=27 start=0x000000001fb6d000 end=0x000000001fb7f000 len=0x0000000000012000 source_type=2 class=acpi-reclaimable allocator=ineligible reservation=none
GAXERA: MEMMAP_REGION index=28 start=0x000000001fb7f000 end=0x000000001fbff000 len=0x0000000000080000 source_type=3 class=acpi-nvs allocator=ineligible reservation=none
GAXERA: MEMMAP_REGION index=29 start=0x000000001fbff000 end=0x000000001fef4000 len=0x00000000002f5000 source_type=5 class=bootloader-reclaimable allocator=ineligible reservation=none
GAXERA: MEMMAP_REGION index=30 start=0x000000001fef4000 end=0x000000001ff78000 len=0x0000000000084000 source_type=8 class=mapped-reserved allocator=ineligible reservation=none
GAXERA: MEMMAP_REGION index=31 start=0x000000001ff78000 end=0x0000000020000000 len=0x0000000000088000 source_type=3 class=acpi-nvs allocator=ineligible reservation=none
GAXERA: MEMMAP_REGION index=32 start=0x0000000080000000 end=0x00000000803e8000 len=0x00000000003e8000 source_type=7 class=framebuffer allocator=ineligible reservation=none
GAXERA: MEMMAP_REGION index=33 start=0x000000fd00000000 end=0x0000010000000000 len=0x0000000300000000 source_type=1 class=reserved allocator=ineligible reservation=none
GAXERA: MEMMAP_END
GAXERA: BOOTSTRAP_FRAME_ALLOCATOR_READY ranges=8
GAXERA: PAGING_HHDM_MAPPED
GAXERA: PAGING_TEXT_MAPPED
GAXERA: PAGING_FRAMEBUFFER_MAPPED
GAXERA: PAGE_TABLES_READY root=0x0000000000000000 reservations=3
GAXERA: CR3_GAXERA_OWNED
GAXERA: PHYSICAL_FRAME_ALLOCATOR_READY frames=113909 bitmap_words=1780
GAXERA: MEMORY_FOUNDATION_OK heap=0xfffffe8000001000 size=2097152 lower_guard=0xfffffe8000000000
GAXERA: KERNEL_ENTRY_OK
GAXERA: FRAMEBUFFER_OK (1280x800, pitch: 5120)
GAXERA: TEST_PATTERN_DRAWN
GAXERA: ACPI_MADT_READY local_apic_phys=0x00000000fee00000 override=false
GAXERA: ACPI_TEMPORARY_WINDOW_RELEASED
GAXERA: LOCAL_APIC_READY phys=0x00000000fee00000 vector=0xe0
GAXERA: IOAPIC_READY phys=0x00000000fec00000 gsi_base=0
GAXERA: PREEMPTION_TIMER_READY ticks_per_ms=62998
GAXERA: USER_INVALID_FRAME_REJECTED
Guest-confirmed QEMU test passed.
=== Building Gaxera Kernel ISO ===
     Removed 316 files, 130.0MiB total
Compiling kernel binary...
   Compiling kernel v0.1.0 (/home/nyx/gaxera/kernel)
    Finished `dev` profile [unoptimized + debuginfo] target(s) in 2.46s
Compiling guest binary (init)...
    Finished `dev` profile [unoptimized + debuginfo] target(s) in 0.03s
Assembling ISO directory structure...
Compiling ramfs binary...
    Finished `dev` profile [unoptimized + debuginfo] target(s) in 0.03s
Compiling script_session binary...
    Finished `dev` profile [unoptimized + debuginfo] target(s) in 0.03s
Packaging GaxFS ramfs.img...
Packaging bootable ISO image via xorriso...
xorriso 1.5.6 : RockRidge filesystem manipulator, libburnia project.

Drive current: -outdev 'stdio:target/gaxera.iso'
Media current: stdio file, overwriteable
Media status : is blank
Media summary: 0 sessions, 0 data blocks, 0 data,  943g free
Added to ISO image: directory '/'='/home/nyx/gaxera/target/iso_root'
xorriso : UPDATE :      16 files added in 1 seconds
xorriso : UPDATE :      16 files added in 1 seconds
ISO image produced: 14416 sectors
Written to medium : 14416 sectors at LBA 0
Writing to 'stdio:target/gaxera.iso' completed successfully.

Installing bootloader record sector...
Physical block size of 512 bytes.
Installing to GPT. Logical block size of 512 bytes.
Secondary header at LBA 0xe13f.
Secondary header valid.
Detected ISOHYBRID with a GUID partition table (GPT).
Converting to MBR for improved compatibility...
Conversion successful.
No active partition found, some systems may not boot.
Setting partition 1 as active to work around the issue...
Installing to MBR.
Stage 2 to be located at byte offset 0x200.
Reminder: Remember to copy the limine-bios.sys file in either
          the root, /boot, /limine, or /boot/limine directories of
          one of the partitions on the device, or boot will fail!
Limine BIOS stages installed successfully.
Gaxera packaging successfully compiled to target/gaxera.iso!
=== Launching QEMU Virtual Machine ===
OVMF UEFI firmware detected. Booting in UEFI mode.
Headless mode selected.
[2J[001;001H[=3h[2J[001;001H[2J[001;001H[8;056;240t[2J[001;001H[2J[001;001H[=3h[2J[001;001H[2J[001;001H[8;042;160t[2J[001;001HBdsDxe: loading Boot0002 "UEFI QEMU DVD-ROM QM00003 " from PciRoot(0x0)/Pci(0x1,0x1)/Ata(Secondary,Master,0x0)
BdsDxe: starting Boot0002 "UEFI QEMU DVD-ROM QM00003 " from PciRoot(0x0)/Pci(0x1,0x1)/Ata(Secondary,Master,0x0)
[001;001H[001;001H[001;001Hl[001;002Hi[001;003Hm[001;004Hi[001;005Hn[001;006He[001;007H:[001;008H [001;009HL[001;010Ho[001;011Ha[001;012Hd[001;013Hi[001;014Hn[001;015Hg[001;016H [001;017He[001;018Hx[001;019He[001;020Hc[001;021Hu[001;022Ht[001;023Ha[001;024Hb[001;025Hl[001;026He[001;027H [001;028H`[001;029Hb[001;030Ho[001;031Ho[001;032Ht[001;033H([001;034H)[001;035H:[001;036H/[001;037Hb[001;038Ho[001;039Ho[001;040Ht[001;041H/[001;042Hg[001;043Ha[001;044Hx[001;045He[001;046Hr[001;047Ha[001;048H.[001;049He[001;050Hl[001;051Hf[001;052H`[001;053H.[001;054H.[001;055H.[001;056H[001;001H[002;001Hl[002;002Hi[002;003Hm[002;004Hi[002;005Hn[002;006He[002;007H:[002;008H [002;009HL[002;010Ho[002;011Ha[002;012Hd[002;013Hi[002;014Hn[002;015Hg[002;016H [002;017Hm[002;018Ho[002;019Hd[002;020Hu[002;021Hl[002;022He[002;023H [002;024H`[002;025Hb[002;026Ho[002;027Ho[002;028Ht[002;029H([002;030H)[002;031H:[002;032H/[002;033Hb[002;034Ho[002;035Ho[002;036Ht[002;037H/[002;038Hi[002;039Hn[002;040Hi[002;041Ht[002;042H.[002;043He[002;044Hl[002;045Hf[002;046H`[002;047H.[002;048H.[002;049H.[002;050H[002;001H[003;001Hl[003;002Hi[003;003Hm[003;004Hi[003;005Hn[003;006He[003;007H:[003;008H [003;009HL[003;010Ho[003;011Ha[003;012Hd[003;013Hi[003;014Hn[003;015Hg[003;016H [003;017Hm[003;018Ho[003;019Hd[003;020Hu[003;021Hl[003;022He[003;023H [003;024H`[003;025Hb[003;026Ho[003;027Ho[003;028Ht[003;029H([003;030H)[003;031H:[003;032H/[003;033Hb[003;034Ho[003;035Ho[003;036Ht[003;037H/[003;038Hr[003;039Ha[003;040Hm[003;041Hf[003;042Hs[003;043H.[003;044He[003;045Hl[003;046Hf[003;047H`[003;048H.[003;049H.[003;050H.[003;051H[003;001H[004;001Hl[004;002Hi[004;003Hm[004;004Hi[004;005Hn[004;006He[004;007H:[004;008H [004;009HL[004;010Ho[004;011Ha[004;012Hd[004;013Hi[004;014Hn[004;015Hg[004;016H [004;017Hm[004;018Ho[004;019Hd[004;020Hu[004;021Hl[004;022He[004;023H [004;024H`[004;025Hb[004;026Ho[004;027Ho[004;028Ht[004;029H([004;030H)[004;031H:[004;032H/[004;033Hb[004;034Ho[004;035Ho[004;036Ht[004;037H/[004;038Hs[004;039Hc[004;040Hr[004;041Hi[004;042Hp[004;043Ht[004;044H_[004;045Hs[004;046He[004;047Hs[004;048Hs[004;049Hi[004;050Ho[004;051Hn[004;052H.[004;053He[004;054Hl[004;055Hf[004;056H`[004;057H.[004;058H.[004;059H.[004;060H[004;001H[005;001Hl[005;002Hi[005;003Hm[005;004Hi[005;005Hn[005;006He[005;007H:[005;008H [005;009HL[005;010Ho[005;011Ha[005;012Hd[005;013Hi[005;014Hn[005;015Hg[005;016H [005;017Hm[005;018Ho[005;019Hd[005;020Hu[005;021Hl[005;022He[005;023H [005;024H`[005;025Hb[005;026Ho[005;027Ho[005;028Ht[005;029H([005;030H)[005;031H:[005;032H/[005;033Hb[005;034Ho[005;035Ho[005;036Ht[005;037H/[005;038Hr[005;039Ha[005;040Hm[005;041Hf[005;042Hs[005;043H.[005;044Hi[005;045Hm[005;046Hg[005;047H`[005;048H.[005;049H.[005;050H.[005;051H[005;001H[006;001HGAXERA: BOOT_STACK_READY
GAXERA: DESCRIPTORS_AND_IDT_READY
GAXERA: BOOT_CONTEXT_READY kernel_phys=0x00000000196c4000 kernel_virt=0xffffffff80000000 rsdp_phys=0x000000001fb7e014
GAXERA: MEMMAP_BEGIN count=34
GAXERA: MEMMAP_REGION index=0 start=0x0000000000000000 end=0x0000000000087000 len=0x0000000000087000 source_type=0 class=usable allocator=eligible reservation=none
GAXERA: MEMMAP_REGION index=1 start=0x0000000000087000 end=0x0000000000088000 len=0x0000000000001000 source_type=5 class=bootloader-reclaimable allocator=ineligible reservation=none
GAXERA: MEMMAP_REGION index=2 start=0x0000000000088000 end=0x00000000000a0000 len=0x0000000000018000 source_type=0 class=usable allocator=eligible reservation=none
GAXERA: MEMMAP_REGION index=3 start=0x0000000000100000 end=0x0000000000800000 len=0x0000000000700000 source_type=0 class=usable allocator=eligible reservation=none
GAXERA: MEMMAP_REGION index=4 start=0x0000000000800000 end=0x0000000000808000 len=0x0000000000008000 source_type=3 class=acpi-nvs allocator=ineligible reservation=none
GAXERA: MEMMAP_REGION index=5 start=0x0000000000808000 end=0x000000000080b000 len=0x0000000000003000 source_type=0 class=usable allocator=eligible reservation=none
GAXERA: MEMMAP_REGION index=6 start=0x000000000080b000 end=0x000000000080c000 len=0x0000000000001000 source_type=3 class=acpi-nvs allocator=ineligible reservation=none
GAXERA: MEMMAP_REGION index=7 start=0x000000000080c000 end=0x0000000000814000 len=0x0000000000008000 source_type=0 class=usable allocator=eligible reservation=none
GAXERA: MEMMAP_REGION index=8 start=0x0000000000814000 end=0x0000000000900000 len=0x00000000000ec000 source_type=3 class=acpi-nvs allocator=ineligible reservation=none
GAXERA: MEMMAP_REGION index=9 start=0x0000000000900000 end=0x0000000001780000 len=0x0000000000e80000 source_type=5 class=bootloader-reclaimable allocator=ineligible reservation=none
GAXERA: MEMMAP_REGION index=10 start=0x0000000001780000 end=0x0000000018d20000 len=0x00000000175a0000 source_type=0 class=usable allocator=eligible reservation=none
GAXERA: MEMMAP_REGION index=11 start=0x0000000018d20000 end=0x0000000018d2d000 len=0x000000000000d000 source_type=5 class=bootloader-reclaimable allocator=ineligible reservation=none
GAXERA: MEMMAP_REGION index=12 start=0x0000000018d2d000 end=0x0000000018fdc000 len=0x00000000002af000 source_type=6 class=executable-and-modules allocator=ineligible reservation=none
GAXERA: MEMMAP_REGION index=13 start=0x0000000018fdc000 end=0x000000001928a000 len=0x00000000002ae000 source_type=6 class=executable-and-modules allocator=ineligible reservation=none
GAXERA: MEMMAP_REGION index=14 start=0x000000001928a000 end=0x00000000196c4000 len=0x000000000043a000 source_type=6 class=executable-and-modules allocator=ineligible reservation=none
GAXERA: MEMMAP_REGION index=15 start=0x00000000196c4000 end=0x0000000019830000 len=0x000000000016c000 source_type=6 class=executable-and-modules allocator=ineligible reservation=none
GAXERA: MEMMAP_REGION index=16 start=0x0000000019830000 end=0x000000001a66c000 len=0x0000000000e3c000 source_type=5 class=bootloader-reclaimable allocator=ineligible reservation=none
GAXERA: MEMMAP_REGION index=17 start=0x000000001a66c000 end=0x000000001bf6c000 len=0x0000000001900000 source_type=0 class=usable allocator=eligible reservation=none
GAXERA: MEMMAP_REGION index=18 start=0x000000001bf6c000 end=0x000000001bfaa000 len=0x000000000003e000 source_type=5 class=bootloader-reclaimable allocator=ineligible reservation=none
GAXERA: MEMMAP_REGION index=19 start=0x000000001bfaa000 end=0x000000001bfab000 len=0x0000000000001000 source_type=6 class=executable-and-modules allocator=ineligible reservation=none
GAXERA: MEMMAP_REGION index=20 start=0x000000001bfab000 end=0x000000001bfaf000 len=0x0000000000004000 source_type=5 class=bootloader-reclaimable allocator=ineligible reservation=none
GAXERA: MEMMAP_REGION index=21 start=0x000000001bfaf000 end=0x000000001e6a0000 len=0x00000000026f1000 source_type=0 class=usable allocator=eligible reservation=none
GAXERA: MEMMAP_REGION index=22 start=0x000000001e6a0000 end=0x000000001ed3f000 len=0x000000000069f000 source_type=5 class=bootloader-reclaimable allocator=ineligible reservation=none
GAXERA: MEMMAP_REGION index=23 start=0x000000001ed3f000 end=0x000000001ee00000 len=0x00000000000c1000 source_type=8 class=mapped-reserved allocator=ineligible reservation=none
GAXERA: MEMMAP_REGION index=24 start=0x000000001ee00000 end=0x000000001f8ed000 len=0x0000000000aed000 source_type=5 class=bootloader-reclaimable allocator=ineligible reservation=none
GAXERA: MEMMAP_REGION index=25 start=0x000000001f8ed000 end=0x000000001faed000 len=0x0000000000200000 source_type=8 class=mapped-reserved allocator=ineligible reservation=none
GAXERA: MEMMAP_REGION index=26 start=0x000000001faed000 end=0x000000001fb6d000 len=0x0000000000080000 source_type=1 class=reserved allocator=ineligible reservation=none
GAXERA: MEMMAP_REGION index=27 start=0x000000001fb6d000 end=0x000000001fb7f000 len=0x0000000000012000 source_type=2 class=acpi-reclaimable allocator=ineligible reservation=none
GAXERA: MEMMAP_REGION index=28 start=0x000000001fb7f000 end=0x000000001fbff000 len=0x0000000000080000 source_type=3 class=acpi-nvs allocator=ineligible reservation=none
GAXERA: MEMMAP_REGION index=29 start=0x000000001fbff000 end=0x000000001fef4000 len=0x00000000002f5000 source_type=5 class=bootloader-reclaimable allocator=ineligible reservation=none
GAXERA: MEMMAP_REGION index=30 start=0x000000001fef4000 end=0x000000001ff78000 len=0x0000000000084000 source_type=8 class=mapped-reserved allocator=ineligible reservation=none
GAXERA: MEMMAP_REGION index=31 start=0x000000001ff78000 end=0x0000000020000000 len=0x0000000000088000 source_type=3 class=acpi-nvs allocator=ineligible reservation=none
GAXERA: MEMMAP_REGION index=32 start=0x0000000080000000 end=0x00000000803e8000 len=0x00000000003e8000 source_type=7 class=framebuffer allocator=ineligible reservation=none
GAXERA: MEMMAP_REGION index=33 start=0x000000fd00000000 end=0x0000010000000000 len=0x0000000300000000 source_type=1 class=reserved allocator=ineligible reservation=none
GAXERA: MEMMAP_END
GAXERA: BOOTSTRAP_FRAME_ALLOCATOR_READY ranges=8
GAXERA: PAGING_HHDM_MAPPED
GAXERA: PAGING_TEXT_MAPPED
GAXERA: PAGING_FRAMEBUFFER_MAPPED
GAXERA: PAGE_TABLES_READY root=0x0000000000000000 reservations=3
GAXERA: CR3_GAXERA_OWNED
GAXERA: PHYSICAL_FRAME_ALLOCATOR_READY frames=113979 bitmap_words=1781
GAXERA: MEMORY_FOUNDATION_OK heap=0xfffffe8000001000 size=2097152 lower_guard=0xfffffe8000000000
GAXERA: KERNEL_ENTRY_OK
GAXERA: EXCEPTION_BREAKPOINT_CAUGHT ip=0xffffffff80018825
GAXERA: EXCEPTION_BREAKPOINT_RESUMED
Guest-confirmed QEMU test passed.
=== Building Gaxera Kernel ISO ===
     Removed 301 files, 128.8MiB total
Compiling kernel binary...
   Compiling kernel v0.1.0 (/home/nyx/gaxera/kernel)
    Finished `dev` profile [unoptimized + debuginfo] target(s) in 2.47s
Compiling guest binary (init)...
    Finished `dev` profile [unoptimized + debuginfo] target(s) in 0.03s
Assembling ISO directory structure...
Compiling ramfs binary...
    Finished `dev` profile [unoptimized + debuginfo] target(s) in 0.03s
Compiling script_session binary...
    Finished `dev` profile [unoptimized + debuginfo] target(s) in 0.03s
Packaging GaxFS ramfs.img...
Packaging bootable ISO image via xorriso...
xorriso 1.5.6 : RockRidge filesystem manipulator, libburnia project.

Drive current: -outdev 'stdio:target/gaxera.iso'
Media current: stdio file, overwriteable
Media status : is blank
Media summary: 0 sessions, 0 data blocks, 0 data,  943g free
Added to ISO image: directory '/'='/home/nyx/gaxera/target/iso_root'
xorriso : UPDATE :      16 files added in 1 seconds
xorriso : UPDATE :      16 files added in 1 seconds
ISO image produced: 14416 sectors
Written to medium : 14416 sectors at LBA 0
Writing to 'stdio:target/gaxera.iso' completed successfully.

Installing bootloader record sector...
Physical block size of 512 bytes.
Installing to GPT. Logical block size of 512 bytes.
Secondary header at LBA 0xe13f.
Secondary header valid.
Detected ISOHYBRID with a GUID partition table (GPT).
Converting to MBR for improved compatibility...
Conversion successful.
No active partition found, some systems may not boot.
Setting partition 1 as active to work around the issue...
Installing to MBR.
Stage 2 to be located at byte offset 0x200.
Reminder: Remember to copy the limine-bios.sys file in either
          the root, /boot, /limine, or /boot/limine directories of
          one of the partitions on the device, or boot will fail!
Limine BIOS stages installed successfully.
Gaxera packaging successfully compiled to target/gaxera.iso!
=== Launching QEMU Virtual Machine ===
OVMF UEFI firmware detected. Booting in UEFI mode.
Headless mode selected.
[2J[001;001H[=3h[2J[001;001H[2J[001;001H[8;056;240t[2J[001;001H[2J[001;001H[=3h[2J[001;001H[2J[001;001H[8;042;160t[2J[001;001HBdsDxe: loading Boot0002 "UEFI QEMU DVD-ROM QM00003 " from PciRoot(0x0)/Pci(0x1,0x1)/Ata(Secondary,Master,0x0)
BdsDxe: starting Boot0002 "UEFI QEMU DVD-ROM QM00003 " from PciRoot(0x0)/Pci(0x1,0x1)/Ata(Secondary,Master,0x0)
[001;001H[001;001H[001;001Hl[001;002Hi[001;003Hm[001;004Hi[001;005Hn[001;006He[001;007H:[001;008H [001;009HL[001;010Ho[001;011Ha[001;012Hd[001;013Hi[001;014Hn[001;015Hg[001;016H [001;017He[001;018Hx[001;019He[001;020Hc[001;021Hu[001;022Ht[001;023Ha[001;024Hb[001;025Hl[001;026He[001;027H [001;028H`[001;029Hb[001;030Ho[001;031Ho[001;032Ht[001;033H([001;034H)[001;035H:[001;036H/[001;037Hb[001;038Ho[001;039Ho[001;040Ht[001;041H/[001;042Hg[001;043Ha[001;044Hx[001;045He[001;046Hr[001;047Ha[001;048H.[001;049He[001;050Hl[001;051Hf[001;052H`[001;053H.[001;054H.[001;055H.[001;056H[001;001H[002;001Hl[002;002Hi[002;003Hm[002;004Hi[002;005Hn[002;006He[002;007H:[002;008H [002;009HL[002;010Ho[002;011Ha[002;012Hd[002;013Hi[002;014Hn[002;015Hg[002;016H [002;017Hm[002;018Ho[002;019Hd[002;020Hu[002;021Hl[002;022He[002;023H [002;024H`[002;025Hb[002;026Ho[002;027Ho[002;028Ht[002;029H([002;030H)[002;031H:[002;032H/[002;033Hb[002;034Ho[002;035Ho[002;036Ht[002;037H/[002;038Hi[002;039Hn[002;040Hi[002;041Ht[002;042H.[002;043He[002;044Hl[002;045Hf[002;046H`[002;047H.[002;048H.[002;049H.[002;050H[002;001H[003;001Hl[003;002Hi[003;003Hm[003;004Hi[003;005Hn[003;006He[003;007H:[003;008H [003;009HL[003;010Ho[003;011Ha[003;012Hd[003;013Hi[003;014Hn[003;015Hg[003;016H [003;017Hm[003;018Ho[003;019Hd[003;020Hu[003;021Hl[003;022He[003;023H [003;024H`[003;025Hb[003;026Ho[003;027Ho[003;028Ht[003;029H([003;030H)[003;031H:[003;032H/[003;033Hb[003;034Ho[003;035Ho[003;036Ht[003;037H/[003;038Hr[003;039Ha[003;040Hm[003;041Hf[003;042Hs[003;043H.[003;044He[003;045Hl[003;046Hf[003;047H`[003;048H.[003;049H.[003;050H.[003;051H[003;001H[004;001Hl[004;002Hi[004;003Hm[004;004Hi[004;005Hn[004;006He[004;007H:[004;008H [004;009HL[004;010Ho[004;011Ha[004;012Hd[004;013Hi[004;014Hn[004;015Hg[004;016H [004;017Hm[004;018Ho[004;019Hd[004;020Hu[004;021Hl[004;022He[004;023H [004;024H`[004;025Hb[004;026Ho[004;027Ho[004;028Ht[004;029H([004;030H)[004;031H:[004;032H/[004;033Hb[004;034Ho[004;035Ho[004;036Ht[004;037H/[004;038Hs[004;039Hc[004;040Hr[004;041Hi[004;042Hp[004;043Ht[004;044H_[004;045Hs[004;046He[004;047Hs[004;048Hs[004;049Hi[004;050Ho[004;051Hn[004;052H.[004;053He[004;054Hl[004;055Hf[004;056H`[004;057H.[004;058H.[004;059H.[004;060H[004;001H[005;001Hl[005;002Hi[005;003Hm[005;004Hi[005;005Hn[005;006He[005;007H:[005;008H [005;009HL[005;010Ho[005;011Ha[005;012Hd[005;013Hi[005;014Hn[005;015Hg[005;016H [005;017Hm[005;018Ho[005;019Hd[005;020Hu[005;021Hl[005;022He[005;023H [005;024H`[005;025Hb[005;026Ho[005;027Ho[005;028Ht[005;029H([005;030H)[005;031H:[005;032H/[005;033Hb[005;034Ho[005;035Ho[005;036Ht[005;037H/[005;038Hr[005;039Ha[005;040Hm[005;041Hf[005;042Hs[005;043H.[005;044Hi[005;045Hm[005;046Hg[005;047H`[005;048H.[005;049H.[005;050H.[005;051H[005;001H[006;001HGAXERA: BOOT_STACK_READY
GAXERA: DESCRIPTORS_AND_IDT_READY
GAXERA: BOOT_CONTEXT_READY kernel_phys=0x00000000196c4000 kernel_virt=0xffffffff80000000 rsdp_phys=0x000000001fb7e014
GAXERA: MEMMAP_BEGIN count=34
GAXERA: MEMMAP_REGION index=0 start=0x0000000000000000 end=0x0000000000087000 len=0x0000000000087000 source_type=0 class=usable allocator=eligible reservation=none
GAXERA: MEMMAP_REGION index=1 start=0x0000000000087000 end=0x0000000000088000 len=0x0000000000001000 source_type=5 class=bootloader-reclaimable allocator=ineligible reservation=none
GAXERA: MEMMAP_REGION index=2 start=0x0000000000088000 end=0x00000000000a0000 len=0x0000000000018000 source_type=0 class=usable allocator=eligible reservation=none
GAXERA: MEMMAP_REGION index=3 start=0x0000000000100000 end=0x0000000000800000 len=0x0000000000700000 source_type=0 class=usable allocator=eligible reservation=none
GAXERA: MEMMAP_REGION index=4 start=0x0000000000800000 end=0x0000000000808000 len=0x0000000000008000 source_type=3 class=acpi-nvs allocator=ineligible reservation=none
GAXERA: MEMMAP_REGION index=5 start=0x0000000000808000 end=0x000000000080b000 len=0x0000000000003000 source_type=0 class=usable allocator=eligible reservation=none
GAXERA: MEMMAP_REGION index=6 start=0x000000000080b000 end=0x000000000080c000 len=0x0000000000001000 source_type=3 class=acpi-nvs allocator=ineligible reservation=none
GAXERA: MEMMAP_REGION index=7 start=0x000000000080c000 end=0x0000000000814000 len=0x0000000000008000 source_type=0 class=usable allocator=eligible reservation=none
GAXERA: MEMMAP_REGION index=8 start=0x0000000000814000 end=0x0000000000900000 len=0x00000000000ec000 source_type=3 class=acpi-nvs allocator=ineligible reservation=none
GAXERA: MEMMAP_REGION index=9 start=0x0000000000900000 end=0x0000000001780000 len=0x0000000000e80000 source_type=5 class=bootloader-reclaimable allocator=ineligible reservation=none
GAXERA: MEMMAP_REGION index=10 start=0x0000000001780000 end=0x0000000018d20000 len=0x00000000175a0000 source_type=0 class=usable allocator=eligible reservation=none
GAXERA: MEMMAP_REGION index=11 start=0x0000000018d20000 end=0x0000000018d2d000 len=0x000000000000d000 source_type=5 class=bootloader-reclaimable allocator=ineligible reservation=none
GAXERA: MEMMAP_REGION index=12 start=0x0000000018d2d000 end=0x0000000018fdc000 len=0x00000000002af000 source_type=6 class=executable-and-modules allocator=ineligible reservation=none
GAXERA: MEMMAP_REGION index=13 start=0x0000000018fdc000 end=0x000000001928a000 len=0x00000000002ae000 source_type=6 class=executable-and-modules allocator=ineligible reservation=none
GAXERA: MEMMAP_REGION index=14 start=0x000000001928a000 end=0x00000000196c4000 len=0x000000000043a000 source_type=6 class=executable-and-modules allocator=ineligible reservation=none
GAXERA: MEMMAP_REGION index=15 start=0x00000000196c4000 end=0x0000000019830000 len=0x000000000016c000 source_type=6 class=executable-and-modules allocator=ineligible reservation=none
GAXERA: MEMMAP_REGION index=16 start=0x0000000019830000 end=0x000000001a66c000 len=0x0000000000e3c000 source_type=5 class=bootloader-reclaimable allocator=ineligible reservation=none
GAXERA: MEMMAP_REGION index=17 start=0x000000001a66c000 end=0x000000001bf6c000 len=0x0000000001900000 source_type=0 class=usable allocator=eligible reservation=none
GAXERA: MEMMAP_REGION index=18 start=0x000000001bf6c000 end=0x000000001bfaa000 len=0x000000000003e000 source_type=5 class=bootloader-reclaimable allocator=ineligible reservation=none
GAXERA: MEMMAP_REGION index=19 start=0x000000001bfaa000 end=0x000000001bfab000 len=0x0000000000001000 source_type=6 class=executable-and-modules allocator=ineligible reservation=none
GAXERA: MEMMAP_REGION index=20 start=0x000000001bfab000 end=0x000000001bfaf000 len=0x0000000000004000 source_type=5 class=bootloader-reclaimable allocator=ineligible reservation=none
GAXERA: MEMMAP_REGION index=21 start=0x000000001bfaf000 end=0x000000001e6a0000 len=0x00000000026f1000 source_type=0 class=usable allocator=eligible reservation=none
GAXERA: MEMMAP_REGION index=22 start=0x000000001e6a0000 end=0x000000001ed3f000 len=0x000000000069f000 source_type=5 class=bootloader-reclaimable allocator=ineligible reservation=none
GAXERA: MEMMAP_REGION index=23 start=0x000000001ed3f000 end=0x000000001ee00000 len=0x00000000000c1000 source_type=8 class=mapped-reserved allocator=ineligible reservation=none
GAXERA: MEMMAP_REGION index=24 start=0x000000001ee00000 end=0x000000001f8ed000 len=0x0000000000aed000 source_type=5 class=bootloader-reclaimable allocator=ineligible reservation=none
GAXERA: MEMMAP_REGION index=25 start=0x000000001f8ed000 end=0x000000001faed000 len=0x0000000000200000 source_type=8 class=mapped-reserved allocator=ineligible reservation=none
GAXERA: MEMMAP_REGION index=26 start=0x000000001faed000 end=0x000000001fb6d000 len=0x0000000000080000 source_type=1 class=reserved allocator=ineligible reservation=none
GAXERA: MEMMAP_REGION index=27 start=0x000000001fb6d000 end=0x000000001fb7f000 len=0x0000000000012000 source_type=2 class=acpi-reclaimable allocator=ineligible reservation=none
GAXERA: MEMMAP_REGION index=28 start=0x000000001fb7f000 end=0x000000001fbff000 len=0x0000000000080000 source_type=3 class=acpi-nvs allocator=ineligible reservation=none
GAXERA: MEMMAP_REGION index=29 start=0x000000001fbff000 end=0x000000001fef4000 len=0x00000000002f5000 source_type=5 class=bootloader-reclaimable allocator=ineligible reservation=none
GAXERA: MEMMAP_REGION index=30 start=0x000000001fef4000 end=0x000000001ff78000 len=0x0000000000084000 source_type=8 class=mapped-reserved allocator=ineligible reservation=none
GAXERA: MEMMAP_REGION index=31 start=0x000000001ff78000 end=0x0000000020000000 len=0x0000000000088000 source_type=3 class=acpi-nvs allocator=ineligible reservation=none
GAXERA: MEMMAP_REGION index=32 start=0x0000000080000000 end=0x00000000803e8000 len=0x00000000003e8000 source_type=7 class=framebuffer allocator=ineligible reservation=none
GAXERA: MEMMAP_REGION index=33 start=0x000000fd00000000 end=0x0000010000000000 len=0x0000000300000000 source_type=1 class=reserved allocator=ineligible reservation=none
GAXERA: MEMMAP_END
GAXERA: BOOTSTRAP_FRAME_ALLOCATOR_READY ranges=8
GAXERA: PAGING_HHDM_MAPPED
GAXERA: PAGING_TEXT_MAPPED
GAXERA: PAGING_FRAMEBUFFER_MAPPED
GAXERA: PAGE_TABLES_READY root=0x0000000000000000 reservations=3
GAXERA: CR3_GAXERA_OWNED
GAXERA: PHYSICAL_FRAME_ALLOCATOR_READY frames=113979 bitmap_words=1781
GAXERA: MEMORY_FOUNDATION_OK heap=0xfffffe8000001000 size=2097152 lower_guard=0xfffffe8000000000
GAXERA: KERNEL_ENTRY_OK
GAXERA: EXCEPTION_DIVIDE_ERROR_CAUGHT ip=0xffffffff800137ad
Guest-confirmed QEMU test passed.
=== Building Gaxera Kernel ISO ===
     Removed 301 files, 128.8MiB total
Compiling kernel binary...
   Compiling kernel v0.1.0 (/home/nyx/gaxera/kernel)
    Finished `dev` profile [unoptimized + debuginfo] target(s) in 2.54s
Compiling guest binary (init)...
    Finished `dev` profile [unoptimized + debuginfo] target(s) in 0.03s
Assembling ISO directory structure...
Compiling ramfs binary...
    Finished `dev` profile [unoptimized + debuginfo] target(s) in 0.04s
Compiling script_session binary...
    Finished `dev` profile [unoptimized + debuginfo] target(s) in 0.03s
Packaging GaxFS ramfs.img...
Packaging bootable ISO image via xorriso...
xorriso 1.5.6 : RockRidge filesystem manipulator, libburnia project.

Drive current: -outdev 'stdio:target/gaxera.iso'
Media current: stdio file, overwriteable
Media status : is blank
Media summary: 0 sessions, 0 data blocks, 0 data,  943g free
Added to ISO image: directory '/'='/home/nyx/gaxera/target/iso_root'
xorriso : UPDATE :      16 files added in 1 seconds
xorriso : UPDATE :      16 files added in 1 seconds
ISO image produced: 14416 sectors
Written to medium : 14416 sectors at LBA 0
Writing to 'stdio:target/gaxera.iso' completed successfully.

Installing bootloader record sector...
Physical block size of 512 bytes.
Installing to GPT. Logical block size of 512 bytes.
Secondary header at LBA 0xe13f.
Secondary header valid.
Detected ISOHYBRID with a GUID partition table (GPT).
Converting to MBR for improved compatibility...
Conversion successful.
No active partition found, some systems may not boot.
Setting partition 1 as active to work around the issue...
Installing to MBR.
Stage 2 to be located at byte offset 0x200.
Reminder: Remember to copy the limine-bios.sys file in either
          the root, /boot, /limine, or /boot/limine directories of
          one of the partitions on the device, or boot will fail!
Limine BIOS stages installed successfully.
Gaxera packaging successfully compiled to target/gaxera.iso!
=== Launching QEMU Virtual Machine ===
OVMF UEFI firmware detected. Booting in UEFI mode.
Headless mode selected.
[2J[001;001H[=3h[2J[001;001H[2J[001;001H[8;056;240t[2J[001;001H[2J[001;001H[=3h[2J[001;001H[2J[001;001H[8;042;160t[2J[001;001HBdsDxe: loading Boot0002 "UEFI QEMU DVD-ROM QM00003 " from PciRoot(0x0)/Pci(0x1,0x1)/Ata(Secondary,Master,0x0)
BdsDxe: starting Boot0002 "UEFI QEMU DVD-ROM QM00003 " from PciRoot(0x0)/Pci(0x1,0x1)/Ata(Secondary,Master,0x0)
[001;001H[001;001H[001;001Hl[001;002Hi[001;003Hm[001;004Hi[001;005Hn[001;006He[001;007H:[001;008H [001;009HL[001;010Ho[001;011Ha[001;012Hd[001;013Hi[001;014Hn[001;015Hg[001;016H [001;017He[001;018Hx[001;019He[001;020Hc[001;021Hu[001;022Ht[001;023Ha[001;024Hb[001;025Hl[001;026He[001;027H [001;028H`[001;029Hb[001;030Ho[001;031Ho[001;032Ht[001;033H([001;034H)[001;035H:[001;036H/[001;037Hb[001;038Ho[001;039Ho[001;040Ht[001;041H/[001;042Hg[001;043Ha[001;044Hx[001;045He[001;046Hr[001;047Ha[001;048H.[001;049He[001;050Hl[001;051Hf[001;052H`[001;053H.[001;054H.[001;055H.[001;056H[001;001H[002;001Hl[002;002Hi[002;003Hm[002;004Hi[002;005Hn[002;006He[002;007H:[002;008H [002;009HL[002;010Ho[002;011Ha[002;012Hd[002;013Hi[002;014Hn[002;015Hg[002;016H [002;017Hm[002;018Ho[002;019Hd[002;020Hu[002;021Hl[002;022He[002;023H [002;024H`[002;025Hb[002;026Ho[002;027Ho[002;028Ht[002;029H([002;030H)[002;031H:[002;032H/[002;033Hb[002;034Ho[002;035Ho[002;036Ht[002;037H/[002;038Hi[002;039Hn[002;040Hi[002;041Ht[002;042H.[002;043He[002;044Hl[002;045Hf[002;046H`[002;047H.[002;048H.[002;049H.[002;050H[002;001H[003;001Hl[003;002Hi[003;003Hm[003;004Hi[003;005Hn[003;006He[003;007H:[003;008H [003;009HL[003;010Ho[003;011Ha[003;012Hd[003;013Hi[003;014Hn[003;015Hg[003;016H [003;017Hm[003;018Ho[003;019Hd[003;020Hu[003;021Hl[003;022He[003;023H [003;024H`[003;025Hb[003;026Ho[003;027Ho[003;028Ht[003;029H([003;030H)[003;031H:[003;032H/[003;033Hb[003;034Ho[003;035Ho[003;036Ht[003;037H/[003;038Hr[003;039Ha[003;040Hm[003;041Hf[003;042Hs[003;043H.[003;044He[003;045Hl[003;046Hf[003;047H`[003;048H.[003;049H.[003;050H.[003;051H[003;001H[004;001Hl[004;002Hi[004;003Hm[004;004Hi[004;005Hn[004;006He[004;007H:[004;008H [004;009HL[004;010Ho[004;011Ha[004;012Hd[004;013Hi[004;014Hn[004;015Hg[004;016H [004;017Hm[004;018Ho[004;019Hd[004;020Hu[004;021Hl[004;022He[004;023H [004;024H`[004;025Hb[004;026Ho[004;027Ho[004;028Ht[004;029H([004;030H)[004;031H:[004;032H/[004;033Hb[004;034Ho[004;035Ho[004;036Ht[004;037H/[004;038Hs[004;039Hc[004;040Hr[004;041Hi[004;042Hp[004;043Ht[004;044H_[004;045Hs[004;046He[004;047Hs[004;048Hs[004;049Hi[004;050Ho[004;051Hn[004;052H.[004;053He[004;054Hl[004;055Hf[004;056H`[004;057H.[004;058H.[004;059H.[004;060H[004;001H[005;001Hl[005;002Hi[005;003Hm[005;004Hi[005;005Hn[005;006He[005;007H:[005;008H [005;009HL[005;010Ho[005;011Ha[005;012Hd[005;013Hi[005;014Hn[005;015Hg[005;016H [005;017Hm[005;018Ho[005;019Hd[005;020Hu[005;021Hl[005;022He[005;023H [005;024H`[005;025Hb[005;026Ho[005;027Ho[005;028Ht[005;029H([005;030H)[005;031H:[005;032H/[005;033Hb[005;034Ho[005;035Ho[005;036Ht[005;037H/[005;038Hr[005;039Ha[005;040Hm[005;041Hf[005;042Hs[005;043H.[005;044Hi[005;045Hm[005;046Hg[005;047H`[005;048H.[005;049H.[005;050H.[005;051H[005;001H[006;001HGAXERA: BOOT_STACK_READY
GAXERA: DESCRIPTORS_AND_IDT_READY
GAXERA: BOOT_CONTEXT_READY kernel_phys=0x00000000196c4000 kernel_virt=0xffffffff80000000 rsdp_phys=0x000000001fb7e014
GAXERA: MEMMAP_BEGIN count=34
GAXERA: MEMMAP_REGION index=0 start=0x0000000000000000 end=0x0000000000087000 len=0x0000000000087000 source_type=0 class=usable allocator=eligible reservation=none
GAXERA: MEMMAP_REGION index=1 start=0x0000000000087000 end=0x0000000000088000 len=0x0000000000001000 source_type=5 class=bootloader-reclaimable allocator=ineligible reservation=none
GAXERA: MEMMAP_REGION index=2 start=0x0000000000088000 end=0x00000000000a0000 len=0x0000000000018000 source_type=0 class=usable allocator=eligible reservation=none
GAXERA: MEMMAP_REGION index=3 start=0x0000000000100000 end=0x0000000000800000 len=0x0000000000700000 source_type=0 class=usable allocator=eligible reservation=none
GAXERA: MEMMAP_REGION index=4 start=0x0000000000800000 end=0x0000000000808000 len=0x0000000000008000 source_type=3 class=acpi-nvs allocator=ineligible reservation=none
GAXERA: MEMMAP_REGION index=5 start=0x0000000000808000 end=0x000000000080b000 len=0x0000000000003000 source_type=0 class=usable allocator=eligible reservation=none
GAXERA: MEMMAP_REGION index=6 start=0x000000000080b000 end=0x000000000080c000 len=0x0000000000001000 source_type=3 class=acpi-nvs allocator=ineligible reservation=none
GAXERA: MEMMAP_REGION index=7 start=0x000000000080c000 end=0x0000000000814000 len=0x0000000000008000 source_type=0 class=usable allocator=eligible reservation=none
GAXERA: MEMMAP_REGION index=8 start=0x0000000000814000 end=0x0000000000900000 len=0x00000000000ec000 source_type=3 class=acpi-nvs allocator=ineligible reservation=none
GAXERA: MEMMAP_REGION index=9 start=0x0000000000900000 end=0x0000000001780000 len=0x0000000000e80000 source_type=5 class=bootloader-reclaimable allocator=ineligible reservation=none
GAXERA: MEMMAP_REGION index=10 start=0x0000000001780000 end=0x0000000018d20000 len=0x00000000175a0000 source_type=0 class=usable allocator=eligible reservation=none
GAXERA: MEMMAP_REGION index=11 start=0x0000000018d20000 end=0x0000000018d2d000 len=0x000000000000d000 source_type=5 class=bootloader-reclaimable allocator=ineligible reservation=none
GAXERA: MEMMAP_REGION index=12 start=0x0000000018d2d000 end=0x0000000018fdc000 len=0x00000000002af000 source_type=6 class=executable-and-modules allocator=ineligible reservation=none
GAXERA: MEMMAP_REGION index=13 start=0x0000000018fdc000 end=0x000000001928a000 len=0x00000000002ae000 source_type=6 class=executable-and-modules allocator=ineligible reservation=none
GAXERA: MEMMAP_REGION index=14 start=0x000000001928a000 end=0x00000000196c4000 len=0x000000000043a000 source_type=6 class=executable-and-modules allocator=ineligible reservation=none
GAXERA: MEMMAP_REGION index=15 start=0x00000000196c4000 end=0x0000000019830000 len=0x000000000016c000 source_type=6 class=executable-and-modules allocator=ineligible reservation=none
GAXERA: MEMMAP_REGION index=16 start=0x0000000019830000 end=0x000000001a66c000 len=0x0000000000e3c000 source_type=5 class=bootloader-reclaimable allocator=ineligible reservation=none
GAXERA: MEMMAP_REGION index=17 start=0x000000001a66c000 end=0x000000001bf6c000 len=0x0000000001900000 source_type=0 class=usable allocator=eligible reservation=none
GAXERA: MEMMAP_REGION index=18 start=0x000000001bf6c000 end=0x000000001bfaa000 len=0x000000000003e000 source_type=5 class=bootloader-reclaimable allocator=ineligible reservation=none
GAXERA: MEMMAP_REGION index=19 start=0x000000001bfaa000 end=0x000000001bfab000 len=0x0000000000001000 source_type=6 class=executable-and-modules allocator=ineligible reservation=none
GAXERA: MEMMAP_REGION index=20 start=0x000000001bfab000 end=0x000000001bfaf000 len=0x0000000000004000 source_type=5 class=bootloader-reclaimable allocator=ineligible reservation=none
GAXERA: MEMMAP_REGION index=21 start=0x000000001bfaf000 end=0x000000001e6a0000 len=0x00000000026f1000 source_type=0 class=usable allocator=eligible reservation=none
GAXERA: MEMMAP_REGION index=22 start=0x000000001e6a0000 end=0x000000001ed3f000 len=0x000000000069f000 source_type=5 class=bootloader-reclaimable allocator=ineligible reservation=none
GAXERA: MEMMAP_REGION index=23 start=0x000000001ed3f000 end=0x000000001ee00000 len=0x00000000000c1000 source_type=8 class=mapped-reserved allocator=ineligible reservation=none
GAXERA: MEMMAP_REGION index=24 start=0x000000001ee00000 end=0x000000001f8ed000 len=0x0000000000aed000 source_type=5 class=bootloader-reclaimable allocator=ineligible reservation=none
GAXERA: MEMMAP_REGION index=25 start=0x000000001f8ed000 end=0x000000001faed000 len=0x0000000000200000 source_type=8 class=mapped-reserved allocator=ineligible reservation=none
GAXERA: MEMMAP_REGION index=26 start=0x000000001faed000 end=0x000000001fb6d000 len=0x0000000000080000 source_type=1 class=reserved allocator=ineligible reservation=none
GAXERA: MEMMAP_REGION index=27 start=0x000000001fb6d000 end=0x000000001fb7f000 len=0x0000000000012000 source_type=2 class=acpi-reclaimable allocator=ineligible reservation=none
GAXERA: MEMMAP_REGION index=28 start=0x000000001fb7f000 end=0x000000001fbff000 len=0x0000000000080000 source_type=3 class=acpi-nvs allocator=ineligible reservation=none
GAXERA: MEMMAP_REGION index=29 start=0x000000001fbff000 end=0x000000001fef4000 len=0x00000000002f5000 source_type=5 class=bootloader-reclaimable allocator=ineligible reservation=none
GAXERA: MEMMAP_REGION index=30 start=0x000000001fef4000 end=0x000000001ff78000 len=0x0000000000084000 source_type=8 class=mapped-reserved allocator=ineligible reservation=none
GAXERA: MEMMAP_REGION index=31 start=0x000000001ff78000 end=0x0000000020000000 len=0x0000000000088000 source_type=3 class=acpi-nvs allocator=ineligible reservation=none
GAXERA: MEMMAP_REGION index=32 start=0x0000000080000000 end=0x00000000803e8000 len=0x00000000003e8000 source_type=7 class=framebuffer allocator=ineligible reservation=none
GAXERA: MEMMAP_REGION index=33 start=0x000000fd00000000 end=0x0000010000000000 len=0x0000000300000000 source_type=1 class=reserved allocator=ineligible reservation=none
GAXERA: MEMMAP_END
GAXERA: BOOTSTRAP_FRAME_ALLOCATOR_READY ranges=8
GAXERA: PAGING_HHDM_MAPPED
GAXERA: PAGING_TEXT_MAPPED
GAXERA: PAGING_FRAMEBUFFER_MAPPED
GAXERA: PAGE_TABLES_READY root=0x0000000000000000 reservations=3
GAXERA: CR3_GAXERA_OWNED
GAXERA: PHYSICAL_FRAME_ALLOCATOR_READY frames=113979 bitmap_words=1781
GAXERA: MEMORY_FOUNDATION_OK heap=0xfffffe8000001000 size=2097152 lower_guard=0xfffffe8000000000
GAXERA: KERNEL_ENTRY_OK
GAXERA: EXCEPTION_INVALID_OPCODE_CAUGHT ip=0xffffffff8002c3a4
Guest-confirmed QEMU test passed.
=== Building Gaxera Kernel ISO ===
     Removed 301 files, 128.8MiB total
Compiling kernel binary...
   Compiling kernel v0.1.0 (/home/nyx/gaxera/kernel)
    Finished `dev` profile [unoptimized + debuginfo] target(s) in 2.46s
Compiling guest binary (init)...
    Finished `dev` profile [unoptimized + debuginfo] target(s) in 0.03s
Assembling ISO directory structure...
Compiling ramfs binary...
    Finished `dev` profile [unoptimized + debuginfo] target(s) in 0.03s
Compiling script_session binary...
    Finished `dev` profile [unoptimized + debuginfo] target(s) in 0.03s
Packaging GaxFS ramfs.img...
Packaging bootable ISO image via xorriso...
xorriso 1.5.6 : RockRidge filesystem manipulator, libburnia project.

Drive current: -outdev 'stdio:target/gaxera.iso'
Media current: stdio file, overwriteable
Media status : is blank
Media summary: 0 sessions, 0 data blocks, 0 data,  943g free
Added to ISO image: directory '/'='/home/nyx/gaxera/target/iso_root'
xorriso : UPDATE :      16 files added in 1 seconds
xorriso : UPDATE :      16 files added in 1 seconds
ISO image produced: 14416 sectors
Written to medium : 14416 sectors at LBA 0
Writing to 'stdio:target/gaxera.iso' completed successfully.

Installing bootloader record sector...
Physical block size of 512 bytes.
Installing to GPT. Logical block size of 512 bytes.
Secondary header at LBA 0xe13f.
Secondary header valid.
Detected ISOHYBRID with a GUID partition table (GPT).
Converting to MBR for improved compatibility...
Conversion successful.
No active partition found, some systems may not boot.
Setting partition 1 as active to work around the issue...
Installing to MBR.
Stage 2 to be located at byte offset 0x200.
Reminder: Remember to copy the limine-bios.sys file in either
          the root, /boot, /limine, or /boot/limine directories of
          one of the partitions on the device, or boot will fail!
Limine BIOS stages installed successfully.
Gaxera packaging successfully compiled to target/gaxera.iso!
=== Launching QEMU Virtual Machine ===
OVMF UEFI firmware detected. Booting in UEFI mode.
Headless mode selected.
[2J[001;001H[=3h[2J[001;001H[2J[001;001H[8;056;240t[2J[001;001H[2J[001;001H[=3h[2J[001;001H[2J[001;001H[8;042;160t[2J[001;001HBdsDxe: loading Boot0002 "UEFI QEMU DVD-ROM QM00003 " from PciRoot(0x0)/Pci(0x1,0x1)/Ata(Secondary,Master,0x0)
BdsDxe: starting Boot0002 "UEFI QEMU DVD-ROM QM00003 " from PciRoot(0x0)/Pci(0x1,0x1)/Ata(Secondary,Master,0x0)
[001;001H[001;001H[001;001Hl[001;002Hi[001;003Hm[001;004Hi[001;005Hn[001;006He[001;007H:[001;008H [001;009HL[001;010Ho[001;011Ha[001;012Hd[001;013Hi[001;014Hn[001;015Hg[001;016H [001;017He[001;018Hx[001;019He[001;020Hc[001;021Hu[001;022Ht[001;023Ha[001;024Hb[001;025Hl[001;026He[001;027H [001;028H`[001;029Hb[001;030Ho[001;031Ho[001;032Ht[001;033H([001;034H)[001;035H:[001;036H/[001;037Hb[001;038Ho[001;039Ho[001;040Ht[001;041H/[001;042Hg[001;043Ha[001;044Hx[001;045He[001;046Hr[001;047Ha[001;048H.[001;049He[001;050Hl[001;051Hf[001;052H`[001;053H.[001;054H.[001;055H.[001;056H[001;001H[002;001Hl[002;002Hi[002;003Hm[002;004Hi[002;005Hn[002;006He[002;007H:[002;008H [002;009HL[002;010Ho[002;011Ha[002;012Hd[002;013Hi[002;014Hn[002;015Hg[002;016H [002;017Hm[002;018Ho[002;019Hd[002;020Hu[002;021Hl[002;022He[002;023H [002;024H`[002;025Hb[002;026Ho[002;027Ho[002;028Ht[002;029H([002;030H)[002;031H:[002;032H/[002;033Hb[002;034Ho[002;035Ho[002;036Ht[002;037H/[002;038Hi[002;039Hn[002;040Hi[002;041Ht[002;042H.[002;043He[002;044Hl[002;045Hf[002;046H`[002;047H.[002;048H.[002;049H.[002;050H[002;001H[003;001Hl[003;002Hi[003;003Hm[003;004Hi[003;005Hn[003;006He[003;007H:[003;008H [003;009HL[003;010Ho[003;011Ha[003;012Hd[003;013Hi[003;014Hn[003;015Hg[003;016H [003;017Hm[003;018Ho[003;019Hd[003;020Hu[003;021Hl[003;022He[003;023H [003;024H`[003;025Hb[003;026Ho[003;027Ho[003;028Ht[003;029H([003;030H)[003;031H:[003;032H/[003;033Hb[003;034Ho[003;035Ho[003;036Ht[003;037H/[003;038Hr[003;039Ha[003;040Hm[003;041Hf[003;042Hs[003;043H.[003;044He[003;045Hl[003;046Hf[003;047H`[003;048H.[003;049H.[003;050H.[003;051H[003;001H[004;001Hl[004;002Hi[004;003Hm[004;004Hi[004;005Hn[004;006He[004;007H:[004;008H [004;009HL[004;010Ho[004;011Ha[004;012Hd[004;013Hi[004;014Hn[004;015Hg[004;016H [004;017Hm[004;018Ho[004;019Hd[004;020Hu[004;021Hl[004;022He[004;023H [004;024H`[004;025Hb[004;026Ho[004;027Ho[004;028Ht[004;029H([004;030H)[004;031H:[004;032H/[004;033Hb[004;034Ho[004;035Ho[004;036Ht[004;037H/[004;038Hs[004;039Hc[004;040Hr[004;041Hi[004;042Hp[004;043Ht[004;044H_[004;045Hs[004;046He[004;047Hs[004;048Hs[004;049Hi[004;050Ho[004;051Hn[004;052H.[004;053He[004;054Hl[004;055Hf[004;056H`[004;057H.[004;058H.[004;059H.[004;060H[004;001H[005;001Hl[005;002Hi[005;003Hm[005;004Hi[005;005Hn[005;006He[005;007H:[005;008H [005;009HL[005;010Ho[005;011Ha[005;012Hd[005;013Hi[005;014Hn[005;015Hg[005;016H [005;017Hm[005;018Ho[005;019Hd[005;020Hu[005;021Hl[005;022He[005;023H [005;024H`[005;025Hb[005;026Ho[005;027Ho[005;028Ht[005;029H([005;030H)[005;031H:[005;032H/[005;033Hb[005;034Ho[005;035Ho[005;036Ht[005;037H/[005;038Hr[005;039Ha[005;040Hm[005;041Hf[005;042Hs[005;043H.[005;044Hi[005;045Hm[005;046Hg[005;047H`[005;048H.[005;049H.[005;050H.[005;051H[005;001H[006;001HGAXERA: BOOT_STACK_READY
GAXERA: DESCRIPTORS_AND_IDT_READY
GAXERA: BOOT_CONTEXT_READY kernel_phys=0x00000000196c4000 kernel_virt=0xffffffff80000000 rsdp_phys=0x000000001fb7e014
GAXERA: MEMMAP_BEGIN count=34
GAXERA: MEMMAP_REGION index=0 start=0x0000000000000000 end=0x0000000000087000 len=0x0000000000087000 source_type=0 class=usable allocator=eligible reservation=none
GAXERA: MEMMAP_REGION index=1 start=0x0000000000087000 end=0x0000000000088000 len=0x0000000000001000 source_type=5 class=bootloader-reclaimable allocator=ineligible reservation=none
GAXERA: MEMMAP_REGION index=2 start=0x0000000000088000 end=0x00000000000a0000 len=0x0000000000018000 source_type=0 class=usable allocator=eligible reservation=none
GAXERA: MEMMAP_REGION index=3 start=0x0000000000100000 end=0x0000000000800000 len=0x0000000000700000 source_type=0 class=usable allocator=eligible reservation=none
GAXERA: MEMMAP_REGION index=4 start=0x0000000000800000 end=0x0000000000808000 len=0x0000000000008000 source_type=3 class=acpi-nvs allocator=ineligible reservation=none
GAXERA: MEMMAP_REGION index=5 start=0x0000000000808000 end=0x000000000080b000 len=0x0000000000003000 source_type=0 class=usable allocator=eligible reservation=none
GAXERA: MEMMAP_REGION index=6 start=0x000000000080b000 end=0x000000000080c000 len=0x0000000000001000 source_type=3 class=acpi-nvs allocator=ineligible reservation=none
GAXERA: MEMMAP_REGION index=7 start=0x000000000080c000 end=0x0000000000814000 len=0x0000000000008000 source_type=0 class=usable allocator=eligible reservation=none
GAXERA: MEMMAP_REGION index=8 start=0x0000000000814000 end=0x0000000000900000 len=0x00000000000ec000 source_type=3 class=acpi-nvs allocator=ineligible reservation=none
GAXERA: MEMMAP_REGION index=9 start=0x0000000000900000 end=0x0000000001780000 len=0x0000000000e80000 source_type=5 class=bootloader-reclaimable allocator=ineligible reservation=none
GAXERA: MEMMAP_REGION index=10 start=0x0000000001780000 end=0x0000000018d20000 len=0x00000000175a0000 source_type=0 class=usable allocator=eligible reservation=none
GAXERA: MEMMAP_REGION index=11 start=0x0000000018d20000 end=0x0000000018d2d000 len=0x000000000000d000 source_type=5 class=bootloader-reclaimable allocator=ineligible reservation=none
GAXERA: MEMMAP_REGION index=12 start=0x0000000018d2d000 end=0x0000000018fdc000 len=0x00000000002af000 source_type=6 class=executable-and-modules allocator=ineligible reservation=none
GAXERA: MEMMAP_REGION index=13 start=0x0000000018fdc000 end=0x000000001928a000 len=0x00000000002ae000 source_type=6 class=executable-and-modules allocator=ineligible reservation=none
GAXERA: MEMMAP_REGION index=14 start=0x000000001928a000 end=0x00000000196c4000 len=0x000000000043a000 source_type=6 class=executable-and-modules allocator=ineligible reservation=none
GAXERA: MEMMAP_REGION index=15 start=0x00000000196c4000 end=0x0000000019830000 len=0x000000000016c000 source_type=6 class=executable-and-modules allocator=ineligible reservation=none
GAXERA: MEMMAP_REGION index=16 start=0x0000000019830000 end=0x000000001a66c000 len=0x0000000000e3c000 source_type=5 class=bootloader-reclaimable allocator=ineligible reservation=none
GAXERA: MEMMAP_REGION index=17 start=0x000000001a66c000 end=0x000000001bf6c000 len=0x0000000001900000 source_type=0 class=usable allocator=eligible reservation=none
GAXERA: MEMMAP_REGION index=18 start=0x000000001bf6c000 end=0x000000001bfaa000 len=0x000000000003e000 source_type=5 class=bootloader-reclaimable allocator=ineligible reservation=none
GAXERA: MEMMAP_REGION index=19 start=0x000000001bfaa000 end=0x000000001bfab000 len=0x0000000000001000 source_type=6 class=executable-and-modules allocator=ineligible reservation=none
GAXERA: MEMMAP_REGION index=20 start=0x000000001bfab000 end=0x000000001bfaf000 len=0x0000000000004000 source_type=5 class=bootloader-reclaimable allocator=ineligible reservation=none
GAXERA: MEMMAP_REGION index=21 start=0x000000001bfaf000 end=0x000000001e6a0000 len=0x00000000026f1000 source_type=0 class=usable allocator=eligible reservation=none
GAXERA: MEMMAP_REGION index=22 start=0x000000001e6a0000 end=0x000000001ed3f000 len=0x000000000069f000 source_type=5 class=bootloader-reclaimable allocator=ineligible reservation=none
GAXERA: MEMMAP_REGION index=23 start=0x000000001ed3f000 end=0x000000001ee00000 len=0x00000000000c1000 source_type=8 class=mapped-reserved allocator=ineligible reservation=none
GAXERA: MEMMAP_REGION index=24 start=0x000000001ee00000 end=0x000000001f8ed000 len=0x0000000000aed000 source_type=5 class=bootloader-reclaimable allocator=ineligible reservation=none
GAXERA: MEMMAP_REGION index=25 start=0x000000001f8ed000 end=0x000000001faed000 len=0x0000000000200000 source_type=8 class=mapped-reserved allocator=ineligible reservation=none
GAXERA: MEMMAP_REGION index=26 start=0x000000001faed000 end=0x000000001fb6d000 len=0x0000000000080000 source_type=1 class=reserved allocator=ineligible reservation=none
GAXERA: MEMMAP_REGION index=27 start=0x000000001fb6d000 end=0x000000001fb7f000 len=0x0000000000012000 source_type=2 class=acpi-reclaimable allocator=ineligible reservation=none
GAXERA: MEMMAP_REGION index=28 start=0x000000001fb7f000 end=0x000000001fbff000 len=0x0000000000080000 source_type=3 class=acpi-nvs allocator=ineligible reservation=none
GAXERA: MEMMAP_REGION index=29 start=0x000000001fbff000 end=0x000000001fef4000 len=0x00000000002f5000 source_type=5 class=bootloader-reclaimable allocator=ineligible reservation=none
GAXERA: MEMMAP_REGION index=30 start=0x000000001fef4000 end=0x000000001ff78000 len=0x0000000000084000 source_type=8 class=mapped-reserved allocator=ineligible reservation=none
GAXERA: MEMMAP_REGION index=31 start=0x000000001ff78000 end=0x0000000020000000 len=0x0000000000088000 source_type=3 class=acpi-nvs allocator=ineligible reservation=none
GAXERA: MEMMAP_REGION index=32 start=0x0000000080000000 end=0x00000000803e8000 len=0x00000000003e8000 source_type=7 class=framebuffer allocator=ineligible reservation=none
GAXERA: MEMMAP_REGION index=33 start=0x000000fd00000000 end=0x0000010000000000 len=0x0000000300000000 source_type=1 class=reserved allocator=ineligible reservation=none
GAXERA: MEMMAP_END
GAXERA: BOOTSTRAP_FRAME_ALLOCATOR_READY ranges=8
GAXERA: PAGING_HHDM_MAPPED
GAXERA: PAGING_TEXT_MAPPED
GAXERA: PAGING_FRAMEBUFFER_MAPPED
GAXERA: PAGE_TABLES_READY root=0x0000000000000000 reservations=3
GAXERA: CR3_GAXERA_OWNED
GAXERA: PHYSICAL_FRAME_ALLOCATOR_READY frames=113979 bitmap_words=1781
GAXERA: MEMORY_FOUNDATION_OK heap=0xfffffe8000001000 size=2097152 lower_guard=0xfffffe8000000000
GAXERA: KERNEL_ENTRY_OK
GAXERA: EXCEPTION_GENERAL_PROTECTION_CAUGHT ip=0xffffffff800131e8 error=0xfffc
Guest-confirmed QEMU test passed.
=== Building Gaxera Kernel ISO ===
     Removed 301 files, 128.8MiB total
Compiling kernel binary...
   Compiling kernel v0.1.0 (/home/nyx/gaxera/kernel)
    Finished `dev` profile [unoptimized + debuginfo] target(s) in 2.53s
Compiling guest binary (init)...
    Finished `dev` profile [unoptimized + debuginfo] target(s) in 0.03s
Assembling ISO directory structure...
Compiling ramfs binary...
    Finished `dev` profile [unoptimized + debuginfo] target(s) in 0.03s
Compiling script_session binary...
    Finished `dev` profile [unoptimized + debuginfo] target(s) in 0.03s
Packaging GaxFS ramfs.img...
Packaging bootable ISO image via xorriso...
xorriso 1.5.6 : RockRidge filesystem manipulator, libburnia project.

Drive current: -outdev 'stdio:target/gaxera.iso'
Media current: stdio file, overwriteable
Media status : is blank
Media summary: 0 sessions, 0 data blocks, 0 data,  943g free
Added to ISO image: directory '/'='/home/nyx/gaxera/target/iso_root'
xorriso : UPDATE :      16 files added in 1 seconds
xorriso : UPDATE :      16 files added in 1 seconds
ISO image produced: 14416 sectors
Written to medium : 14416 sectors at LBA 0
Writing to 'stdio:target/gaxera.iso' completed successfully.

Installing bootloader record sector...
Physical block size of 512 bytes.
Installing to GPT. Logical block size of 512 bytes.
Secondary header at LBA 0xe13f.
Secondary header valid.
Detected ISOHYBRID with a GUID partition table (GPT).
Converting to MBR for improved compatibility...
Conversion successful.
No active partition found, some systems may not boot.
Setting partition 1 as active to work around the issue...
Installing to MBR.
Stage 2 to be located at byte offset 0x200.
Reminder: Remember to copy the limine-bios.sys file in either
          the root, /boot, /limine, or /boot/limine directories of
          one of the partitions on the device, or boot will fail!
Limine BIOS stages installed successfully.
Gaxera packaging successfully compiled to target/gaxera.iso!
=== Launching QEMU Virtual Machine ===
OVMF UEFI firmware detected. Booting in UEFI mode.
Headless mode selected.
[2J[001;001H[=3h[2J[001;001H[2J[001;001H[8;056;240t[2J[001;001H[2J[001;001H[=3h[2J[001;001H[2J[001;001H[8;042;160t[2J[001;001HBdsDxe: loading Boot0002 "UEFI QEMU DVD-ROM QM00003 " from PciRoot(0x0)/Pci(0x1,0x1)/Ata(Secondary,Master,0x0)
BdsDxe: starting Boot0002 "UEFI QEMU DVD-ROM QM00003 " from PciRoot(0x0)/Pci(0x1,0x1)/Ata(Secondary,Master,0x0)
[001;001H[001;001H[001;001Hl[001;002Hi[001;003Hm[001;004Hi[001;005Hn[001;006He[001;007H:[001;008H [001;009HL[001;010Ho[001;011Ha[001;012Hd[001;013Hi[001;014Hn[001;015Hg[001;016H [001;017He[001;018Hx[001;019He[001;020Hc[001;021Hu[001;022Ht[001;023Ha[001;024Hb[001;025Hl[001;026He[001;027H [001;028H`[001;029Hb[001;030Ho[001;031Ho[001;032Ht[001;033H([001;034H)[001;035H:[001;036H/[001;037Hb[001;038Ho[001;039Ho[001;040Ht[001;041H/[001;042Hg[001;043Ha[001;044Hx[001;045He[001;046Hr[001;047Ha[001;048H.[001;049He[001;050Hl[001;051Hf[001;052H`[001;053H.[001;054H.[001;055H.[001;056H[001;001H[002;001Hl[002;002Hi[002;003Hm[002;004Hi[002;005Hn[002;006He[002;007H:[002;008H [002;009HL[002;010Ho[002;011Ha[002;012Hd[002;013Hi[002;014Hn[002;015Hg[002;016H [002;017Hm[002;018Ho[002;019Hd[002;020Hu[002;021Hl[002;022He[002;023H [002;024H`[002;025Hb[002;026Ho[002;027Ho[002;028Ht[002;029H([002;030H)[002;031H:[002;032H/[002;033Hb[002;034Ho[002;035Ho[002;036Ht[002;037H/[002;038Hi[002;039Hn[002;040Hi[002;041Ht[002;042H.[002;043He[002;044Hl[002;045Hf[002;046H`[002;047H.[002;048H.[002;049H.[002;050H[002;001H[003;001Hl[003;002Hi[003;003Hm[003;004Hi[003;005Hn[003;006He[003;007H:[003;008H [003;009HL[003;010Ho[003;011Ha[003;012Hd[003;013Hi[003;014Hn[003;015Hg[003;016H [003;017Hm[003;018Ho[003;019Hd[003;020Hu[003;021Hl[003;022He[003;023H [003;024H`[003;025Hb[003;026Ho[003;027Ho[003;028Ht[003;029H([003;030H)[003;031H:[003;032H/[003;033Hb[003;034Ho[003;035Ho[003;036Ht[003;037H/[003;038Hr[003;039Ha[003;040Hm[003;041Hf[003;042Hs[003;043H.[003;044He[003;045Hl[003;046Hf[003;047H`[003;048H.[003;049H.[003;050H.[003;051H[003;001H[004;001Hl[004;002Hi[004;003Hm[004;004Hi[004;005Hn[004;006He[004;007H:[004;008H [004;009HL[004;010Ho[004;011Ha[004;012Hd[004;013Hi[004;014Hn[004;015Hg[004;016H [004;017Hm[004;018Ho[004;019Hd[004;020Hu[004;021Hl[004;022He[004;023H [004;024H`[004;025Hb[004;026Ho[004;027Ho[004;028Ht[004;029H([004;030H)[004;031H:[004;032H/[004;033Hb[004;034Ho[004;035Ho[004;036Ht[004;037H/[004;038Hs[004;039Hc[004;040Hr[004;041Hi[004;042Hp[004;043Ht[004;044H_[004;045Hs[004;046He[004;047Hs[004;048Hs[004;049Hi[004;050Ho[004;051Hn[004;052H.[004;053He[004;054Hl[004;055Hf[004;056H`[004;057H.[004;058H.[004;059H.[004;060H[004;001H[005;001Hl[005;002Hi[005;003Hm[005;004Hi[005;005Hn[005;006He[005;007H:[005;008H [005;009HL[005;010Ho[005;011Ha[005;012Hd[005;013Hi[005;014Hn[005;015Hg[005;016H [005;017Hm[005;018Ho[005;019Hd[005;020Hu[005;021Hl[005;022He[005;023H [005;024H`[005;025Hb[005;026Ho[005;027Ho[005;028Ht[005;029H([005;030H)[005;031H:[005;032H/[005;033Hb[005;034Ho[005;035Ho[005;036Ht[005;037H/[005;038Hr[005;039Ha[005;040Hm[005;041Hf[005;042Hs[005;043H.[005;044Hi[005;045Hm[005;046Hg[005;047H`[005;048H.[005;049H.[005;050H.[005;051H[005;001H[006;001HGAXERA: BOOT_STACK_READY
GAXERA: DESCRIPTORS_AND_IDT_READY
GAXERA: BOOT_CONTEXT_READY kernel_phys=0x00000000196c4000 kernel_virt=0xffffffff80000000 rsdp_phys=0x000000001fb7e014
GAXERA: MEMMAP_BEGIN count=34
GAXERA: MEMMAP_REGION index=0 start=0x0000000000000000 end=0x0000000000087000 len=0x0000000000087000 source_type=0 class=usable allocator=eligible reservation=none
GAXERA: MEMMAP_REGION index=1 start=0x0000000000087000 end=0x0000000000088000 len=0x0000000000001000 source_type=5 class=bootloader-reclaimable allocator=ineligible reservation=none
GAXERA: MEMMAP_REGION index=2 start=0x0000000000088000 end=0x00000000000a0000 len=0x0000000000018000 source_type=0 class=usable allocator=eligible reservation=none
GAXERA: MEMMAP_REGION index=3 start=0x0000000000100000 end=0x0000000000800000 len=0x0000000000700000 source_type=0 class=usable allocator=eligible reservation=none
GAXERA: MEMMAP_REGION index=4 start=0x0000000000800000 end=0x0000000000808000 len=0x0000000000008000 source_type=3 class=acpi-nvs allocator=ineligible reservation=none
GAXERA: MEMMAP_REGION index=5 start=0x0000000000808000 end=0x000000000080b000 len=0x0000000000003000 source_type=0 class=usable allocator=eligible reservation=none
GAXERA: MEMMAP_REGION index=6 start=0x000000000080b000 end=0x000000000080c000 len=0x0000000000001000 source_type=3 class=acpi-nvs allocator=ineligible reservation=none
GAXERA: MEMMAP_REGION index=7 start=0x000000000080c000 end=0x0000000000814000 len=0x0000000000008000 source_type=0 class=usable allocator=eligible reservation=none
GAXERA: MEMMAP_REGION index=8 start=0x0000000000814000 end=0x0000000000900000 len=0x00000000000ec000 source_type=3 class=acpi-nvs allocator=ineligible reservation=none
GAXERA: MEMMAP_REGION index=9 start=0x0000000000900000 end=0x0000000001780000 len=0x0000000000e80000 source_type=5 class=bootloader-reclaimable allocator=ineligible reservation=none
GAXERA: MEMMAP_REGION index=10 start=0x0000000001780000 end=0x0000000018d20000 len=0x00000000175a0000 source_type=0 class=usable allocator=eligible reservation=none
GAXERA: MEMMAP_REGION index=11 start=0x0000000018d20000 end=0x0000000018d2d000 len=0x000000000000d000 source_type=5 class=bootloader-reclaimable allocator=ineligible reservation=none
GAXERA: MEMMAP_REGION index=12 start=0x0000000018d2d000 end=0x0000000018fdc000 len=0x00000000002af000 source_type=6 class=executable-and-modules allocator=ineligible reservation=none
GAXERA: MEMMAP_REGION index=13 start=0x0000000018fdc000 end=0x000000001928a000 len=0x00000000002ae000 source_type=6 class=executable-and-modules allocator=ineligible reservation=none
GAXERA: MEMMAP_REGION index=14 start=0x000000001928a000 end=0x00000000196c4000 len=0x000000000043a000 source_type=6 class=executable-and-modules allocator=ineligible reservation=none
GAXERA: MEMMAP_REGION index=15 start=0x00000000196c4000 end=0x0000000019830000 len=0x000000000016c000 source_type=6 class=executable-and-modules allocator=ineligible reservation=none
GAXERA: MEMMAP_REGION index=16 start=0x0000000019830000 end=0x000000001a66c000 len=0x0000000000e3c000 source_type=5 class=bootloader-reclaimable allocator=ineligible reservation=none
GAXERA: MEMMAP_REGION index=17 start=0x000000001a66c000 end=0x000000001bf6c000 len=0x0000000001900000 source_type=0 class=usable allocator=eligible reservation=none
GAXERA: MEMMAP_REGION index=18 start=0x000000001bf6c000 end=0x000000001bfaa000 len=0x000000000003e000 source_type=5 class=bootloader-reclaimable allocator=ineligible reservation=none
GAXERA: MEMMAP_REGION index=19 start=0x000000001bfaa000 end=0x000000001bfab000 len=0x0000000000001000 source_type=6 class=executable-and-modules allocator=ineligible reservation=none
GAXERA: MEMMAP_REGION index=20 start=0x000000001bfab000 end=0x000000001bfaf000 len=0x0000000000004000 source_type=5 class=bootloader-reclaimable allocator=ineligible reservation=none
GAXERA: MEMMAP_REGION index=21 start=0x000000001bfaf000 end=0x000000001e6a0000 len=0x00000000026f1000 source_type=0 class=usable allocator=eligible reservation=none
GAXERA: MEMMAP_REGION index=22 start=0x000000001e6a0000 end=0x000000001ed3f000 len=0x000000000069f000 source_type=5 class=bootloader-reclaimable allocator=ineligible reservation=none
GAXERA: MEMMAP_REGION index=23 start=0x000000001ed3f000 end=0x000000001ee00000 len=0x00000000000c1000 source_type=8 class=mapped-reserved allocator=ineligible reservation=none
GAXERA: MEMMAP_REGION index=24 start=0x000000001ee00000 end=0x000000001f8ed000 len=0x0000000000aed000 source_type=5 class=bootloader-reclaimable allocator=ineligible reservation=none
GAXERA: MEMMAP_REGION index=25 start=0x000000001f8ed000 end=0x000000001faed000 len=0x0000000000200000 source_type=8 class=mapped-reserved allocator=ineligible reservation=none
GAXERA: MEMMAP_REGION index=26 start=0x000000001faed000 end=0x000000001fb6d000 len=0x0000000000080000 source_type=1 class=reserved allocator=ineligible reservation=none
GAXERA: MEMMAP_REGION index=27 start=0x000000001fb6d000 end=0x000000001fb7f000 len=0x0000000000012000 source_type=2 class=acpi-reclaimable allocator=ineligible reservation=none
GAXERA: MEMMAP_REGION index=28 start=0x000000001fb7f000 end=0x000000001fbff000 len=0x0000000000080000 source_type=3 class=acpi-nvs allocator=ineligible reservation=none
GAXERA: MEMMAP_REGION index=29 start=0x000000001fbff000 end=0x000000001fef4000 len=0x00000000002f5000 source_type=5 class=bootloader-reclaimable allocator=ineligible reservation=none
GAXERA: MEMMAP_REGION index=30 start=0x000000001fef4000 end=0x000000001ff78000 len=0x0000000000084000 source_type=8 class=mapped-reserved allocator=ineligible reservation=none
GAXERA: MEMMAP_REGION index=31 start=0x000000001ff78000 end=0x0000000020000000 len=0x0000000000088000 source_type=3 class=acpi-nvs allocator=ineligible reservation=none
GAXERA: MEMMAP_REGION index=32 start=0x0000000080000000 end=0x00000000803e8000 len=0x00000000003e8000 source_type=7 class=framebuffer allocator=ineligible reservation=none
GAXERA: MEMMAP_REGION index=33 start=0x000000fd00000000 end=0x0000010000000000 len=0x0000000300000000 source_type=1 class=reserved allocator=ineligible reservation=none
GAXERA: MEMMAP_END
GAXERA: BOOTSTRAP_FRAME_ALLOCATOR_READY ranges=8
GAXERA: PAGING_HHDM_MAPPED
GAXERA: PAGING_TEXT_MAPPED
GAXERA: PAGING_FRAMEBUFFER_MAPPED
GAXERA: PAGE_TABLES_READY root=0x0000000000000000 reservations=3
GAXERA: CR3_GAXERA_OWNED
GAXERA: PHYSICAL_FRAME_ALLOCATOR_READY frames=113979 bitmap_words=1781
GAXERA: MEMORY_FOUNDATION_OK heap=0xfffffe8000001000 size=2097152 lower_guard=0xfffffe8000000000
GAXERA: KERNEL_ENTRY_OK
GAXERA: EXCEPTION_PAGE_FAULT_CAUGHT ip=0xffffffff8001c58e cr2=0x0000400000000000 error=PageFaultErrorCode(0x0)
Guest-confirmed QEMU test passed.
=== Building Gaxera Kernel ISO ===
     Removed 301 files, 128.8MiB total
Compiling kernel binary...
   Compiling kernel v0.1.0 (/home/nyx/gaxera/kernel)
    Finished `dev` profile [unoptimized + debuginfo] target(s) in 2.42s
Compiling guest binary (init)...
    Finished `dev` profile [unoptimized + debuginfo] target(s) in 0.04s
Assembling ISO directory structure...
Compiling ramfs binary...
    Finished `dev` profile [unoptimized + debuginfo] target(s) in 0.03s
Compiling script_session binary...
    Finished `dev` profile [unoptimized + debuginfo] target(s) in 0.03s
Packaging GaxFS ramfs.img...
Packaging bootable ISO image via xorriso...
xorriso 1.5.6 : RockRidge filesystem manipulator, libburnia project.

Drive current: -outdev 'stdio:target/gaxera.iso'
Media current: stdio file, overwriteable
Media status : is blank
Media summary: 0 sessions, 0 data blocks, 0 data,  943g free
Added to ISO image: directory '/'='/home/nyx/gaxera/target/iso_root'
xorriso : UPDATE :      16 files added in 1 seconds
xorriso : UPDATE :      16 files added in 1 seconds
ISO image produced: 14401 sectors
Written to medium : 14401 sectors at LBA 0
Writing to 'stdio:target/gaxera.iso' completed successfully.

Installing bootloader record sector...
Physical block size of 512 bytes.
Installing to GPT. Logical block size of 512 bytes.
Secondary header at LBA 0xe103.
Secondary header valid.
Detected ISOHYBRID with a GUID partition table (GPT).
Converting to MBR for improved compatibility...
Conversion successful.
No active partition found, some systems may not boot.
Setting partition 1 as active to work around the issue...
Installing to MBR.
Stage 2 to be located at byte offset 0x200.
Reminder: Remember to copy the limine-bios.sys file in either
          the root, /boot, /limine, or /boot/limine directories of
          one of the partitions on the device, or boot will fail!
Limine BIOS stages installed successfully.
Gaxera packaging successfully compiled to target/gaxera.iso!
=== Launching QEMU Virtual Machine ===
OVMF UEFI firmware detected. Booting in UEFI mode.
Headless mode selected.
[2J[001;001H[=3h[2J[001;001H[2J[001;001H[8;056;240t[2J[001;001H[2J[001;001H[=3h[2J[001;001H[2J[001;001H[8;042;160t[2J[001;001HBdsDxe: loading Boot0002 "UEFI QEMU DVD-ROM QM00003 " from PciRoot(0x0)/Pci(0x1,0x1)/Ata(Secondary,Master,0x0)
BdsDxe: starting Boot0002 "UEFI QEMU DVD-ROM QM00003 " from PciRoot(0x0)/Pci(0x1,0x1)/Ata(Secondary,Master,0x0)
[001;001H[001;001H[001;001Hl[001;002Hi[001;003Hm[001;004Hi[001;005Hn[001;006He[001;007H:[001;008H [001;009HL[001;010Ho[001;011Ha[001;012Hd[001;013Hi[001;014Hn[001;015Hg[001;016H [001;017He[001;018Hx[001;019He[001;020Hc[001;021Hu[001;022Ht[001;023Ha[001;024Hb[001;025Hl[001;026He[001;027H [001;028H`[001;029Hb[001;030Ho[001;031Ho[001;032Ht[001;033H([001;034H)[001;035H:[001;036H/[001;037Hb[001;038Ho[001;039Ho[001;040Ht[001;041H/[001;042Hg[001;043Ha[001;044Hx[001;045He[001;046Hr[001;047Ha[001;048H.[001;049He[001;050Hl[001;051Hf[001;052H`[001;053H.[001;054H.[001;055H.[001;056H[001;001H[002;001Hl[002;002Hi[002;003Hm[002;004Hi[002;005Hn[002;006He[002;007H:[002;008H [002;009HL[002;010Ho[002;011Ha[002;012Hd[002;013Hi[002;014Hn[002;015Hg[002;016H [002;017Hm[002;018Ho[002;019Hd[002;020Hu[002;021Hl[002;022He[002;023H [002;024H`[002;025Hb[002;026Ho[002;027Ho[002;028Ht[002;029H([002;030H)[002;031H:[002;032H/[002;033Hb[002;034Ho[002;035Ho[002;036Ht[002;037H/[002;038Hi[002;039Hn[002;040Hi[002;041Ht[002;042H.[002;043He[002;044Hl[002;045Hf[002;046H`[002;047H.[002;048H.[002;049H.[002;050H[002;001H[003;001Hl[003;002Hi[003;003Hm[003;004Hi[003;005Hn[003;006He[003;007H:[003;008H [003;009HL[003;010Ho[003;011Ha[003;012Hd[003;013Hi[003;014Hn[003;015Hg[003;016H [003;017Hm[003;018Ho[003;019Hd[003;020Hu[003;021Hl[003;022He[003;023H [003;024H`[003;025Hb[003;026Ho[003;027Ho[003;028Ht[003;029H([003;030H)[003;031H:[003;032H/[003;033Hb[003;034Ho[003;035Ho[003;036Ht[003;037H/[003;038Hr[003;039Ha[003;040Hm[003;041Hf[003;042Hs[003;043H.[003;044He[003;045Hl[003;046Hf[003;047H`[003;048H.[003;049H.[003;050H.[003;051H[003;001H[004;001Hl[004;002Hi[004;003Hm[004;004Hi[004;005Hn[004;006He[004;007H:[004;008H [004;009HL[004;010Ho[004;011Ha[004;012Hd[004;013Hi[004;014Hn[004;015Hg[004;016H [004;017Hm[004;018Ho[004;019Hd[004;020Hu[004;021Hl[004;022He[004;023H [004;024H`[004;025Hb[004;026Ho[004;027Ho[004;028Ht[004;029H([004;030H)[004;031H:[004;032H/[004;033Hb[004;034Ho[004;035Ho[004;036Ht[004;037H/[004;038Hs[004;039Hc[004;040Hr[004;041Hi[004;042Hp[004;043Ht[004;044H_[004;045Hs[004;046He[004;047Hs[004;048Hs[004;049Hi[004;050Ho[004;051Hn[004;052H.[004;053He[004;054Hl[004;055Hf[004;056H`[004;057H.[004;058H.[004;059H.[004;060H[004;001H[005;001Hl[005;002Hi[005;003Hm[005;004Hi[005;005Hn[005;006He[005;007H:[005;008H [005;009HL[005;010Ho[005;011Ha[005;012Hd[005;013Hi[005;014Hn[005;015Hg[005;016H [005;017Hm[005;018Ho[005;019Hd[005;020Hu[005;021Hl[005;022He[005;023H [005;024H`[005;025Hb[005;026Ho[005;027Ho[005;028Ht[005;029H([005;030H)[005;031H:[005;032H/[005;033Hb[005;034Ho[005;035Ho[005;036Ht[005;037H/[005;038Hr[005;039Ha[005;040Hm[005;041Hf[005;042Hs[005;043H.[005;044Hi[005;045Hm[005;046Hg[005;047H`[005;048H.[005;049H.[005;050H.[005;051H[005;001H[006;001HGAXERA: BOOT_STACK_READY
GAXERA: DESCRIPTORS_AND_IDT_READY
GAXERA: BOOT_CONTEXT_READY kernel_phys=0x00000000196cc000 kernel_virt=0xffffffff80000000 rsdp_phys=0x000000001fb7e014
GAXERA: MEMMAP_BEGIN count=34
GAXERA: MEMMAP_REGION index=0 start=0x0000000000000000 end=0x0000000000087000 len=0x0000000000087000 source_type=0 class=usable allocator=eligible reservation=none
GAXERA: MEMMAP_REGION index=1 start=0x0000000000087000 end=0x0000000000088000 len=0x0000000000001000 source_type=5 class=bootloader-reclaimable allocator=ineligible reservation=none
GAXERA: MEMMAP_REGION index=2 start=0x0000000000088000 end=0x00000000000a0000 len=0x0000000000018000 source_type=0 class=usable allocator=eligible reservation=none
GAXERA: MEMMAP_REGION index=3 start=0x0000000000100000 end=0x0000000000800000 len=0x0000000000700000 source_type=0 class=usable allocator=eligible reservation=none
GAXERA: MEMMAP_REGION index=4 start=0x0000000000800000 end=0x0000000000808000 len=0x0000000000008000 source_type=3 class=acpi-nvs allocator=ineligible reservation=none
GAXERA: MEMMAP_REGION index=5 start=0x0000000000808000 end=0x000000000080b000 len=0x0000000000003000 source_type=0 class=usable allocator=eligible reservation=none
GAXERA: MEMMAP_REGION index=6 start=0x000000000080b000 end=0x000000000080c000 len=0x0000000000001000 source_type=3 class=acpi-nvs allocator=ineligible reservation=none
GAXERA: MEMMAP_REGION index=7 start=0x000000000080c000 end=0x0000000000814000 len=0x0000000000008000 source_type=0 class=usable allocator=eligible reservation=none
GAXERA: MEMMAP_REGION index=8 start=0x0000000000814000 end=0x0000000000900000 len=0x00000000000ec000 source_type=3 class=acpi-nvs allocator=ineligible reservation=none
GAXERA: MEMMAP_REGION index=9 start=0x0000000000900000 end=0x0000000001780000 len=0x0000000000e80000 source_type=5 class=bootloader-reclaimable allocator=ineligible reservation=none
GAXERA: MEMMAP_REGION index=10 start=0x0000000001780000 end=0x0000000018d28000 len=0x00000000175a8000 source_type=0 class=usable allocator=eligible reservation=none
GAXERA: MEMMAP_REGION index=11 start=0x0000000018d28000 end=0x0000000018d35000 len=0x000000000000d000 source_type=5 class=bootloader-reclaimable allocator=ineligible reservation=none
GAXERA: MEMMAP_REGION index=12 start=0x0000000018d35000 end=0x0000000018fe4000 len=0x00000000002af000 source_type=6 class=executable-and-modules allocator=ineligible reservation=none
GAXERA: MEMMAP_REGION index=13 start=0x0000000018fe4000 end=0x0000000019292000 len=0x00000000002ae000 source_type=6 class=executable-and-modules allocator=ineligible reservation=none
GAXERA: MEMMAP_REGION index=14 start=0x0000000019292000 end=0x00000000196cc000 len=0x000000000043a000 source_type=6 class=executable-and-modules allocator=ineligible reservation=none
GAXERA: MEMMAP_REGION index=15 start=0x00000000196cc000 end=0x0000000019837000 len=0x000000000016b000 source_type=6 class=executable-and-modules allocator=ineligible reservation=none
GAXERA: MEMMAP_REGION index=16 start=0x0000000019837000 end=0x000000001a66c000 len=0x0000000000e35000 source_type=5 class=bootloader-reclaimable allocator=ineligible reservation=none
GAXERA: MEMMAP_REGION index=17 start=0x000000001a66c000 end=0x000000001bf6c000 len=0x0000000001900000 source_type=0 class=usable allocator=eligible reservation=none
GAXERA: MEMMAP_REGION index=18 start=0x000000001bf6c000 end=0x000000001bfaa000 len=0x000000000003e000 source_type=5 class=bootloader-reclaimable allocator=ineligible reservation=none
GAXERA: MEMMAP_REGION index=19 start=0x000000001bfaa000 end=0x000000001bfab000 len=0x0000000000001000 source_type=6 class=executable-and-modules allocator=ineligible reservation=none
GAXERA: MEMMAP_REGION index=20 start=0x000000001bfab000 end=0x000000001bfaf000 len=0x0000000000004000 source_type=5 class=bootloader-reclaimable allocator=ineligible reservation=none
GAXERA: MEMMAP_REGION index=21 start=0x000000001bfaf000 end=0x000000001e6a0000 len=0x00000000026f1000 source_type=0 class=usable allocator=eligible reservation=none
GAXERA: MEMMAP_REGION index=22 start=0x000000001e6a0000 end=0x000000001ed3f000 len=0x000000000069f000 source_type=5 class=bootloader-reclaimable allocator=ineligible reservation=none
GAXERA: MEMMAP_REGION index=23 start=0x000000001ed3f000 end=0x000000001ee00000 len=0x00000000000c1000 source_type=8 class=mapped-reserved allocator=ineligible reservation=none
GAXERA: MEMMAP_REGION index=24 start=0x000000001ee00000 end=0x000000001f8ed000 len=0x0000000000aed000 source_type=5 class=bootloader-reclaimable allocator=ineligible reservation=none
GAXERA: MEMMAP_REGION index=25 start=0x000000001f8ed000 end=0x000000001faed000 len=0x0000000000200000 source_type=8 class=mapped-reserved allocator=ineligible reservation=none
GAXERA: MEMMAP_REGION index=26 start=0x000000001faed000 end=0x000000001fb6d000 len=0x0000000000080000 source_type=1 class=reserved allocator=ineligible reservation=none
GAXERA: MEMMAP_REGION index=27 start=0x000000001fb6d000 end=0x000000001fb7f000 len=0x0000000000012000 source_type=2 class=acpi-reclaimable allocator=ineligible reservation=none
GAXERA: MEMMAP_REGION index=28 start=0x000000001fb7f000 end=0x000000001fbff000 len=0x0000000000080000 source_type=3 class=acpi-nvs allocator=ineligible reservation=none
GAXERA: MEMMAP_REGION index=29 start=0x000000001fbff000 end=0x000000001fef4000 len=0x00000000002f5000 source_type=5 class=bootloader-reclaimable allocator=ineligible reservation=none
GAXERA: MEMMAP_REGION index=30 start=0x000000001fef4000 end=0x000000001ff78000 len=0x0000000000084000 source_type=8 class=mapped-reserved allocator=ineligible reservation=none
GAXERA: MEMMAP_REGION index=31 start=0x000000001ff78000 end=0x0000000020000000 len=0x0000000000088000 source_type=3 class=acpi-nvs allocator=ineligible reservation=none
GAXERA: MEMMAP_REGION index=32 start=0x0000000080000000 end=0x00000000803e8000 len=0x00000000003e8000 source_type=7 class=framebuffer allocator=ineligible reservation=none
GAXERA: MEMMAP_REGION index=33 start=0x000000fd00000000 end=0x0000010000000000 len=0x0000000300000000 source_type=1 class=reserved allocator=ineligible reservation=none
GAXERA: MEMMAP_END
GAXERA: BOOTSTRAP_FRAME_ALLOCATOR_READY ranges=8
GAXERA: PAGING_HHDM_MAPPED
GAXERA: PAGING_TEXT_MAPPED
GAXERA: PAGING_FRAMEBUFFER_MAPPED
GAXERA: PAGE_TABLES_READY root=0x0000000000000000 reservations=3
GAXERA: CR3_GAXERA_OWNED
GAXERA: PHYSICAL_FRAME_ALLOCATOR_READY frames=113987 bitmap_words=1782
GAXERA: MEMORY_FOUNDATION_OK heap=0xfffffe8000001000 size=2097152 lower_guard=0xfffffe8000000000
GAXERA: KERNEL_ENTRY_OK
GAXERA: EXCEPTION_DOUBLE_FAULT_IST_CAUGHT ip=0xffffffff8004713e error=0x0 rsp=0xffffffff80165ea0
Guest-confirmed QEMU test passed.
Restoring the normal kernel ISO after test-only builds...
=== Building Gaxera Kernel ISO ===
     Removed 300 files, 128.5MiB total
Compiling kernel binary...
   Compiling kernel v0.1.0 (/home/nyx/gaxera/kernel)
    Finished `dev` profile [unoptimized + debuginfo] target(s) in 2.52s
Compiling guest binary (init)...
    Finished `dev` profile [unoptimized + debuginfo] target(s) in 0.04s
Assembling ISO directory structure...
Compiling ramfs binary...
    Finished `dev` profile [unoptimized + debuginfo] target(s) in 0.04s
Compiling script_session binary...
    Finished `dev` profile [unoptimized + debuginfo] target(s) in 0.03s
Packaging GaxFS ramfs.img...
Packaging bootable ISO image via xorriso...
xorriso 1.5.6 : RockRidge filesystem manipulator, libburnia project.

Drive current: -outdev 'stdio:target/gaxera.iso'
Media current: stdio file, overwriteable
Media status : is blank
Media summary: 0 sessions, 0 data blocks, 0 data,  943g free
Added to ISO image: directory '/'='/home/nyx/gaxera/target/iso_root'
xorriso : UPDATE :      16 files added in 1 seconds
xorriso : UPDATE :      16 files added in 1 seconds
ISO image produced: 14572 sectors
Written to medium : 14572 sectors at LBA 0
Writing to 'stdio:target/gaxera.iso' completed successfully.

Installing bootloader record sector...
Physical block size of 512 bytes.
Installing to GPT. Logical block size of 512 bytes.
Secondary header at LBA 0xe3af.
Secondary header valid.
Detected ISOHYBRID with a GUID partition table (GPT).
Converting to MBR for improved compatibility...
Conversion successful.
No active partition found, some systems may not boot.
Setting partition 1 as active to work around the issue...
Installing to MBR.
Stage 2 to be located at byte offset 0x200.
Reminder: Remember to copy the limine-bios.sys file in either
          the root, /boot, /limine, or /boot/limine directories of
          one of the partitions on the device, or boot will fail!
Limine BIOS stages installed successfully.
Gaxera packaging successfully compiled to target/gaxera.iso!
All verification checks passed successfully!
